,word,frequency
5,stream,150
232,hd,149
139,like,149
18,free,146
1,want,121
620,sex,112
112,people,106
2,know,106
314,mobile,97
692,watch,96
166,need,96
363,yes,96
410,legal,95
266,right,92
537,money,89
114,check,89
219,way,88
25,live,88
4,sd,87
102,rape,85
29,illegal,79
1239,law,77
362,english,76
120,good,75
910,think,74
229,help,73
282,tell,72
189,time,70
90,use,66
145,best,66
50,going,65
330,police,63
454,new,61
147,find,60
207,pay,59
320,vs,57
97,child,55
551,online,53
608,sure,53
7,link,51
683,got,51
941,great,51
171,guy,50
549,girl,50
247,lawyer,50
250,case,49
121,quality,45
418,man,45
23,buy,44
254,year,44
1074,probably,44
1240,person,43
13,come,43
623,nt,43
419,fuck,43
587,look,43
989,site,42
75,sue,42
44,maybe,42
237,pokemon,41
245,work,41
693,video,41
9,try,41
497,let,41
1309,contact,40
230,ads,39
1460,page,39
164,said,39
522,post,39
991,shit,39
103,old,38
583,oh,38
17,code,38
175,reddit,38
513,state,37
202,movie,37
209,m,37
63,trump,37
95,girls,37
764,legally,37
918,op,36
576,property,36
279,away,36
700,pm,36
73,years,35
1711,car,35
1207,p,35
14,home,35
150,house,34
751,able,34
210,guys,34
1003,consent,33
151,actually,33
948,advice,33
344,stop,32
926,interesting,32
702,leave,32
312,account,32
1365,life,31
329,report,31
3040,fast,31
98,support,31
185,website,31
51,getting,30
420,kill,30
839,high,30
188,real,30
1303,thing,30
825,thanks,30
405,place,30
616,point,29
978,email,29
1073,saying,29
223,court,29
240,send,29
924,day,28
820,laws,28
3,click,28
424,visit,28
349,crime,28
118,wrong,28
1398,bad,28
690,lot,27
626,assault,27
186,download,27
464,trying,27
385,job,27
1879,instagram,27
984,cops,27
1504,ok,26
66,needs,26
204,yeah,26
625,sexual,26
12,wo,26
502,information,26
893,cool,26
292,things,26
20,friend,25
735,compatible,25
632,cash,25
30,streams,25
337,read,25
1698,company,24
1486,ask,24
944,works,24
305,having,24
1705,better,24
298,criminal,24
177,sports,24
239,feel,24
6115,patched,24
1136,kids,24
6114,glitch,24
6113,karma,24
105,stuff,24
1497,mean,24
217,pretty,23
811,learn,23
1061,insurance,23
367,children,23
785,start,23
2286,dailyetymology,23
123,based,23
131,men,23
155,sell,22
483,hit,22
882,order,22
152,found,22
2287,etymology,22
94,little,22
1271,long,22
703,u,22
699,selling,22
194,love,22
1441,rights,22
213,told,21
1506,likely,21
2733,writing,21
983,usa,21
950,talk,21
306,keys,21
1172,times,21
86,family,21
1304,file,21
257,interested,21
248,attorney,21
1494,offer,21
1802,content,21
481,earn,21
1000,fact,21
433,public,20
1129,dog,20
569,fucking,20
1284,end,20
706,wait,20
6,eng,20
1109,sub,20
374,divorce,20
526,hey,20
1722,reason,20
79,paid,20
110,states,20
1800,super,20
498,ass,20
364,woman,20
1022,run,20
259,issue,19
468,evidence,19
187,app,19
791,sign,19
1266,game,19
772,called,19
182,games,19
838,enjoy,19
630,s,19
619,wants,19
300,care,19
384,fire,19
291,remember,19
278,gun,19
1540,web,19
2004,ex,19
1493,business,19
624,story,19
304,charged,19
1199,com,19
480,tax,19
3347,gets,19
1949,jail,18
985,allowed,18
270,list,18
231,soccer,18
1001,drunk,18
822,play,18
580,hard,18
2444,ad,18
1305,charges,18
208,means,18
211,wife,18
15,open,18
1146,card,18
366,parents,18
1905,bank,18
316,channel,18
921,age,18
294,claim,18
509,different,18
1393,makes,17
736,android,17
1255,fine,17
898,proof,17
865,working,17
1417,country,17
62,far,17
1938,question,17
1545,federal,17
1027,consider,17
1011,service,17
971,share,17
1692,baby,17
5172,streaming,17
1622,available,16
1799,fun,16
382,understand,16
1096,dude,16
1853,women,16
1065,risk,16
1042,number,16
1919,months,16
372,sounds,16
934,today,16
988,shoot,16
836,hello,16
162,etc,16
1605,taxes,16
2833,giving,16
966,paypal,16
1334,wanted,16
1685,school,15
1667,obviously,15
788,provide,15
1677,looking,15
732,sky,15
2815,windows,15
1250,stay,15
1640,server,15
22,dollars,15
2678,euro,15
723,kind,15
546,trust,15
1590,food,15
2141,big,15
527,talking,15
4804,crystal,15
1200,worldwide,15
1176,internet,15
431,private,15
1188,problem,15
1198,findsextoday,15
1015,d,15
293,prove,15
1162,student,15
1067,sorry,15
1091,news,15
358,bitch,15
117,health,15
1827,government,15
1340,win,15
1338,enter,15
45,true,15
170,charge,14
19,tyrande,14
2679,cup,14
629,asked,14
338,book,14
1641,clear,14
174,hi,14
477,raped,14
1204,security,14
678,kid,14
687,steal,14
517,area,14
2312,arrest,14
1735,seriously,14
26,possible,14
1444,medical,14
1357,facebook,14
1480,irs,14
1764,youtube,14
2104,comment,14
915,beat,14
1714,arrested,14
445,act,14
1363,info,14
832,death,14
319,city,14
1392,hillary,13
597,doubt,13
2517,civil,13
738,browser,13
1078,nice,13
1632,days,13
428,soon,13
1025,caught,13
3229,non,13
940,fucked,13
99,considered,13
952,suicide,13
543,save,13
1174,future,13
1399,gon,13
1381,fraud,13
1400,na,13
65,involved,13
243,situation,13
28,watching,13
1192,research,13
2077,clinton,13
1360,google,13
807,bonus,13
803,bit,13
3653,financial,13
547,step,13
5324,veitnamese,13
585,knows,13
1651,small,13
1048,details,13
601,cause,13
1929,cut,13
879,subscribe,13
1953,amazing,13
1798,drawing,13
322,fc,12
737,puffin,12
8,lol,12
6474,mesothelioma,12
1396,emails,12
1189,fault,12
2069,fbi,12
970,videos,12
2096,takes,12
487,believe,12
1761,murder,12
1870,drug,12
326,father,12
2806,follow,12
343,canada,12
149,change,12
612,goes,12
1295,course,12
167,force,12
559,address,12
520,press,12
381,easy,12
1070,girlfriend,12
1795,strong,12
235,shop,12
1160,hand,12
1687,college,12
604,hope,12
1059,protect,12
1797,tonight,12
334,pc,12
180,posting,12
1241,cat,12
2880,independent,12
570,door,12
568,kick,12
845,dead,12
888,literally,12
447,chance,12
2195,device,12
1352,arsenal,12
2158,hack,12
233,sound,12
438,pictures,12
1774,heard,12
1514,tried,12
1028,self,12
710,making,11
1838,tits,11
766,regardless,11
2445,block,11
757,idea,11
1801,loaded,11
1541,adblock,11
2516,remove,11
193,message,11
1796,kratom,11
1144,lose,11
2917,overlays,11
1470,couple,11
1794,kilo,11
413,gave,11
379,married,11
2909,promo,11
808,points,11
238,mind,11
1359,daughter,11
1041,music,11
1988,brother,11
1971,services,11
1324,worth,11
2278,social,11
2269,write,11
2268,dick,11
1157,technically,11
860,options,11
196,users,11
862,price,11
928,search,11
3141,road,11
301,control,11
1762,direct,11
2129,prison,11
529,episode,11
2034,party,11
463,threat,11
1496,willing,11
275,violation,11
484,credit,11
2094,perfect,11
242,similar,11
244,ago,11
2051,huge,11
680,inside,11
74,started,11
688,ur,11
677,hell,11
1384,trade,11
1394,breaking,10
1383,record,10
2595,sexually,10
11,ban,10
540,profit,10
2150,spend,10
1233,agreement,10
911,safe,10
154,bills,10
4796,zoya,10
933,answer,10
457,set,10
980,cop,10
473,sister,10
450,certain,10
289,comes,10
3041,took,10
432,places,10
1029,defense,10
2047,tree,10
85,secret,10
1355,quick,10
1375,exactly,10
1235,luck,10
776,matter,10
1533,letter,10
1293,absolutely,10
1649,lie,10
2688,god,10
633,chase,10
755,t,10
1095,wanna,10
331,damage,10
328,relationship,10
1828,media,10
1812,recommend,10
2583,face,10
2389,local,10
1906,stole,10
2398,class,10
200,tv,10
2900,pro,10
221,bring,10
2220,experience,10
2692,abuse,10
1267,thank,10
1626,shot,10
21,codes,10
109,required,10
3826,l,10
1896,twitter,10
1263,steam,10
798,hurt,10
622,completely,10
787,bitcoin,10
2001,license,10
1566,match,10
1321,questions,10
1012,cover,10
691,waiting,9
2089,realize,9
1438,usually,9
1214,die,9
1171,multiple,9
1978,parent,9
255,vote,9
2169,power,9
2009,body,9
402,defend,9
3422,loans,9
263,favor,9
1733,depends,9
265,citizens,9
101,statutory,9
3453,spam,9
2002,idiot,9
1491,sent,9
2007,perfectly,9
2033,signed,9
1567,anybody,9
2581,instead,9
1825,action,9
348,hate,9
674,theft,9
2525,night,9
2791,latest,9
746,protected,9
1075,fake,9
1616,exposure,9
3855,version,9
1254,form,9
1524,process,9
726,bein,9
1261,suggest,9
2399,lawsuit,9
1260,mail,9
2819,porn,9
1133,calling,9
1055,legit,9
1458,permission,9
2378,test,9
2385,marriage,9
1913,extra,9
1051,water,9
1690,husband,9
1908,plus,9
1062,handle,9
2942,blog,9
2303,drink,9
586,deal,9
1056,immediately,9
1980,mother,9
212,boyfriend,9
1901,promise,9
356,known,9
2305,room,9
2377,simply,9
2868,hands,9
1872,system,9
5178,related,9
3977,worry,9
1167,world,9
1564,black,9
2258,given,9
1180,month,9
276,amendment,9
6475,asbestos,8
6307,mobill,8
55,entire,8
52,sued,8
964,raise,8
1585,second,8
452,rules,8
1187,especially,8
4202,store,8
987,ground,8
914,beating,8
1726,forget,8
2101,covered,8
2643,stupid,8
679,came,8
40,o,8
31,young,8
33,buddy,8
412,simple,8
228,line,8
226,killing,8
1231,break,8
518,statement,8
515,photos,8
1495,loan,8
906,note,8
927,word,8
4953,office,8
1505,asking,8
1503,ones,8
1502,living,8
1770,cases,8
907,bf,8
434,access,8
486,fair,8
3272,created,8
2194,computer,8
1779,method,8
1780,easier,8
3520,worked,8
416,gift,8
1781,ll,8
1026,aware,8
1969,professional,8
1956,spell,8
3548,awesome,8
1316,telling,8
550,join,8
2941,type,8
563,coins,8
1089,safety,8
1079,evict,8
1473,adsbygoogle,8
67,judge,8
581,shows,8
1691,beautiful,8
1071,agree,8
1925,head,8
2369,fight,8
201,shut,8
199,sport,8
388,hire,8
1784,actual,8
1900,specifically,8
2829,compatibility,8
1236,suing,8
1124,honestly,8
341,born,8
2440,german,8
1289,low,8
1311,broke,8
2844,definition,8
759,imagine,8
1092,argue,8
2797,gps,8
58,offers,8
2699,minutes,8
672,return,8
754,attention,8
1837,sexy,8
1278,looks,8
4509,ireland,8
256,parties,7
4278,drugs,7
1713,guilty,7
525,reported,7
268,firearm,7
1219,threaten,7
2918,pop,7
2388,easily,7
786,earning,7
1220,president,7
183,hours,7
1959,doctor,7
1952,wow,7
1681,weed,7
394,position,7
1307,adult,7
1634,issues,7
1279,owner,7
613,straight,7
3458,items,7
2822,knowing,7
3476,hooters,7
437,thought,7
172,highlights,7
4673,held,7
4468,documents,7
2422,board,7
923,violence,7
2168,ruin,7
3517,compensation,7
762,worst,7
758,shipping,7
995,event,7
2290,date,7
866,trick,7
2262,technology,7
1088,officer,7
3812,choice,7
1884,war,7
1090,reading,7
1869,grounds,7
3799,paying,7
400,valid,7
1817,pills,7
2306,agreed,7
2976,require,7
395,male,7
1064,landlord,7
3096,workers,7
1740,lay,7
1739,left,7
2875,tips,7
2862,weight,7
1217,suck,7
3605,students,7
1213,finding,7
2289,cheap,7
1751,source,7
267,purchase,7
1778,jailbreak,7
4167,cards,7
3733,driving,7
311,create,7
1843,consented,7
840,authorities,7
4138,hot,7
519,freedom,7
2561,problems,7
1386,item,7
5760,construction,7
2088,debt,7
2544,bullshit,7
2545,amazon,7
1471,etsy,7
56,term,7
743,knew,7
111,allow,7
2808,rent,7
2512,phone,7
2659,soft,7
106,hole,7
71,definitely,7
1478,hear,7
2667,victim,7
1484,texas,7
1367,begin,7
470,policy,7
24,directly,7
2655,totally,7
1429,friends,7
1543,fired,7
1547,n,7
997,rapist,7
1300,raping,7
2577,half,7
176,community,7
2247,forced,7
3250,possession,7
3112,await,7
3373,accounts,7
1425,pokémon,7
4900,project,7
1418,illegally,7
116,mental,7
490,count,7
528,weeks,7
727,en,7
2121,consensual,7
1283,letting,7
2807,notice,7
453,unconstitutional,7
2225,statute,6
2207,nsfw,6
1083,tight,6
2224,specific,6
2963,linked,6
1472,product,6
2205,devices,6
2197,classified,6
496,university,6
1891,responsible,6
3281,spent,6
1058,stolen,6
982,parts,6
953,putting,6
977,donate,6
963,offense,6
396,female,6
2111,study,6
2107,paternity,6
397,sort,6
491,gold,6
3746,mobille,6
2563,contract,6
2572,persons,6
1372,foreign,6
3781,add,6
421,justice,6
521,libel,6
2186,cost,6
1349,clients,6
3176,land,6
446,innocent,6
1984,ignore,6
474,lost,6
3450,thread,6
2065,violating,6
2050,thinking,6
1002,meaning,6
533,listen,6
3719,gf,6
1912,settle,6
1909,damages,6
383,example,6
378,accept,6
3634,testogen,6
2737,essay,6
2796,banned,6
2229,prescription,6
3020,whaff,6
53,ways,6
3014,starts,6
2244,fully,6
57,constitution,6
2238,certainly,6
1456,film,6
2236,overwatch,6
3026,rewards,6
2472,common,6
2531,rare,6
1507,fill,6
82,taking,6
4996,dalaman,6
1532,weapons,6
1529,says,6
1341,team,6
2812,subreddit,6
722,depending,6
144,industry,6
2126,outside,6
1575,seat,6
1287,abortion,6
1285,result,6
1614,deserve,6
138,skins,6
781,covers,6
618,assume,6
2832,claims,6
2820,waste,6
780,article,6
2467,terms,6
4743,ustream,6
2124,happen,6
27,trouble,6
1406,mom,6
46,short,6
2593,decision,6
684,pregnant,6
681,opinion,6
675,filed,6
2617,b,6
5710,maximo,6
5709,ibm,6
2479,uk,6
1432,hidden,6
5978,jury,6
5933,gỗ,6
5932,cửa,6
1481,decide,6
1377,released,6
107,background,6
1333,discount,6
2511,stock,6
745,speech,6
741,committed,6
1448,generally,6
4101,threads,6
562,speaking,6
2957,crimes,6
599,building,6
809,sapphire,6
4102,easiest,6
3931,past,6
1123,reasons,6
1803,personally,6
4055,traffic,6
3829,throw,6
1270,race,6
2999,treatment,6
2985,laptop,6
2973,records,6
333,physical,6
327,destroy,6
325,pass,6
3933,potentially,6
1112,daily,6
3815,withdraw,6
2275,entitled,6
2257,slander,6
1851,concerned,6
1268,seen,6
2423,include,6
2402,harassment,6
796,loss,6
794,release,6
598,difference,6
1253,special,6
4490,manslaughter,6
203,torrent,6
1680,smoking,6
1654,lady,6
260,previous,6
1227,close,6
2373,audio,6
4393,hair,6
1206,america,6
1715,seeing,6
1712,hopefully,6
4263,giveaway,6
1745,taken,6
1215,political,6
1777,ios,6
1755,picture,6
261,comments,6
1652,personal,6
685,actions,5
5556,immigration,5
1353,preston,5
2785,sleep,5
2751,coming,5
2716,fr,5
2095,attempt,5
973,size,5
2112,diagnosed,5
2098,minimum,5
958,v,5
3289,locks,5
3244,porto,5
2128,trial,5
1475,income,5
5168,dogs,5
2509,globe,5
747,stated,5
87,recipe,5
472,pretend,5
466,basis,5
3346,pussy,5
3328,visitation,5
3300,forcing,5
493,changes,5
3234,c,5
956,pointing,5
951,commit,5
5100,suit,5
5099,edit,5
4999,transfers,5
119,heres,5
2452,database,5
769,guide,5
635,sponsored,5
634,apply,5
631,stopped,5
2070,american,5
3205,rest,5
3194,sense,5
3180,attack,5
3179,double,5
628,clearly,5
730,spanish,5
4847,standard,5
158,sites,5
1325,gas,5
1323,lists,5
1286,longer,5
1602,da,5
2011,provides,5
442,camera,5
3478,key,5
3468,pool,5
979,duty,5
2052,attempting,5
3417,collect,5
4768,owners,5
1275,unlikely,5
617,automatically,5
615,assuming,5
1631,permanent,5
1629,bullet,5
146,prices,5
4647,mentioned,5
2408,iphone,5
2885,parental,5
761,battery,5
1256,regularly,5
534,current,5
449,fairly,5
1017,install,5
1993,hold,5
1974,removed,5
3685,fails,5
2044,brain,5
2029,military,5
2027,currency,5
1252,requires,5
4495,penalty,5
4493,violates,5
197,portugal,5
4433,solutions,5
4427,hosting,5
1657,countries,5
1265,choose,5
1941,funny,5
3527,complete,5
3510,mans,5
908,violent,5
2151,purchases,5
925,punch,5
181,nba,5
1225,unfortunately,5
2390,grab,5
2383,happened,5
813,general,5
578,lease,5
2921,intent,5
773,expert,5
2433,air,5
2428,helium,5
2427,happy,5
1917,california,5
3598,football,5
3590,equal,5
531,catch,5
3082,walk,5
3012,horrible,5
1961,king,5
4294,poland,5
241,dad,5
1706,solution,5
4276,value,5
3749,street,5
897,happening,5
887,avoid,5
886,identity,5
2187,bet,5
2283,closed,5
414,ring,5
4198,level,5
2357,effectively,5
829,series,5
2334,later,5
4235,acting,5
4157,location,5
4216,gross,5
4204,middle,5
4097,review,5
315,supported,5
1159,vagina,5
2294,clearance,5
2950,religion,5
588,touch,5
1881,history,5
1880,dark,5
3802,cancer,5
1063,possibly,5
3822,tells,5
2910,coupon,5
1790,killed,5
1182,potential,5
1177,correct,5
335,finally,5
1149,cam,5
1141,neighbor,5
1168,knowledge,5
1166,uncle,5
4104,caused,5
1135,eventually,5
1134,animal,5
1806,birth,5
3869,solid,5
3842,industries,5
3818,younger,5
2265,fyi,5
848,golden,5
1805,center,5
1852,push,5
837,movies,5
552,chat,5
3007,transfer,5
2975,behavior,5
2964,mills,5
2313,investigation,5
2308,rough,5
2301,manner,5
1841,according,5
1834,underage,5
1137,spray,5
324,helps,5
1866,demand,5
1865,delivery,5
1114,week,5
339,basic,5
96,hook,5
697,figure,5
695,asap,5
2586,stand,5
707,welcome,5
76,negligence,5
1455,turn,5
1462,r,5
1387,compare,5
60,protection,5
5713,user,5
1451,admitting,5
1450,extortion,5
6476,navy,4
6308,frensh,4
5874,roadrunner,4
43,la,4
1439,cross,4
1443,consult,4
2682,pecker,4
2690,accused,4
2691,domestic,4
705,photo,4
2611,ready,4
2612,delete,4
2616,employee,4
2630,partner,4
2752,league,4
2745,active,4
2742,paper,4
2712,single,4
2677,ethics,4
2091,burden,4
974,shaved,4
2081,float,4
2114,average,4
2109,diabetes,4
2103,track,4
961,instant,4
3255,punished,4
2658,comfortable,4
1348,threatening,4
5432,medicine,4
350,prosecutor,4
1128,neighbors,4
3839,companies,4
3837,reach,4
3836,barco,4
3834,heart,4
2266,acts,4
2263,stress,4
2261,employers,4
875,zero,4
873,walking,4
2249,describe,4
844,ended,4
1804,ahead,4
4045,computers,4
4008,practice,4
1789,option,4
1782,mac,4
1185,moral,4
4189,insert,4
4181,words,4
4178,satisfied,4
4176,hacker,4
3985,punishment,4
3946,e,4
3943,guess,4
1153,blow,4
1148,calls,4
1147,numbers,4
1140,train,4
4125,vip,4
4124,awards,4
2939,florida,4
590,collection,4
2292,jobs,4
2291,dismissed,4
843,dangerous,4
1085,citizen,4
1888,retarded,4
1876,jesus,4
1103,speak,4
1099,twitch,4
1873,custody,4
3794,changed,4
1897,links,4
361,chelsea,4
360,tottenham,4
810,preferred,4
1736,kiss,4
1732,assets,4
253,failed,4
249,won,4
4234,excellent,4
273,argument,4
272,accurate,4
4163,surveys,4
4160,angry,4
302,vehicle,4
1766,travel,4
4222,hotels,4
4203,initiated,4
2300,alcohol,4
2954,including,4
2949,space,4
3727,mistakes,4
3722,cps,4
4272,individual,4
1703,fb,4
2367,wondering,4
2351,liable,4
2346,hr,4
2342,masturbate,4
833,wish,4
821,understanding,4
2335,leicester,4
2327,reasonable,4
2325,opportunity,4
2873,hacks,4
2858,anymore,4
1738,minor,4
4404,cele,4
4363,christmas,4
4358,turned,4
4331,lives,4
4313,disease,4
1209,upvote,4
1202,white,4
1709,lead,4
1708,responsibility,4
3819,contest,4
3760,alert,4
2219,glad,4
889,stab,4
883,dropped,4
2284,drive,4
2276,lied,4
1229,pain,4
2850,print,4
792,sink,4
2914,warning,4
1054,pls,4
1934,surprise,4
380,consequences,4
3089,human,4
3072,saudi,4
3067,paperwork,4
3017,ps,4
3587,copyright,4
1951,cheaper,4
1693,boy,4
1246,fraudulent,4
4405,comedy,4
1638,response,4
168,leading,4
195,hearing,4
4418,laugh,4
1650,co,4
1944,brought,4
3785,lots,4
3775,intentionally,4
3773,quest,4
3107,customers,4
544,tons,4
905,bitches,4
2164,fee,4
2154,treason,4
2131,pick,4
179,startup,4
1258,jump,4
2416,slap,4
2406,asshole,4
2883,parenthood,4
2878,meet,4
765,carry,4
2130,eat,4
909,older,4
1997,lets,4
1989,pot,4
404,trap,4
3712,knife,4
3677,ops,4
1251,limit,4
1645,ladies,4
1639,data,4
3395,dating,4
3393,escorts,4
192,concern,4
2448,election,4
2439,bundesliga,4
2826,antonio,4
2468,passport,4
2462,sources,4
2459,scumbag,4
1625,spot,4
4606,dear,4
4574,arbitration,4
4533,blood,4
4527,basically,4
4455,effective,4
4435,blind,4
1574,fastest,4
1559,probation,4
1320,kinds,4
4526,obvious,4
4515,hacking,4
1611,park,4
137,genuine,4
4820,sentence,4
4807,foam,4
2021,lpt,4
3456,saw,4
3454,highest,4
423,truth,4
2064,subpoena,4
455,york,4
3420,referral,4
3126,useful,4
2804,chances,4
2698,hookers,4
4940,depression,4
4935,hydrocodone,4
4915,restraining,4
4897,remodeling,4
4884,south,4
4846,period,4
4836,plain,4
108,checks,4
4741,smart,4
4721,muslim,4
1597,happens,4
1584,scammed,4
1581,painless,4
5029,wts,4
5025,flip,4
5009,member,4
4997,airport,4
2455,privacy,4
637,du,4
3363,copies,4
479,essentially,4
2080,lowest,4
2068,lying,4
2120,higher,4
2117,national,4
499,false,4
3214,mg,4
3188,folks,4
3163,aid,4
5420,supporters,4
5354,delhi,4
5263,standing,4
4958,owe,4
2496,penis,4
2493,lock,4
2484,apparently,4
2540,piece,4
3355,cry,4
3324,pics,4
495,somewhat,4
3238,apps,4
954,mouth,4
947,forum,4
2097,plan,4
5030,visio,4
1391,bar,4
6473,loved,4
16,legs,4
6482,patients,4
1407,worse,4
1420,status,4
6480,consultation,4
6479,automotive,4
6478,heating,4
6477,shipyards,4
5638,expect,4
5587,figures,4
1350,sluts,4
2529,rates,4
2518,abusive,4
2778,supposed,4
4006,exam,4
3995,update,4
558,sale,4
1832,currently,4
1830,purpose,4
1819,profile,4
1867,sick,4
3911,rate,4
3904,belt,4
3893,energy,4
3874,hilarious,4
6359,pedestrian,4
6481,packet,4
2652,islam,4
2588,coverage,4
1468,plug,4
3840,application,3
1820,instances,3
2990,feelings,3
557,listed,3
3852,begging,3
2322,obtain,3
5036,cracked,3
2323,steps,3
48,lawsuits,3
554,request,3
365,bought,3
548,pose,3
369,sisters,3
5028,field,3
5022,original,3
3808,pulled,3
5533,eye,3
355,group,3
2987,projects,3
1811,afraid,3
2365,section,3
113,individuals,3
823,redeem,3
824,skin,3
3883,trades,3
3853,whatsapp,3
68,flexible,3
2972,scared,3
3860,g,3
5544,warranty,3
1839,hunt,3
5547,genocide,3
1833,siblings,3
3000,program,3
5008,underwear,3
3854,apk,3
3770,justified,3
3771,ultimate,3
5059,cia,3
3039,wonder,3
2317,defending,3
3066,immigrant,3
3065,permit,3
3064,visa,3
5055,assaulting,3
3060,leak,3
3754,attacked,3
863,boobs,3
864,distance,3
3083,challenge,3
409,window,3
3073,arabia,3
1937,important,3
3750,blocked,3
1868,elderly,3
373,planning,3
376,anyways,3
392,identify,3
3028,introduce,3
3797,respond,3
1115,viral,3
1885,text,3
3043,claimed,3
2297,danger,3
1877,christ,3
3779,exchange,3
2304,scenario,3
3790,settings,3
5067,expunged,3
1097,smoke,3
2310,draw,3
3763,liverpool,3
3798,locked,3
4038,spa,3
2404,defined,3
1744,origin,3
4886,running,3
4031,refund,3
1216,beliefs,3
1212,stopping,3
4877,agencies,3
6254,bankruptcy,3
1208,feedback,3
2379,trading,3
2919,ups,3
2381,csgo,3
2392,ﾉ,3
2933,launching,3
1201,serve,3
2395,sanders,3
2920,stealing,3
133,wide,3
49,hundreds,3
1226,society,3
4086,tennis,3
1223,teeth,3
2431,slowly,3
4854,tank,3
770,advise,3
801,accidentally,3
4081,pussies,3
5580,cialis,3
4053,ticket,3
5585,yell,3
4063,warrant,3
4064,council,3
1718,courts,3
609,blame,3
1710,hitting,3
789,solve,3
125,shoes,3
345,contacting,3
575,references,3
5909,monday,3
573,deals,3
4969,advanced,3
4967,nlp,3
4964,footer,3
2396,con,3
3907,instantly,3
571,illinois,3
567,explain,3
1161,prosecute,3
565,heavily,3
1156,everytime,3
1816,sleeping,3
2363,recognize,3
4963,header,3
1194,employer,3
1193,respect,3
3966,bust,3
1776,wade,3
4913,therapist,3
4912,bro,3
584,crap,3
815,owned,3
2965,north,3
2951,scandals,3
77,recover,3
2944,category,3
3935,acceptable,3
80,emotional,3
323,fix,3
332,addition,3
1184,obligation,3
3941,ufc,3
816,businesses,3
460,searching,3
2206,main,3
3261,procedure,3
3443,adoption,3
986,pin,3
3259,stanford,3
2062,unrelated,3
3446,careful,3
5476,attacks,3
2086,connection,3
3448,seattle,3
5272,fan,3
3252,dope,3
903,ft,3
5269,went,3
913,hospital,3
965,funds,3
3253,kidding,3
2049,rope,3
448,harassed,3
2043,denied,3
3231,screenshot,3
3490,bait,3
3502,crash,3
3473,fuckin,3
2215,recourse,3
459,ohio,3
3479,bot,3
3222,curious,3
2053,pulling,3
3452,intention,3
1007,equipment,3
2075,bush,3
506,healthy,3
458,terry,3
3475,gentle,3
3294,refinancing,3
932,material,3
3357,sad,3
3358,shirt,3
5336,insane,3
2174,following,3
3329,hurting,3
2175,verify,3
3441,cp,3
3285,curb,3
5351,drugged,3
922,gap,3
3319,tie,3
3322,vpn,3
3298,decided,3
2155,invite,3
6044,insulation,3
3291,regulations,3
3410,tool,3
2180,losing,3
3276,helped,3
2106,pill,3
3275,toronto,3
3397,guarantee,3
3400,marketing,3
3405,untrue,3
3348,decides,3
2160,training,3
5296,reject,3
2161,certification,3
3381,typing,3
3388,mate,3
2119,results,3
476,copy,3
6054,ms,3
2170,exercise,3
2159,seo,3
3123,regular,3
3122,offering,3
3679,harm,3
3142,tickets,3
2241,teacher,3
3655,missing,3
2243,semi,3
3662,temp,3
5990,diploma,3
2245,traditional,3
1975,design,3
3638,cute,3
3139,throwing,3
3137,ta,3
3136,uh,3
1039,lmao,3
1037,haha,3
3631,statements,3
3699,qualifies,3
1931,weapon,3
2285,miles,3
3705,modern,3
3091,magic,3
1918,near,3
854,diamonds,3
1943,donald,3
3674,believed,3
542,scheme,3
871,crazy,3
1053,cars,3
536,invest,3
3130,downloaded,3
880,grow,3
3668,loud,3
3670,noise,3
1030,perspective,3
3108,john,3
3553,son,3
2003,france,3
6117,quiet,3
3535,present,3
1019,magnet,3
1018,client,3
2230,medication,3
3193,approved,3
3615,verified,3
5198,animes,3
5229,experiences,3
3519,grey,3
3521,drop,3
6129,cleaning,3
885,hide,3
436,final,3
5394,nuts,3
2030,bribe,3
1035,xd,3
5141,provisional,3
3628,lies,3
3154,requests,3
3597,stable,3
5427,participated,3
83,jimmy,3
5428,dresses,3
3552,mr,3
5179,bunch,3
429,needed,3
3586,tho,3
712,tour,3
2222,allows,3
3164,worker,3
5193,committing,3
3200,highly,3
3582,proven,3
2218,ah,3
1596,suspect,3
1598,ianal,3
4722,weak,3
1461,fund,3
1601,provided,3
2775,skype,3
1459,kickstarter,3
1390,returns,3
2780,passed,3
1565,market,3
2783,fetish,3
1389,organized,3
2784,advantage,3
4284,authority,3
2794,nyc,3
4282,moderators,3
205,donations,3
1577,cares,3
1380,fail,3
2483,apple,3
1579,discuss,3
206,filing,3
5742,slave,3
1582,impossible,3
1317,damn,3
4267,mil,3
1483,agency,3
2645,corruption,3
2553,thinks,3
1388,investment,3
1624,exact,3
2470,switching,3
4209,patterns,3
1421,path,3
2466,cheating,3
4599,receive,3
4452,united,3
2799,opening,3
2463,spin,3
2547,laundering,3
1467,shameless,3
258,view,3
2621,gather,3
1604,refuses,3
1595,mistake,3
2461,constantly,3
4252,playing,3
4622,actionable,3
4620,tape,3
1609,style,3
4739,necessities,3
645,und,3
4740,efficiently,3
4742,generating,3
4245,art,3
1589,neck,3
4244,requirement,3
5646,plane,3
4265,min,3
4225,title,3
4403,interest,3
2663,shopping,3
4356,pack,3
1351,laying,3
2693,abuser,3
2533,trolling,3
2534,obama,3
4417,bother,3
1487,trespassing,3
724,fish,3
1522,topic,3
4646,risks,3
1331,dudes,3
2510,customer,3
4291,w,3
4369,images,3
1530,ability,3
2672,therapy,3
1509,deposit,3
2675,athletic,3
4627,chargeback,3
1511,holding,3
4653,foundation,3
1521,written,3
1515,vaginas,3
2681,french,3
1520,bill,3
2537,releases,3
4387,resolved,3
4371,felt,3
5705,certified,3
5819,image,3
4710,xbox,3
2500,plant,3
2644,shady,3
1474,declare,3
1556,learned,3
689,parking,3
1374,showed,3
216,donated,3
2717,sweet,3
1560,acestream,3
222,supreme,3
2721,floor,3
4335,conversation,3
224,majority,3
4421,accent,3
2724,highway,3
5699,rid,3
5825,imay,3
2559,felony,3
64,concept,3
4675,normal,3
5815,pornography,3
4678,boss,3
2520,keeps,3
1499,okay,3
4428,shared,3
4340,texts,3
2706,revoked,3
4693,abusing,3
771,anal,3
4111,perform,3
704,nude,3
2567,successful,3
4559,cnn,3
5758,mortgage,3
4785,uefa,3
2597,regret,3
1688,finished,3
2837,cutting,3
165,jurisdiction,3
178,consumption,3
1684,coke,3
1658,areas,3
4126,broadcasting,3
1395,deleting,3
2840,vain,3
190,favorite,3
2843,blackmail,3
1414,forgiven,3
4128,netflix,3
4118,album,3
610,barely,3
1671,hiv,3
2854,aka,3
2582,possibility,3
4492,ownership,3
2847,friendly,3
6469,grandpa,3
1668,tested,3
4134,planned,3
783,legitimate,3
4816,illness,3
4572,debate,3
0,banks,3
4155,spoof,3
779,petty,3
4153,unarmed,3
5788,contractors,3
1428,edge,3
2610,mma,3
774,claiming,3
4833,accident,3
1665,ton,3
318,manchester,3
1280,entirely,3
1793,treating,3
1281,filming,3
2809,retard,3
1635,servers,3
2604,factory,3
2802,quickly,3
4199,execute,3
2628,gone,3
4082,prize,3
1294,banning,3
4529,nature,3
596,description,3
4464,protester,3
1617,gay,3
1291,shooting,3
286,testimony,3
4223,flexappweb,3
1234,missed,3
2447,gop,3
614,bed,3
1436,truly,3
1245,discover,3
2871,deep,3
274,rule,3
1378,coincidence,3
191,suggestion,3
2824,celebrities,3
1620,associated,3
627,thrown,3
1453,deny,3
5652,steve,3
4772,eviction,3
2603,karambit,3
5794,ya,3
2543,coupons,3
3190,moscow,2
5442,treat,2
676,slept,2
2587,spare,2
5747,represent,2
3196,driveway,2
5456,eats,2
5780,roommate,2
3304,donation,2
2689,large,2
5369,observe,2
5433,nowadays,2
3280,canadian,2
5778,expunge,2
3284,strange,2
3301,outcome,2
494,ramifications,2
2656,discriminate,2
5364,transferred,2
2596,morning,2
2664,walks,2
3199,stays,2
2591,safely,2
2665,bam,2
2589,motherfucker,2
2668,dumbass,2
3198,kills,2
3299,financially,2
5398,mercy,2
3223,validity,2
5400,moment,2
3274,checkout,2
5759,estate,2
5402,pre,2
3278,promote,2
3239,seconds,2
3236,itunes,2
3235,acc,2
5407,preference,2
510,aspects,2
5408,sarah,2
3182,holes,2
2608,protocol,2
3243,roma,2
504,informing,2
3245,midnight,2
503,designed,2
3248,purchased,2
3249,permits,2
5761,debts,2
2606,yep,2
5765,honorable,2
2631,witness,2
2622,bag,2
3258,baylor,2
2620,preservation,2
686,punishable,2
2585,harass,2
3293,australia,2
5409,powerful,2
5413,pat,2
2615,acted,2
3296,terminate,2
3213,bonk,2
5421,lending,2
3207,developer,2
3262,probable,2
3264,pd,2
3201,situations,2
5397,settlement,2
500,accusations,2
5390,havesexwithmehavesexwithmehavesexwithmehavesexwithme,2
3233,negotiable,2
3232,metjm,2
2613,sid,2
3270,regards,2
3230,duped,2
3228,corner,2
3227,unfortunate,2
3226,pearl,2
701,sweety,2
5789,builders,2
3271,quiz,2
2648,comey,2
3266,helper,2
2825,wiki,2
5637,uncomfortable,2
574,previously,2
639,der,2
638,machen,2
577,towers,2
2814,pirate,2
81,distress,2
2969,warn,2
711,sportfishing,2
2842,fool,2
78,fees,2
2838,attempted,2
5376,ran,2
2947,myth,2
2836,blowback,2
2952,variety,2
2953,topics,2
5579,generic,2
2811,crappy,2
644,kinderheim,2
561,coin,2
3015,x,2
2995,prescribed,2
2996,severely,2
2997,overweight,2
5549,terrorists,2
2798,spoofer,2
2795,bound,2
647,entziehen,2
2980,exception,2
2793,soundcloud,2
2983,nah,2
5562,deadly,2
5654,rap,2
651,das,2
564,promoting,2
5631,ger,2
566,cure,2
2977,suddenly,2
602,meant,2
5590,physicians,2
5588,hospitals,2
2882,opt,2
2881,contractor,2
2899,cs,2
2879,wage,2
2876,writer,2
5584,light,2
2961,um,2
2874,worthy,2
2869,taxed,2
2884,signing,2
2867,benefits,2
2865,route,2
2886,choices,2
2888,revolution,2
2889,austin,2
5606,layer,2
2906,lenses,2
5575,lethal,2
582,table,2
5574,suspended,2
2830,cigarettes,2
591,wedding,2
2930,unthethred,2
2828,banderas,2
2860,eligible,2
2931,tbc,2
2929,realy,2
2855,exist,2
2934,fresh,2
2936,prior,2
2908,lenskart,2
2911,sunglasses,2
2915,abused,2
5623,porch,2
2849,madden,2
2926,inconvenience,2
2928,jailbreakers,2
2859,mention,2
5463,cables,2
3132,stick,2
5489,interception,2
5722,surely,2
671,refusing,2
545,anxiety,2
666,wenn,2
59,broad,2
3109,doe,2
646,sorgerecht,2
3113,biggy,2
3114,iirc,2
5480,hangout,2
3097,stoke,2
3099,passing,2
2723,starting,2
3102,sterile,2
3105,deeper,2
530,podcast,2
3110,md,2
5454,flagpoll,2
524,promotion,2
2687,brown,2
3158,described,2
2680,async,2
3162,ordinary,2
2705,granted,2
2704,benefit,2
5473,everybody,2
2709,outta,2
3149,varying,2
3150,degrees,2
3120,brewery,2
3121,bare,2
2702,rangers,2
2695,husbands,2
2714,kota,2
3124,booze,2
2711,beanie,2
2703,celtic,2
3021,elian,2
5687,speed,2
2761,mir,2
3022,salazar,2
3023,te,2
3024,ha,2
2755,elo,2
3025,invitado,2
5671,bracelet,2
5501,quote,2
5672,dnr,2
3029,el,2
3030,código,2
3031,de,2
3032,invitación,2
3033,y,2
3034,consigue,2
3008,million,2
5675,ems,2
3027,déscargate,2
3077,seeking,2
2715,lit,2
3078,asylum,2
5500,recently,2
3081,idk,2
5498,refers,2
5497,arms,2
3057,treasonous,2
2753,legends,2
3019,spouse,2
2748,philadelphia,2
2746,portland,2
2744,resume,2
3068,submitted,2
3071,yemeni,2
2740,phd,2
2735,plagiarism,2
2734,editing,2
5507,guitar,2
3053,bracelets,2
3059,conducting,2
4170,prizes,2
4140,annual,2
4783,checking,2
4147,antifa,2
4812,shadow,2
4810,browse,2
4809,whores,2
4154,yesterday,2
4129,hulu,2
290,handy,2
295,forgot,2
296,ontario,2
5171,champions,2
4805,palace,2
303,intoxicated,2
4803,breach,2
4131,town,2
4113,feels,2
4116,gifts,2
4121,stabbing,2
4127,fit,2
4822,unborn,2
4093,rapes,2
4838,beaver,2
4106,backlash,2
310,naked,2
4806,memory,2
4226,error,2
4233,august,2
4236,skills,2
4206,nerdy,2
4761,commie,2
4760,transaction,2
4758,spending,2
4756,cell,2
4755,built,2
4217,extreme,2
4218,carelessness,2
4219,activities,2
4221,airfare,2
4789,grandma,2
287,phrase,2
4194,iron,2
4197,execution,2
4177,grades,2
4180,invasion,2
4771,tenant,2
4767,bringing,2
4192,pact,2
4193,cast,2
277,taze,2
4797,survey,2
4794,pic,2
4166,skrill,2
4751,owns,2
4013,qnix,2
4896,swimming,2
3983,trafficking,2
4895,pools,2
4927,socially,2
3993,semalt,2
3994,blocker,2
3996,auto,2
3969,likes,2
3971,solved,2
3974,build,2
4945,modafinil,2
317,schedule,2
4943,ativan,2
4942,adderall,2
4941,insomnia,2
4939,lortab,2
3951,birds,2
4938,oxycodone,2
4937,percocet,2
3954,climbed,2
3955,feet,2
4936,codeine,2
4934,roxycodone,2
4933,killers,2
4951,shitty,2
4944,mogadon,2
321,swansea,2
4067,staci,2
4068,carr,2
4071,dig,2
4072,tries,2
4074,checked,2
4851,se,2
4849,employees,2
4051,wrote,2
4052,registration,2
4872,comic,2
4871,meme,2
4867,terminal,2
4011,simulation,2
4036,espn,2
4039,tele,2
4040,bbc,2
4043,pieces,2
4044,beaten,2
4017,experienced,2
4018,torrents,2
4889,mandated,2
4910,conceal,2
4909,served,2
4003,international,2
4906,harassing,2
4009,engine,2
4866,chip,2
4467,convictions,2
4578,dispute,2
4600,guns,2
4453,silly,2
4454,jewelry,2
4619,duct,2
198,kbps,2
4618,updated,2
4614,includes,2
4440,defect,2
4442,european,2
4443,models,2
4224,whore,2
4422,violated,2
4423,colluding,2
4424,ignorant,2
4639,mothers,2
4426,affordable,2
4401,xanax,2
4638,judges,2
4406,tnx,2
4637,teach,2
4410,showbox,2
4633,slut,2
4632,nerve,2
4416,uscode,2
215,effort,2
4556,mw,2
4531,someones,2
4510,golf,2
4513,expenses,2
163,prostitution,2
169,admit,2
173,interviews,2
4573,berniebots,2
4517,network,2
4518,safest,2
4521,red,2
4569,activity,2
4568,utah,2
4465,eligibility,2
4497,square,2
4500,flee,2
4564,erase,2
4562,standpoint,2
4504,inclined,2
4505,greatest,2
4590,notch,2
184,conclusion,2
4585,cumming,2
4485,southern,2
4461,wiser,2
4462,hotspur,2
4463,names,2
4567,accountable,2
4713,neglect,2
4316,insured,2
4711,knee,2
4289,mafia,2
4708,handgun,2
4290,messed,2
4295,denmark,2
156,unwanted,2
148,loose,2
4269,gram,2
4270,max,2
4273,grams,2
214,recount,2
4281,performed,2
4283,concerns,2
4253,events,2
4725,ed,2
4255,friday,2
4256,dry,2
246,wc,2
252,measure,2
4260,giant,2
4715,sons,2
4238,hollywood,2
4249,clan,2
4250,clans,2
4280,wendy,2
4388,station,2
4656,ip,2
4395,virgin,2
4654,campaign,2
4652,coats,2
4651,aggregator,2
4368,spy,2
4372,warden,2
4373,figured,2
4376,ea,2
4644,centers,2
4669,dna,2
4355,wickr,2
4714,regency,2
4364,appreciate,2
4366,involving,2
4689,ied,2
4343,puppy,2
4345,sold,2
4680,refused,2
4327,ridiculous,2
4701,providing,2
4700,dot,2
4333,somebody,2
4302,prints,2
4694,verbal,2
4311,harming,2
4357,lawyers,2
3547,ebay,2
3549,shout,2
3550,muslims,2
3525,programs,2
5224,convention,2
3530,sharing,2
5221,necessarily,2
3532,legislation,2
435,restricted,2
439,prohibited,2
440,pen,2
443,remote,2
4947,bluray,2
3511,mysexfind,2
3512,binding,2
3513,employment,2
5243,painful,2
3495,investigated,2
3500,obtained,2
3501,precedent,2
5233,recruit,2
3480,instructions,2
5261,entertaining,2
3484,marijuana,2
5260,filter,2
5259,msqrd,2
444,pocket,2
5131,rly,2
5130,cheater,2
3651,matters,2
3652,reproduction,2
3656,roll,2
5128,dose,2
3635,popular,2
3639,button,2
3641,worrying,2
3642,expensive,2
5144,counted,2
3595,hazard,2
3596,repercussions,2
3546,bud,2
5154,kit,2
93,knock,2
84,jonathan,2
3610,injury,2
3612,watched,2
3583,perjury,2
422,alright,2
3593,osha,2
3594,manufacturing,2
3581,mad,2
3534,forth,2
3542,san,2
5201,credits,2
3600,index,2
3374,gambling,2
3380,competitive,2
3383,raw,2
478,nope,2
3362,belongings,2
3364,actively,2
3366,unconscious,2
3369,chose,2
3370,bang,2
3354,quit,2
3356,forms,2
3325,handcuffs,2
3488,exit,2
5360,eastern,2
5359,player,2
5358,certificates,2
3340,cancel,2
5356,indian,2
3310,fox,2
5353,ravi,2
3314,dutch,2
3320,piratebay,2
3321,transmission,2
5346,bridge,2
3297,pregnancy,2
485,score,2
3332,supervised,2
5255,loading,2
5254,capital,2
5249,bc,2
3464,evidenced,2
3465,science,2
3466,peeing,2
5248,heroin,2
3469,landed,2
5247,artery,2
462,perceived,2
465,prevent,2
5274,doctrine,2
5273,castle,2
3372,opskins,2
3426,sole,2
3428,incurred,2
5268,finish,2
5262,stores,2
5294,umm,2
5293,bans,2
3440,pedophilia,2
5287,prime,2
3421,skilled,2
3392,lahore,2
3396,dance,2
3398,satisfaction,2
3402,detail,2
3447,poster,2
3835,transplant,2
3838,makers,2
3844,tired,2
3846,initially,2
5037,east,2
3851,playful,2
3820,positive,2
354,racist,2
5031,recommendation,2
368,helping,2
370,mature,2
375,cunt,2
3648,screwed,2
5051,tapes,2
5050,mgm,2
5048,convenience,2
390,complaint,2
391,commission,2
393,minority,2
3796,iceland,2
3801,housing,2
5040,owed,2
3780,gut,2
3782,wise,2
3786,dealing,2
3789,intel,2
5052,contain,2
4946,treatments,2
129,pure,2
126,global,2
347,threats,2
122,chicago,2
353,deemed,2
4971,focus,2
4959,purposes,2
4957,judgment,2
3920,yrs,2
4980,sakura,2
3900,catching,2
5001,marmaris,2
3832,miller,2
3872,retaliate,2
100,accessory,2
4993,pizzagate,2
4989,buying,2
4988,minute,2
5019,screaming,2
3886,changing,2
3857,overdose,2
3861,eu,2
5014,vetting,2
3865,ny,2
3866,definitions,2
3870,prosecution,2
4994,representing,2
3697,scientific,2
3698,progress,2
3700,reinvestigate,2
3701,stare,2
3702,decisis,2
5088,experts,2
3706,slaves,2
3709,alimony,2
3711,barking,2
3683,clean,2
3686,devastating,2
5112,foot,2
3792,extract,2
3692,minors,2
5109,glock,2
3694,neighbourhood,2
3695,row,2
3696,prosecutors,2
3663,hiring,2
3664,belong,2
5108,carries,2
3666,blaming,2
5135,extremely,2
5133,ty,2
3678,significant,2
3647,cuz,2
3689,stomp,2
387,refuse,2
3762,mirror,2
3764,west,2
3767,lags,2
3768,replaced,2
3776,dortmund,2
3777,madrid,2
3778,trailer,2
3742,capacity,2
5057,assaulted,2
5086,refinance,2
5085,sofi,2
3751,forward,2
3721,bike,2
3755,mob,2
3724,brakes,2
3732,profiles,2
3735,damaging,2
5104,driver,2
5103,brains,2
3741,judgement,2
403,booby,2
5101,physically,2
417,sadie,2
3714,box,2
5091,secretly,2
3720,approach,2
3753,rock,2
2366,relevant,2
1610,random,2
1130,continues,2
967,boob,2
5905,websites,2
5906,niantic,2
5907,straining,2
2359,district,2
5908,finder,2
968,appreciated,2
2356,advocate,2
5910,tuned,2
5911,pokefindernow,2
6074,owning,2
1121,admission,2
1127,sides,2
1126,levels,2
2376,showing,2
1125,childish,2
1809,bs,2
1593,favors,2
817,typically,2
2083,till,2
812,farms,2
2085,disappear,2
2087,bt,2
1600,convicted,2
1298,specializes,2
804,wary,2
2350,reprimand,2
1637,incredible,2
818,exempt,2
2337,sea,2
2336,churn,2
2333,cpa,2
6050,llc,2
1642,thoughts,2
1163,compelled,2
1282,technicality,2
2102,updates,2
1290,trespass,2
2108,tied,2
32,kitty,2
1619,causes,2
5903,couch,2
1621,package,2
1623,faq,2
1301,cheerleading,2
1302,squad,2
2343,voice,2
2341,drinking,2
1310,chill,2
2110,association,2
1313,cyanide,2
1813,hang,2
6076,breakup,2
1603,basement,2
6257,frauds,2
1608,samurai,2
2348,department,2
1554,punk,2
1555,lesson,2
1557,murdered,2
1558,plea,2
2425,assure,2
6116,keeping,2
2424,increase,2
5876,technical,2
5877,runner,2
2032,contracts,2
2418,funding,2
2417,career,2
2415,wrist,2
6383,investing,2
2368,standards,2
2441,wiz,2
2438,peaceful,2
1849,prospects,2
1848,risky,2
1846,tough,2
1845,kinda,2
1549,inforced,2
1871,holy,2
5854,liqour,2
775,fecal,2
2456,knowingly,2
2454,pa,2
1551,appointed,2
1859,repeatedly,2
2442,freelivesport,2
1299,patent,2
990,pull,2
1842,conscious,2
2394,sucks,2
1840,shag,2
2393,bernie,2
5894,laser,2
1571,legend,2
6094,tiếng,2
5896,clinic,2
2071,congress,2
1835,theoretically,2
6231,chile,2
2380,tyrandre,2
2426,cooperation,2
6232,peru,2
1580,methods,2
2411,tutorial,2
6088,tablets,2
2409,screen,2
1004,function,2
1319,antique,2
2405,looked,2
800,themself,2
1322,enforcement,2
797,ship,2
795,fishermen,2
1009,supplies,2
1329,kept,2
2429,mask,2
2412,advertising,2
2237,boosting,2
2235,realise,2
1694,happily,2
2232,wellbutrin,2
916,harder,2
2231,pharmacy,2
1695,percent,2
2228,needa,2
1696,lip,2
1697,balm,2
2223,proper,2
917,liked,2
920,assholes,2
2217,dipshit,2
5947,austdoor,2
6001,vehicular,2
1699,budder,2
1700,lips,2
2147,condom,2
41,nam,2
5971,officers,2
2152,membership,2
2252,target,2
6043,mississippi,2
6042,dixie,2
2123,pressed,2
1243,hat,2
2127,complaining,2
2246,fantasy,2
1230,suffering,2
2203,transmitted,2
1211,confused,2
6033,germany,2
1737,convince,2
1741,analysis,2
2199,included,2
912,cousin,2
2198,markings,2
1210,refresh,2
2193,secure,2
1205,copa,2
1742,matched,2
2191,huma,2
1186,negotiate,2
1725,smith,2
1753,bright,2
6026,constitutional,2
2212,laughed,2
2211,consumer,2
5991,diplomas,2
1719,troll,2
6293,fined,2
1723,lived,2
884,modified,2
2166,nearly,2
2209,yea,2
2171,samsung,2
1748,incident,2
2172,smartwatch,2
1754,glow,2
1181,convinced,2
2274,drown,2
2273,deadweight,2
1179,earns,2
2272,lwayer,2
1175,plans,2
1262,don,2
1264,wallet,2
846,exposed,2
938,congrats,2
835,ideas,2
1655,tracks,2
834,yup,2
861,diamond,2
1244,circumstance,2
6337,downloading,2
2115,expenditures,2
2118,failure,2
2090,increased,2
1269,particular,2
2316,thousands,2
6248,fucks,2
2092,payment,2
1274,discrimination,2
949,hanging,2
1276,complain,2
5943,việt,2
955,handled,2
2302,strangely,2
859,financing,2
6291,mandate,2
6292,forces,2
1760,facts,2
1682,acid,2
2271,roomate,2
2270,amd,2
2135,famous,2
1759,matches,2
6330,vids,2
2267,dickish,2
2264,mistreat,2
2260,deadline,2
881,beard,2
6329,trubles,2
2277,ghost,2
6328,nudism,2
5981,schools,2
6327,pageants,2
1792,afghanistan,2
6326,nudist,2
1791,successfully,2
855,authorized,2
852,rings,2
6063,tip,2
2113,incur,2
5957,số,2
930,tools,2
1786,registered,2
936,products,2
1646,miss,2
2137,gravity,2
1454,reporting,2
2488,iv,2
1330,souvenir,2
2542,discounted,2
6431,shed,2
1921,meth,2
1385,url,2
1379,narrative,2
1922,apartment,2
6453,affirmative,2
1087,imminent,2
6471,cryin,2
1911,reality,2
5847,dumpster,2
1347,anonymous,2
4557,tradeoffer,2
5790,supervise,2
6145,viagra,2
6144,cartoon,2
1890,criminally,2
2575,limited,2
1102,supportive,2
6183,jack,2
1528,hunting,2
2576,nudes,2
1100,fucker,2
749,airline,2
739,immigrants,2
1947,pedophiles,2
2489,logi,2
1513,cock,2
1094,discretion,2
1517,accusation,2
1987,crying,2
1093,poses,2
1465,forever,2
6204,jones,2
1519,enjoying,2
1452,extort,2
1920,disposal,2
2499,natural,2
1933,suppose,2
1370,players,2
1482,accountant,2
1932,twice,2
1402,resources,2
1982,politely,2
2557,releasing,2
1477,threshold,2
2549,deserves,2
5816,contained,2
1915,europe,2
753,drinks,2
1979,starve,2
2522,hopes,2
1928,pos,2
752,rohypnol,2
1981,growing,2
1403,decisions,2
1914,darkrai,2
2485,sensitive,2
1034,consentual,2
1356,carol,2
6415,cine,2
5848,premier,2
2481,recording,2
1492,notification,2
1498,reply,2
1080,squatters,2
1408,poor,2
5821,beinsport,2
1426,gain,2
5851,helpful,2
2526,supposedly,2
1409,stuck,2
1889,plead,2
1887,accessing,2
1924,rounds,2
1935,signature,2
2550,custom,2
1955,desire,2
2018,deductible,2
2015,detective,2
2016,exciting,2
1419,adjustment,2
6169,urges,2
6126,crest,2
760,bucks,2
1442,injured,2
756,doot,2
2513,ipa,2
1966,graphics,2
6178,booked,2
2584,advocating,2
1883,cold,2
1446,attorneys,2
2019,intend,2
1440,infringing,2
6172,rows,2
2449,hotline,2
1435,strategies,2
1962,favour,2
5802,restriction,2
2580,pedophile,2
2578,posts,2
1437,thug,2
1964,offered,2
1433,features,2
1903,yards,2
1339,ill,2
2579,explicitly,2
6127,toothpaste,2
2443,soccerjumbo,2
1044,hip,2
731,danish,2
2465,regretted,2
729,sevilla,2
1060,liability,2
2469,allowing,2
2471,trivial,2
1119,btw,2
1449,difficult,2
1068,reaction,2
2013,serials,2
1998,lovely,2
2570,marriages,2
6177,flight,2
1045,hop,2
1416,entering,2
5834,af,2
5809,southampton,2
2028,accepted,2
1968,provider,2
1875,excuse,2
1874,medicating,2
2475,voter,2
767,concealed,2
1014,films,2
2566,responsibilities,2
1996,certificate,2
2568,turns,2
715,staff,2
2535,ig,2
6188,nys,1
127,leader,1
128,niche,1
6193,overrun,1
5095,fps,1
5096,trickshots,1
5094,gaming,1
4954,challenged,1
4928,moron,1
6189,propped,1
4952,chloroform,1
6265,departments,1
4929,compliance,1
4930,disturbance,1
4931,fundamental,1
6266,affairs,1
4932,enshrined,1
5093,discord,1
5092,tcg,1
5097,feeds,1
6267,interns,1
6264,bombs,1
6263,moltovs,1
4949,malik,1
6190,rifle,1
4948,weekend,1
6268,educational,1
6191,shots,1
6192,hotel,1
6269,prohibits,1
6262,tasks,1
5090,landscape,1
6261,eventualy,1
4950,oversees,1
6170,meantime,1
4902,inspect,1
4901,technician,1
4899,pride,1
6168,satisfying,1
5110,hollow,1
5111,forehead,1
4898,transform,1
6270,labour,1
6167,encouraging,1
6166,comma,1
36,nhan,1
4894,cliff,1
4893,proving,1
5113,repaired,1
6277,indefinately,1
4926,preaching,1
35,nguyen,1
4881,dma,1
4880,headquartered,1
4879,acculist,1
4878,cursing,1
4882,accredited,1
6303,legality,1
6175,accommodation,1
6174,seats,1
34,liệt,1
6173,legroom,1
4908,disregard,1
6304,bb,1
4907,lmfao,1
4905,strive,1
6171,treatable,1
4904,exceed,1
6305,drone,1
4903,expectations,1
4876,collections,1
5120,interprets,1
5121,protesters,1
6282,adjuster,1
4916,sob,1
6283,evasion,1
4914,stat,1
6196,policeman,1
6284,avoidance,1
4925,hurts,1
6286,arguably,1
4911,tense,1
6287,crummy,1
6195,tendency,1
6288,rekt,1
6289,plebs,1
6290,commercial,1
5089,alter,1
6194,mongrels,1
6285,circumvent,1
4924,gmail,1
4923,ozaspelltemple,1
6165,busy,1
5114,smurf,1
5115,rank,1
5116,afoul,1
5117,prohibiting,1
6278,primary,1
4917,payroll,1
5118,intimidation,1
6280,medicals,1
4922,ozama,1
4921,dr,1
4920,valentines,1
4919,lines,1
6281,ecualte,1
5119,depend,1
4918,brake,1
6279,accordingly,1
6233,croatian,1
6201,summons,1
6234,murders,1
5068,nbsp,1
5069,japanese,1
6235,spate,1
6200,benevolence,1
6236,killings,1
6237,motivated,1
5074,interrogation,1
5070,executed,1
5071,waterboarded,1
5006,snaps,1
6238,dissimilar,1
5005,compilation,1
6239,cultures,1
5004,eroshare,1
6199,explanation,1
5039,ti,1
6198,storenvy,1
5007,kickin,1
6260,lean,1
5060,brings,1
6206,picked,1
5017,informally,1
6205,penalize,1
5061,cartel,1
5062,aha,1
6229,gangbang,1
5016,criterion,1
5010,ineffable,1
6203,mitch,1
5063,halloween,1
6230,blackberry,1
5013,alot,1
5064,masterbatech,1
5012,informations,1
5065,manufacturer,1
5066,masterbatch,1
5011,trusted,1
6202,overtime,1
5015,ethnicity,1
6217,misleading,1
5027,mesh,1
5026,safari,1
5024,contribution,1
5023,roth,1
6218,charity,1
5046,kicking,1
5021,ira,1
5047,chair,1
5038,wither,1
6220,weaksauce,1
6221,decent,1
5054,contestants,1
5053,civilly,1
6222,reliable,1
6226,midtjylland,1
6223,lube,1
5049,amazes,1
6224,slippery,1
6225,dden,1
6219,spartak,1
5041,clever,1
5042,landlords,1
6240,rejecting,1
6241,objective,1
6197,escort,1
6242,hardline,1
6243,myanmar,1
6244,berkely,1
5035,hneabqjcfhsq,1
6216,negative,1
5033,uczihs,1
5043,comply,1
6228,penal,1
6213,damned,1
6227,esbjerg,1
6214,cheapest,1
5032,laramie,1
5044,deplorable,1
5045,securely,1
6215,blunders,1
5034,vikh,1
5072,soldiers,1
4962,stripping,1
6184,aw,1
5073,enhanced,1
4961,nl,1
4960,lang,1
6249,controls,1
6250,doj,1
4956,prejudice,1
6207,multiply,1
4987,grief,1
5075,wordplay,1
5076,cons,1
4986,chesticles,1
4985,saved,1
5077,thats,1
5078,debunk,1
5079,atheists,1
4984,audacious,1
4983,avoidant,1
4955,motion,1
5098,editor,1
6271,furthermore,1
6187,sending,1
124,arrowsmith,1
6272,slavery,1
6273,affected,1
115,restrictions,1
6274,practices,1
6275,compromised,1
5105,passenger,1
5102,forgotten,1
6186,battle,1
6185,overlook,1
6276,soil,1
4968,academy,1
6245,sextape,1
4966,imagination,1
4965,stripped,1
6246,contradicts,1
6247,switch,1
4970,croydon,1
5084,appalled,1
6255,honor,1
6256,sacrifices,1
6181,boarding,1
104,marvelous,1
6212,nag,1
5087,encourage,1
5056,confront,1
6211,insult,1
5080,yt,1
6210,excuses,1
6209,flooring,1
6208,demanding,1
4991,posted,1
4990,argentinian,1
5058,larger,1
5020,rolled,1
6258,memorialized,1
5018,communicate,1
6259,enforceable,1
4992,wardens,1
4982,selfish,1
4981,sakurabeauty,1
6251,podesta,1
4979,beautyful,1
5081,kik,1
5082,snapchat,1
4978,escaping,1
4977,thief,1
4976,dependant,1
5083,mindfully,1
4995,redditors,1
4974,xs,1
4973,sizes,1
4972,esteem,1
5003,bradford,1
6182,boot,1
5002,audrey,1
6252,exspression,1
6253,articles,1
5000,economic,1
4998,taxi,1
4975,vape,1
6399,spitting,1
4645,fiverr,1
6400,saliva,1
4643,unknown,1
4642,software,1
4641,corrected,1
4640,unleas,1
4672,played,1
4671,testing,1
4670,paternal,1
6401,aids,1
4668,hahaha,1
5107,doped,1
6402,cymbalta,1
6403,ssri,1
4666,lps,1
4665,uknow,1
4664,india,1
4663,gang,1
6404,snri,1
4662,biggest,1
6405,tianeptine,1
4661,gundas,1
4660,liquor,1
6406,opposite,1
4667,arenasport,1
4634,pentakills,1
6417,award,1
4631,baffled,1
4630,dint,1
6418,doctorate,1
6419,euros,1
6420,supersmooth,1
4629,thereto,1
4628,rendered,1
6421,durable,1
4626,charging,1
4625,winner,1
6398,disgusting,1
4655,cyber,1
6422,shocking,1
6423,virtually,1
6424,commiting,1
6425,guidance,1
4650,swinging,1
6426,preventing,1
4649,jeopardize,1
6427,waited,1
6396,deductions,1
6397,spit,1
4648,ending,1
4624,fabricate,1
4698,tinder,1
6384,subjects,1
4697,session,1
4696,kemper,1
4695,ellie,1
6385,tylenol,1
6386,suffer,1
4692,administration,1
4691,biased,1
4690,drag,1
6387,liver,1
6388,carpet,1
4659,apkpure,1
4709,xboxcube,1
6389,utilize,1
4707,visible,1
4706,burned,1
6390,technicians,1
6391,iicrc,1
161,poshmark,1
160,mercari,1
159,vinted,1
157,clothes,1
153,exchanged,1
6392,ball,1
4712,surgery,1
4658,apkmirror,1
4657,traced,1
6407,cyproheptadine,1
6408,doctors,1
4688,smartphone,1
4687,combining,1
4686,deterrent,1
6409,serotonin,1
4685,functionality,1
4684,dual,1
4683,explode,1
4682,replacement,1
4699,whammy,1
4679,firing,1
6410,pub,1
4677,scars,1
4676,leaves,1
6411,med,1
4674,freaking,1
4705,bridges,1
4704,interests,1
6380,machines,1
4703,fiduciary,1
4702,qualified,1
6381,fatherhood,1
6382,pages,1
4681,notably,1
4571,presidential,1
6458,behaviour,1
4570,unscathed,1
6459,manipulative,1
6467,premium,1
6468,ounces,1
6470,died,1
4566,aik,1
4565,fluid,1
4563,exposing,1
6472,abt,1
1410,applying,1
6416,csgopotpro,1
4560,mods,1
4558,settled,1
4589,cinematography,1
4588,shyamalan,1
1411,spousal,1
1412,green,1
1413,overstay,1
1415,mistaken,1
4587,enjoyed,1
4586,withdrew,1
4584,mid,1
4583,liar,1
4561,purely,1
4523,mattering,1
6445,goddamn,1
4555,uni,1
6446,filters,1
4554,penning,1
6447,autism,1
4553,denial,1
4552,paragraph,1
4551,themes,1
4550,barack,1
4549,refer,1
4548,aclu,1
6457,processing,1
4546,contracted,1
4545,hassle,1
6448,leaving,1
4544,getaway,1
4543,tires,1
6449,lung,1
6450,payza,1
6451,incorrect,1
6452,constructions,1
4542,flatten,1
6454,viet,1
6455,reduce,1
6456,remains,1
4547,cooperating,1
6433,flexibility,1
4617,buildings,1
4616,routes,1
4615,towns,1
6434,rice,1
4613,remaking,1
6435,standalone,1
6436,received,1
6437,gamespy,1
4612,zimmay,1
4611,pena,1
6438,debacle,1
4582,lije,1
4609,dump,1
4608,jumps,1
6439,warez,1
6440,script,1
6441,rented,1
6442,entered,1
6443,falling,1
6412,chahat,1
6413,ki,1
6414,calm,1
4636,replays,1
4635,pentakill,1
4610,missy,1
4581,bluff,1
4580,consumers,1
4579,consist,1
4577,undermine,1
4576,nimrod,1
4575,pr,1
4607,relationships,1
4605,touches,1
4604,supporter,1
4603,maga,1
4602,wore,1
4601,pushed,1
6432,constrictive,1
4597,pets,1
4596,kink,1
4595,involve,1
1422,master,1
6428,repairing,1
6429,warnings,1
4594,emergencies,1
4593,guise,1
4592,director,1
4591,reinvigorated,1
4623,limitations,1
4621,handcuff,1
6430,buyer,1
4598,finalized,1
4828,privileged,1
4827,decades,1
4826,referring,1
4825,fruity,1
4824,hangs,1
6331,native,1
37,benh,1
4823,fruit,1
38,liet,1
4821,murdering,1
4819,comparison,1
4818,pale,1
6393,rolling,1
4840,immoral,1
4839,prick,1
4837,premeditated,1
39,duong,1
4835,impulse,1
4834,ubering,1
143,unbeatable,1
142,lizard,1
141,teju,1
140,caiman,1
136,loafers,1
42,gioi,1
4841,slandering,1
6342,interact,1
4811,loves,1
6343,thnx,1
6344,drom,1
4808,sensus,1
6345,shell,1
6346,corp,1
6347,shorter,1
6316,bestway,1
6317,ppl,1
6318,afford,1
6319,upside,1
4829,cite,1
6321,repo,1
6322,mo,1
6323,cafe,1
4802,irrelevant,1
4801,inclusion,1
6324,sig,1
4800,upset,1
130,leather,1
6325,backgammon,1
4832,crucified,1
4831,monstrous,1
4830,insubordination,1
6320,equity,1
4870,tumblr,1
6294,clerical,1
4869,thx,1
4868,upshot,1
6295,overseas,1
6296,mandates,1
4865,thin,1
6297,answers,1
4864,mmmmh,1
6298,supporting,1
6299,baka,1
4863,thrive,1
47,sighted,1
6300,mortage,1
4861,ensured,1
4860,establishment,1
4892,bloody,1
4891,tobacco,1
4890,cigarette,1
6301,vibe,1
4888,billionaire,1
4887,rich,1
6302,credibility,1
4885,central,1
4883,broker,1
4862,continue,1
135,handcrafted,1
134,range,1
6306,curtis,1
132,explore,1
4859,indirectly,1
4858,obligated,1
4857,secretary,1
6309,unethical,1
6310,ss,1
4856,endorses,1
4855,formally,1
6311,asks,1
4873,modchat,1
4852,trunk,1
4850,mandatory,1
6312,avvo,1
4848,optics,1
6313,disclaimer,1
4845,angel,1
4844,carried,1
6314,ndaa,1
6315,convict,1
4843,cheated,1
4842,stating,1
4875,overwatchmemes,1
4874,grouptag,1
4853,chain,1
4748,paycheck,1
4747,embezzling,1
4746,initial,1
4745,harmless,1
6375,authentic,1
6376,temporary,1
4744,incest,1
6377,residence,1
6378,counterfeit,1
6379,holograms,1
6348,compulsory,1
6349,voluntary,1
6341,finger,1
4738,listing,1
4737,crushing,1
4736,climate,1
4735,panama,1
4734,specialist,1
4733,dmca,1
4732,monster,1
4765,faith,1
4764,bournemouth,1
4763,afc,1
6351,prague,1
6352,advertisement,1
6350,slavia,1
6394,incredibly,1
4731,unleash,1
6395,cbd,1
4730,confidence,1
4729,satisfy,1
4728,frequent,1
4727,dysfunction,1
6364,afforded,1
6365,losses,1
6366,malicious,1
6367,hahahahahahah,1
4726,erectile,1
4749,punish,1
6369,shape,1
6370,fines,1
6371,assange,1
4724,battling,1
4723,erections,1
4720,religious,1
6372,snatched,1
4719,elect,1
4718,freeze,1
4717,transplants,1
6373,doorstep,1
4716,poop,1
6374,kohl,1
6368,timeglass,1
6363,willingly,1
4766,healers,1
4799,division,1
6332,fatal,1
6333,taboo,1
6334,stent,1
4798,pokemongo,1
6335,listening,1
4795,launched,1
6336,funeral,1
4793,grocery,1
4792,nap,1
4762,horse,1
4790,quietly,1
6338,thrones,1
6339,aired,1
4788,normally,1
4787,basel,1
4786,ukraine,1
4784,gg,1
6340,corroborated,1
4817,experiencing,1
4815,impregnated,1
4814,salvageable,1
4813,endangerment,1
4791,discreetly,1
6353,mfj,1
4759,ink,1
4757,defeat,1
6354,brackets,1
6355,barks,1
4754,telecom,1
6356,figurative,1
4753,imokhles,1
4752,totoa,1
6357,soul,1
4750,entrepenour,1
4782,turrent,1
4769,stalk,1
4781,lvl,1
4780,photographers,1
4779,someonre,1
6360,crossing,1
4778,inftlringement,1
4777,mydol,1
4776,interpreted,1
6361,enforce,1
4775,late,1
4774,sheriffs,1
4773,notices,1
6362,politicians,1
4770,delinquent,1
6358,fashion,1
5558,privately,1
5912,shooter,1
5557,marrying,1
5555,worship,1
5554,molesters,1
5913,attendee,1
5914,brass,1
5915,knuckles,1
5916,arraignment,1
5917,natalie,1
72,bending,1
5918,moore,1
6146,sildenafil,1
5887,deleted,1
69,constitutionalist,1
5888,dates,1
5578,excessive,1
5577,betcha,1
5576,deepweb,1
5889,stabbed,1
5890,eyes,1
5891,jumper,1
5892,associates,1
5573,joining,1
5572,duck,1
5893,responds,1
70,literal,1
5523,drawning,1
5926,cages,1
5553,protecting,1
5552,shitlibs,1
5927,separation,1
5551,lamp,1
5928,cats,1
5550,threatened,1
5929,horses,1
5548,civilians,1
5930,hình,1
5546,stupidly,1
5559,owing,1
5931,ảnh,1
5543,akin,1
5934,tại,1
5542,gotten,1
5935,dự,1
5541,skeptical,1
5540,unprovoked,1
5936,án,1
5539,pepper,1
5563,cease,1
5561,til,1
5904,blowjob,1
5560,amalawyer,1
5545,excited,1
5872,mia,1
5873,malkova,1
5612,technique,1
5611,magnitude,1
5610,snoo,1
5609,firm,1
5608,cincinnati,1
5607,pony,1
5605,ww,1
5604,asiimovs,1
5603,lemonade,1
5602,pathetic,1
5571,muhammad,1
5600,surrendering,1
5599,turkey,1
5875,existence,1
5598,erdogan,1
5597,insulting,1
5628,andy,1
5627,conductor,1
5878,associate,1
5879,grandfathers,1
5626,sodomy,1
5880,gained,1
5625,immune,1
5881,finance,1
5601,toxic,1
5570,useable,1
5895,removal,1
5569,foaming,1
5568,begins,1
5897,miranda,1
5567,coulter,1
5566,waterboarding,1
5898,nsw,1
5565,soakers,1
5564,desist,1
5596,pattern,1
5595,dime,1
5871,nubile,1
5593,clinics,1
5899,cya,1
5592,operate,1
5900,permanently,1
5591,corporations,1
5589,managed,1
5901,bottle,1
5586,yelling,1
5902,pretending,1
5583,bumping,1
5582,consequently,1
5581,impotency,1
5870,intellectual,1
5594,operated,1
5955,cổ,1
5956,phần,1
5483,waltz,1
5482,custodial,1
5481,secretive,1
5958,đường,1
5479,arrange,1
5478,rehab,1
5959,trần,1
5477,magnesium,1
5960,thái,1
5961,tông,1
5925,studz,1
5506,bureau,1
5505,radio,1
5504,hmm,1
5503,fixes,1
5502,billed,1
5962,cầu,1
5963,giấy,1
5964,hà,1
5965,nội,1
5499,militias,1
5966,giver,1
5967,carolina,1
5496,starwood,1
5475,panic,1
5472,scary,1
5471,symptoms,1
5470,elevated,1
5469,stepped,1
5468,desk,1
5467,tp,1
5466,ends,1
5465,bury,1
5464,nsa,1
5979,peers,1
5980,worlf,1
5462,optic,1
5484,skittles,1
5460,crooked,1
5459,anti,1
5982,egyptian,1
5490,untraceable,1
5983,ummmm,1
5984,borderline,1
5488,upgrade,1
5487,nigguh,1
5486,skittuhs,1
5985,roofie,1
5953,năm,1
5485,gimme,1
5954,công,1
5461,fiber,1
5536,protestors,1
5944,thuộc,1
5945,tập,1
5946,đoàn,1
5948,liên,1
5949,hệ,1
5950,tư,1
5951,vấn,1
5952,đẹp,1
5535,ear,1
5534,deaf,1
5919,commingle,1
5495,spg,1
5921,pet,1
5532,condemning,1
5922,grooming,1
5531,hypocrisy,1
5530,fans,1
5923,houston,1
5529,snagging,1
5924,sudz,1
5528,todayilearned,1
5527,tomorrow,1
5526,flood,1
5525,vid,1
5524,sinmple,1
5920,lottery,1
5494,festivities,1
5493,nights,1
5492,remotely,1
5491,databases,1
5522,faking,1
5521,plenty,1
5520,quotes,1
5519,improvement,1
5968,brace,1
5937,gamuda,1
5938,gardens,1
5939,thương,1
5518,slam,1
5537,rioting,1
5940,hiệu,1
5516,payer,1
5515,wasting,1
5514,tall,1
5941,hàng,1
5513,sling,1
5512,hardware,1
5511,unfair,1
5510,stamps,1
5509,monetary,1
5508,priceless,1
5942,đầu,1
5538,rallies,1
5517,subhuman,1
5707,slot,1
5706,trackable,1
5740,reporter,1
5739,psychologist,1
5738,hungry,1
5837,shirts,1
5737,faggotfucker,1
5736,presumptuous,1
5806,edited,1
5735,righteous,1
5807,fenced,1
5808,coroner,1
5624,username,1
5733,backwards,1
5732,unfit,1
5731,bred,1
5810,filings,1
5730,accepting,1
5729,lab,1
5728,forensics,1
5727,suggests,1
5726,wording,1
5811,abducted,1
5725,annulment,1
5756,evex,1
5755,mentality,1
5734,systems,1
5827,continued,1
54,sunset,1
5697,fits,1
5696,impeachable,1
5828,talked,1
5695,tweets,1
5694,fictions,1
5724,conduct,1
5723,disorderly,1
5829,tossed,1
5830,ammount,1
5831,jan,1
5708,leftovers,1
5720,facing,1
5832,purchasing,1
5719,spoofing,1
5833,blue,1
5718,happier,1
5717,nickbunyun,1
5716,drakelounge,1
5715,asia,1
5714,vendors,1
5835,ccsg,1
5836,sassy,1
5712,campaigns,1
5711,multi,1
5721,felonies,1
5764,enlistment,1
5763,pace,1
5762,consolidation,1
5795,ual,1
5796,joing,1
5757,specializing,1
5797,southwest,1
5798,rapid,1
5799,reviewed,1
5800,cannabis,1
5801,patient,1
5787,builder,1
5754,sidewalk,1
5785,hiding,1
5784,speculated,1
5783,withholding,1
5803,cannbis,1
5782,concrete,1
5781,grabbing,1
5804,bearing,1
5779,sealed,1
5805,strictly,1
5774,injuring,1
5775,liga,1
5776,broken,1
5777,zven,1
5786,conversations,1
5812,recorded,1
5813,pissing,1
5753,streets,1
5814,marigolds,1
5752,wolrd,1
5751,blank,1
5750,foster,1
5749,hammer,1
5748,servant,1
5746,humans,1
5745,entity,1
5817,pixels,1
5744,imf,1
5793,dealings,1
5820,featured,1
5743,handed,1
5741,boards,1
5791,mysteriously,1
5773,oak,1
5772,landlocked,1
5771,drove,1
5770,legaladvice,1
5769,commentary,1
5768,itv,1
5792,eludes,1
5767,vary,1
5766,discharge,1
5818,constituted,1
5861,candidate,1
5639,evil,1
5636,yelled,1
5635,church,1
5634,legitimately,1
5862,ruled,1
5633,girlfriends,1
5632,turkish,1
5863,ama,1
5864,falsehoods,1
5630,intercom,1
5629,dufrene,1
61,extends,1
5660,distributing,1
5659,ransom,1
5658,repayment,1
5865,adsports,1
5657,kidnaps,1
5656,mile,1
5866,ac,1
5655,sheet,1
5653,disappears,1
5867,casting,1
5651,goods,1
5868,lazy,1
5869,fwiw,1
5661,herring,1
5882,specialize,1
5622,kissing,1
5621,losers,1
5883,improving,1
5884,scores,1
5620,generations,1
5619,whew,1
5885,tracking,1
5886,retrieving,1
5618,friens,1
5617,scam,1
5616,feed,1
5640,counselor,1
5855,olds,1
5856,dealers,1
5614,towed,1
5613,underused,1
5857,deliver,1
5858,extensive,1
5645,rc,1
5644,wreck,1
5859,punched,1
5643,scapegoat,1
5860,greater,1
5642,ollie,1
5641,yu,1
5615,impounded,1
5690,udinese,1
5689,hq,1
5688,wing,1
5686,allegiant,1
5685,debauchery,1
5684,goood,1
5683,threatens,1
5682,virus,1
5681,conspiracy,1
5849,blowing,1
5680,middlesbrough,1
5679,burnley,1
5650,acquire,1
5678,brah,1
5852,oriented,1
5853,deeply,1
5704,arrive,1
5822,arabic,1
5823,setanta,1
5703,brainwashed,1
5702,recruiting,1
5701,decently,1
5700,amway,1
5824,russian,1
5698,vehcile,1
5826,attempts,1
5850,informative,1
5649,entrapment,1
5648,explosives,1
5647,terrorist,1
5838,constant,1
5839,ludogorets,1
5840,defining,1
5677,homosexuals,1
5676,sharia,1
5841,explaining,1
5674,directive,1
5842,ignoring,1
5673,resuscitate,1
5843,doubled,1
5691,calcio,1
5845,rotating,1
5670,seize,1
5669,creditor,1
5668,machine,1
5667,rambling,1
5666,nonsensical,1
5846,categories,1
5665,hilldawg,1
5664,sand,1
5663,heads,1
5662,fooling,1
5693,mock,1
5692,bologna,1
5844,cashback,1
5217,whimsy,1
5216,erotic,1
5215,slice,1
6100,leads,1
6101,verbally,1
6102,indication,1
5214,texted,1
6103,frivolous,1
5245,flow,1
5244,asphyxiation,1
6104,wins,1
5242,strangulation,1
5977,oakland,1
5241,proved,1
5240,veterinarian,1
5239,zealous,1
5238,licensing,1
6106,fam,1
6107,ammunition,1
6108,severity,1
5237,stim,1
5236,sylvanas,1
5235,raynor,1
5234,unlock,1
6109,aunt,1
6110,controlled,1
6105,nonsense,1
5204,aussies,1
5203,basketball,1
5202,reflect,1
6119,assassinate,1
6120,pantyhose,1
5200,poker,1
5199,spread,1
6121,kitchen,1
6122,mixer,1
6123,raccoon,1
6124,mesmerizing,1
5228,taught,1
5218,rectum,1
5227,dirtyrussia,1
5226,penetration,1
5225,thai,1
6128,whiter,1
5223,amateur,1
5222,relative,1
6130,whitening,1
5220,bite,1
6131,brushing,1
5219,misinterpreted,1
6132,koth,1
6098,bạn,1
6099,messing,1
6125,fur,1
6096,anh,1
6097,vậy,1
5275,uninvited,1
6066,permitted,1
6067,subtenant,1
6068,courtesy,1
6069,ordered,1
5271,avid,1
6070,interchangeable,1
5270,specify,1
6071,charger,1
6072,harliequinnx,1
5232,slicer,1
5266,guardians,1
5265,sa,1
5264,petitions,1
6073,chaturbate,1
5292,blanket,1
6075,austria,1
5291,dea,1
5290,aged,1
5289,kittygfs,1
5288,jailbait,1
6077,heterosexual,1
5286,primeassteens,1
5285,clearnet,1
5267,aggressive,1
6111,sct,1
6112,perception,1
5231,banana,1
5230,hutzler,1
6082,jezebel,1
6083,cleaners,1
6084,litigious,1
5258,childsupport,1
5257,shakespeareangirlf,1
5256,exclusive,1
6085,navixsport,1
6086,mobiles,1
5276,prima,1
5253,dumb,1
5252,alerted,1
5251,convulsions,1
5250,seizures,1
6089,separately,1
6090,roadway,1
6091,inn,1
6092,diễn,1
6093,đàn,1
5246,corodid,1
5278,bodily,1
5277,facia,1
6095,hay,1
6087,ipads,1
6157,mintos,1
5149,spaced,1
6158,marketplace,1
6159,growth,1
5148,pegged,1
5147,votes,1
5146,whispering,1
5145,ballot,1
6160,motorcycles,1
6161,flash,1
5143,promising,1
5142,adamantly,1
5205,furious,1
5139,poll,1
5138,confidentiality,1
5162,marital,1
5161,stumbles,1
5160,cab,1
5159,anniversary,1
5158,ignorance,1
5157,projecting,1
6162,exhaust,1
6163,aside,1
6164,emergency,1
6133,youuuuuuuu,1
5156,fools,1
5140,suppress,1
5106,threw,1
6176,remain,1
5137,quashed,1
5136,subpoenaed,1
5134,stinky,1
5132,votting,1
6179,disabled,1
6180,reserve,1
6149,achieve,1
6150,erection,1
5129,drugging,1
6151,arrives,1
6156,estateguru,1
6153,investments,1
5127,recommended,1
5126,forgetful,1
5125,suggestible,1
5124,zombie,1
5123,reasonableness,1
5122,factor,1
6154,bondora,1
5153,electrical,1
5152,diy,1
6155,invested,1
5151,apollo,1
5150,themed,1
6152,envelope,1
5196,neutral,1
5195,shifting,1
5194,sibling,1
6143,kaif,1
5192,tis,1
5191,sketched,1
5190,universe,1
5189,surprisingly,1
6147,dosage,1
5188,beachworld,1
5187,lf,1
5186,victims,1
6134,wwe,1
5184,innocence,1
5183,onus,1
5182,goodbye,1
5213,lookalike,1
5212,gamecatt,1
5211,gorgeous,1
5210,nephews,1
5209,flirted,1
5208,overextending,1
6148,effectiveness,1
6118,cruze,1
5207,classic,1
5206,george,1
5185,predator,1
5155,skateboard,1
92,jared,1
91,sperm,1
89,mayo,1
88,subway,1
6135,roman,1
6136,brock,1
6137,decoration,1
6138,crafts,1
6139,cum,1
5181,hint,1
5180,fruits,1
6140,swallowing,1
5197,upvotes,1
5176,openly,1
6141,hottie,1
5175,pointless,1
6142,katrina,1
5174,cuff,1
5173,streamsd,1
5170,yay,1
5169,pound,1
5167,neighbour,1
5166,ray,1
5165,pply,1
5164,climax,1
5163,proceeds,1
5177,btfo,1
5378,involves,1
6008,ccw,1
5377,fingerprinting,1
6009,creeper,1
6010,ramp,1
5406,nipples,1
6011,conversly,1
5405,mutilated,1
5404,strike,1
5403,emptive,1
6012,kfc,1
5401,conditions,1
5284,naturist,1
6013,telemarketing,1
6014,nationality,1
6015,geneva,1
6016,nations,1
6017,tort,1
5986,bondages,1
5987,kmckia,1
5988,illustrated,1
5989,arguments,1
5396,cent,1
5992,named,1
5395,bolts,1
5993,silverman,1
5399,stops,1
5391,cheat,1
6023,defence,1
6024,specifics,1
5389,classy,1
5388,tasteful,1
6025,anonymity,1
5387,genuinely,1
6027,accuser,1
6028,worthless,1
6029,borrowed,1
5386,bartenders,1
6030,ars,1
6007,scene,1
6032,melania,1
5385,boys,1
5384,bus,1
5383,runners,1
6002,conviction,1
6003,offence,1
5382,waiters,1
5381,personnel,1
5380,posession,1
6004,clarify,1
6005,sharpest,1
5379,burglary,1
6006,pumps,1
6031,sections,1
5430,accuse,1
5429,rationally,1
6000,dial,1
5426,mere,1
5458,jerfrogcomics,1
5457,uber,1
5969,limb,1
5455,iffy,1
5970,recordings,1
5453,recluse,1
5452,holders,1
5451,invalid,1
5393,hated,1
5450,appointments,1
5449,registrations,1
5448,pretends,1
5447,debates,1
5446,magical,1
5445,eating,1
5973,abilify,1
5444,subject,1
5443,uc,1
5974,affiliated,1
5975,wasted,1
5474,tetania,1
5976,offline,1
5972,disagreeing,1
5425,swords,1
5424,messages,1
5423,containing,1
5422,lord,1
5419,joel,1
5994,garbage,1
5418,cozy,1
5417,bath,1
5416,assistant,1
5415,cheery,1
5414,completey,1
5412,clothing,1
5411,frisk,1
5431,advances,1
5995,debtor,1
5996,prisons,1
5441,doi,1
5440,lsd,1
5439,psychedelics,1
5997,platypus,1
5998,poopy,1
5438,gene,1
5437,overexpressed,1
5436,targets,1
5435,sequenced,1
5434,genome,1
5999,butt,1
5410,artistic,1
5327,residents,1
5326,quotas,1
5325,kitties,1
5323,littering,1
5322,highways,1
5321,signage,1
5320,tactic,1
5319,saturation,1
5318,steroids,1
6055,centipedes,1
6056,patriots,1
5317,intersection,1
5392,cared,1
5316,mentor,1
5315,assist,1
6058,blessings,1
5314,paradox,1
5313,responsive,1
5312,capable,1
5311,oil,1
5343,pokemons,1
6059,delivered,1
5342,truated,1
5341,downvotes,1
5340,organization,1
5339,receiving,1
6057,kek,1
5283,jbs,1
5282,lc,1
5281,bummed,1
5280,retreat,1
5279,pussified,1
5310,neem,1
5309,es,1
5308,generated,1
5307,tone,1
5306,sideways,1
6078,continuation,1
6079,demonstrated,1
5295,mentally,1
6080,whatsoever,1
5304,ham,1
6081,clarified,1
5303,population,1
5302,lamb,1
5301,chloe,1
6051,douglass,1
5300,pursue,1
5299,postage,1
5298,minus,1
5297,diagnosis,1
6052,rd,1
6053,macon,1
5305,encounters,1
6041,crowd,1
5345,hype,1
5344,disguise,1
6045,grade,1
5375,kenya,1
6046,alabama,1
6047,southeast,1
6048,arkansas,1
5374,forgery,1
5373,tailing,1
5372,wiretaps,1
5371,sphere,1
5338,materials,1
6049,performance,1
5368,pi,1
5367,espionage,1
6018,bluntly,1
5366,qualify,1
5365,unions,1
6019,genitals,1
5363,unwinding,1
6020,bathing,1
5362,territory,1
6021,defender,1
5361,asian,1
6022,tailer,1
5370,gathered,1
6060,shitpost,1
6061,sticking,1
5337,dt,1
6062,cannibal,1
5335,criminals,1
5334,secondly,1
5333,firstly,1
5332,jihad,1
6064,locking,1
5331,islamic,1
5330,radical,1
5329,shortsighted,1
5328,hasty,1
6040,photobook,1
6034,publish,1
6035,bible,1
5357,girles,1
6036,positively,1
5355,boons,1
6037,personality,1
5352,influenced,1
6038,lucky,1
6039,accenture,1
5350,civ,1
5349,prototype,1
5348,itx,1
5347,mini,1
6065,guest,1
2505,synergistically,1
2504,testofx,1
2503,nutrition,1
2502,allmax,1
2501,concoction,1
2498,stimulating,1
750,baker,1
748,replies,1
744,hyperbole,1
742,tldr,1
2521,crosswalks,1
2519,mentors,1
2515,someway,1
2514,leaked,1
3939,dominic,1
733,cr,1
728,eibar,1
725,esp,1
2508,sharemarketcalls,1
2507,wonders,1
2541,enhancers,1
2539,discovery,1
2538,deposition,1
2536,confirmed,1
2532,misc,1
2530,knives,1
2528,payout,1
2527,crosswalk,1
2524,detain,1
734,sportklub,1
782,toys,1
778,intestine,1
777,lingering,1
2458,outted,1
2457,emailing,1
2453,document,1
2451,monitoring,1
2450,trainwreck,1
768,century,1
763,felon,1
2446,spoke,1
2480,chooses,1
2478,appropriate,1
2477,whichever,1
2506,unimaginable,1
2474,rnc,1
2473,procedural,1
2464,angles,1
2460,pulls,1
740,illegals,1
2497,testosterone,1
2495,pump,1
2494,vacuum,1
2492,feminists,1
2491,files,1
2490,res,1
2487,surprised,1
2486,mexico,1
2482,resubmit,1
2476,irregularities,1
2594,alternatives,1
2592,steamer,1
2590,ditch,1
2619,occurred,1
2618,deletion,1
2614,unlawful,1
698,handmade,1
696,morty,1
694,catchable,1
2609,douchebag,1
2607,fighter,1
2605,interessted,1
2636,sayfanızın,1
2635,bir,1
2523,attendant,1
2633,veya,1
2632,kişisel,1
2629,scan,1
2627,restroom,1
2626,backpack,1
2625,restraints,1
2624,temptation,1
2623,theifs,1
2649,opponent,1
2647,loving,1
2646,republican,1
2642,zinger,1
682,separated,1
2641,geçiniz,1
2634,ticari,1
2558,intimate,1
2556,arranged,1
2555,degrading,1
2554,threesome,1
2552,bribery,1
2551,orders,1
2548,arse,1
2546,major,1
709,decor,1
708,garden,1
2574,hurry,1
2573,snowdown,1
2571,abolished,1
2569,endorsed,1
2598,unboxed,1
2564,properly,1
2562,setting,1
2560,unmarried,1
721,fishing,1
720,commitment,1
719,expertise,1
718,tours,1
717,rica,1
716,costa,1
714,priority,1
713,success,1
2602,phase,1
2601,galaxy,1
2600,doppler,1
2599,gamma,1
2565,defines,1
850,jewelers,1
2288,farely,1
2282,tampered,1
2281,bat,1
2280,fooker,1
2279,freak,1
2295,prob,1
2293,misdemeanors,1
849,nugget,1
847,informants,1
842,untrained,1
841,informant,1
858,verragio,1
857,tacori,1
784,bitcoinker,1
2319,pokestops,1
2318,map,1
2315,tens,1
2314,reveal,1
2311,mentions,1
2309,anticipated,1
2307,parted,1
2299,consume,1
2298,learning,1
2296,intoxications,1
819,labor,1
2332,extension,1
2331,skip,1
2330,rodabaugh,1
856,retailer,1
892,blowers,1
891,whistle,1
890,puts,1
2239,morally,1
2234,mileage,1
2233,disclosing,1
2227,prosecutorial,1
2226,notwithstanding,1
2221,veteran,1
868,eggs,1
867,hatch,1
2256,despicable,1
2255,ism,1
2254,nazi,1
851,engagement,1
2251,variant,1
2250,twisted,1
2248,justify,1
2242,thirteen,1
2240,reprehensible,1
2259,january,1
878,tune,1
877,despair,1
876,sickness,1
874,sitting,1
872,unlimited,1
870,lovers,1
869,faster,1
853,gia,1
2253,livelihood,1
814,afaik,1
806,split,1
805,uplifting,1
802,chasing,1
2401,counts,1
2400,ehhhh,1
2397,artist,1
2391,headlines,1
2387,digital,1
2386,sorted,1
2384,yr,1
2382,bitcoins,1
2410,rooted,1
2407,hangup,1
2329,andrew,1
799,fishers,1
793,vessels,1
790,captchar,1
2432,replaces,1
2430,attach,1
2421,role,1
2420,advisory,1
2419,structure,1
2414,crush,1
2413,donors,1
2437,answered,1
2436,noticing,1
2435,drift,1
2434,lungs,1
2403,realm,1
2328,spoken,1
2326,settling,1
2324,drivers,1
2321,advisable,1
2320,gyms,1
2347,dept,1
2345,violently,1
2344,vigilantis,1
2340,coma,1
2339,crewmen,1
2338,dictate,1
831,bronson,1
830,charles,1
828,remorse,1
2370,consensually,1
826,tom,1
2364,quoted,1
2362,uhg,1
2361,hanged,1
2360,columbia,1
2358,warren,1
2355,devil,1
2354,greys,1
2353,withhold,1
2352,jeopardy,1
2349,officially,1
2375,countless,1
2374,uncertain,1
2372,sportsnet,1
2371,assisted,1
827,clancy,1
2890,petersen,1
2887,november,1
2907,freecoupondunia,1
2905,discounts,1
2904,jungler,1
2903,ganked,1
2902,positioned,1
2901,heatmap,1
2898,builds,1
607,mum,1
606,sues,1
605,grows,1
603,unemployment,1
600,insufficient,1
2640,iletişime,1
2925,enduring,1
2924,gratitude,1
2923,token,1
2922,unsolicited,1
2916,moobile,1
2913,fored,1
2912,eyeglasses,1
2938,fantastic,1
2937,outlands,1
2935,leveling,1
2932,hellground,1
593,venice,1
592,planner,1
589,ipw,1
2927,faulty,1
2841,parrelle,1
2839,perpendicular,1
2835,outfits,1
2834,nationals,1
2831,carton,1
2827,banderasand,1
2857,awb,1
2856,mirrored,1
2853,rosters,1
2852,massachusetts,1
2851,misinformed,1
621,foreplay,1
611,invites,1
2848,lolga,1
2891,libertarian,1
2872,valuable,1
2870,task,1
2866,disability,1
2864,robbery,1
2863,ptsd,1
2861,holds,1
595,consolation,1
594,italy,1
2897,champion,1
2896,freetime,1
2895,programmed,1
2894,taxationistheft,1
2893,hillaryforprison,1
2892,dumptrump,1
2877,fulfill,1
3001,dieting,1
2998,obese,1
2994,phentermine,1
2993,thinkers,1
2992,minded,1
2991,hive,1
3018,kidnapped,1
3016,popups,1
3013,boxing,1
3011,dawg,1
3010,nbd,1
560,teddy,1
556,vacant,1
555,bears,1
579,negotiations,1
3009,dob,1
3036,language,1
3035,outdated,1
3054,stocks,1
3052,collars,1
3051,bdsm,1
3050,ssn,1
3049,login,1
3048,voters,1
3047,calculation,1
3046,wrongdoing,1
3045,auditors,1
3044,altered,1
3042,accord,1
553,rooms,1
2960,register,1
2959,bookmark,1
2958,ghosts,1
2956,unsolved,1
2955,aliens,1
2948,alien,1
2946,mystery,1
2945,tags,1
2943,affiliate,1
2940,peeks,1
2968,creep,1
2967,complains,1
2966,arizona,1
2962,tweeted,1
3002,endeavors,1
2989,improvements,1
2988,infrastructure,1
2986,accumulate,1
2984,downloads,1
2982,pirates,1
2981,hampshire,1
2979,wanting,1
2978,declared,1
2974,creepy,1
2971,nutsicle,1
2970,terrifying,1
3006,swallow,1
3005,catsuit,1
3004,starseed,1
3003,tapt,1
572,negotiated,1
2701,gratis,1
2700,codigo,1
2697,divine,1
2696,proceedings,1
2713,feat,1
2710,sc,1
2708,rapper,1
2707,determine,1
673,lent,1
670,mp,1
669,btc,1
668,siehst,1
667,sowas,1
665,jugendamt,1
2845,nfl,1
2730,hmmmm,1
2729,rachel,1
2728,tweedy,1
2727,ruhroh,1
2726,rico,1
2725,swarmed,1
2722,mobs,1
2720,pedal,1
2719,denny,1
2718,reginald,1
2750,rush,1
2749,esa,1
2747,timbers,1
2743,coursework,1
2731,tyt,1
2639,mutlaka,1
2638,istiyorsanız,1
2637,olmasını,1
2670,pressured,1
2669,genders,1
2666,offends,1
2662,attached,1
2661,wall,1
2660,piss,1
2657,aeroadmin,1
2654,consummation,1
2653,marry,1
2651,convert,1
2650,assassination,1
658,ab,1
2686,gordon,1
2685,lump,1
2684,cuffs,1
2683,tackle,1
2676,codifying,1
2674,espanyol,1
2673,wellbeing,1
2671,echo,1
664,doch,1
663,ruf,1
662,indoktrinierung,1
661,weniger,1
660,ist,1
659,strafbar,1
2694,jeez,1
642,bis,1
2801,moving,1
2800,greedy,1
2792,trank,1
2790,butter,1
2789,bout,1
2788,ai,1
2810,logic,1
2805,discovering,1
2803,decrease,1
657,erst,1
656,dass,1
655,ankreiden,1
654,nicht,1
2741,proposal,1
652,kannst,1
650,unmündige,1
649,gegen,1
648,nichts,1
2823,biographies,1
2821,penny,1
2818,directions,1
641,kann,1
640,gesetzgeber,1
636,willst,1
2817,pms,1
2816,downvote,1
2813,neckbeard,1
2846,considerate,1
653,judicative,1
2739,thesis,1
2738,dissertation,1
2736,assignment,1
2732,academic,1
2769,fragen,1
2768,weitere,1
2767,noch,1
2766,worden,1
2765,geweckt,1
2764,interesse,1
2763,dein,1
2762,angeboten,1
2760,von,1
2759,wird,1
643,auf,1
2757,seriös,1
2756,boost,1
2754,biete,1
2787,fuckwit,1
2786,partners,1
2782,percentage,1
2781,dense,1
2779,penetrate,1
2777,verhandelbar,1
2776,preis,1
2774,unter,1
2773,bei,1
2772,dich,1
2771,melde,1
2770,hast,1
2758,schnelles,1
1666,injure,1
1664,atvs,1
1663,riding,1
1662,woods,1
1689,wonderful,1
1686,partied,1
1683,ecstasy,1
1249,deposits,1
1248,added,1
1247,ballots,1
1242,assailant,1
1238,bathroom,1
1237,buisness,1
1701,thc,1
894,guccifer,1
1228,incapacitated,1
1224,nose,1
1222,slams,1
1221,politics,1
1218,boomstick,1
1729,teenage,1
1728,mib,1
1727,independence,1
1724,gj,1
1721,discard,1
1720,applications,1
1717,yous,1
1716,hearsay,1
1707,absolve,1
1232,confidentially,1
1288,abortions,1
1615,indecent,1
1636,humbled,1
1277,heaven,1
1273,tolerance,1
1272,tend,1
1633,havung,1
1630,tricks,1
1628,replica,1
1627,originally,1
1661,paths,1
1660,wire,1
1659,string,1
1656,medals,1
1669,peace,1
1259,hoops,1
1257,routine,1
1648,competition,1
1647,pt,1
1644,coz,1
1643,cheer,1
1679,precautions,1
1678,casual,1
1676,undiagnosed,1
1675,safer,1
1674,unprotected,1
1673,undetectable,1
1672,load,1
1670,treated,1
1653,seek,1
1787,fightpass,1
1785,jb,1
1783,backup,1
1183,endless,1
1178,hour,1
1173,verbatim,1
1152,allah,1
1151,pray,1
1150,chats,1
1145,debit,1
1143,lurk,1
1142,asses,1
1139,lessons,1
1138,hose,1
1704,smooochies,1
1165,murderer,1
1164,kidnapper,1
1158,practically,1
1155,ping,1
1815,wrists,1
1814,slit,1
1810,alive,1
1132,inform,1
1131,bark,1
1122,publishing,1
1808,richard,1
1807,heath,1
1844,began,1
1836,statuatory,1
1169,uncovered,1
1702,healing,1
1743,smarf,1
1734,titling,1
1731,benificiary,1
1730,junk,1
1203,layers,1
1752,installation,1
1750,heat,1
1749,apparent,1
1747,occurrence,1
1746,sudden,1
1197,stadium,1
1196,mio,1
1195,song,1
1788,cable,1
1190,thorough,1
1170,vhs,1
1775,roe,1
1773,previousy,1
1772,addressed,1
1771,unique,1
1769,criteria,1
1768,vlogs,1
1767,pranks,1
1765,challenges,1
1763,allegation,1
1758,sabotage,1
1757,explosion,1
1756,frame,1
1154,decreases,1
1191,lack,1
1362,cunts,1
1469,memes,1
1466,grateful,1
1464,shorts,1
1463,nosleep,1
1382,elected,1
1485,deed,1
1479,decalre,1
1476,earnings,1
1376,hostages,1
1373,currencies,1
1371,planeload,1
1369,underrated,1
1368,travesty,1
1292,scope,1
1364,brigade,1
1501,sexuality,1
1500,express,1
1490,hugh,1
1361,keywords,1
1358,williams,1
1354,dox,1
1346,leipzig,1
1489,ewan,1
1488,christian,1
1332,preaty,1
1518,pornhub,1
1516,misandry,1
1512,tattoos,1
1366,ruining,1
6466,slide,1
6444,alex,1
6491,sway,1
6490,factors,1
6489,resulting,1
6488,messy,1
6487,zones,1
6486,universities,1
6485,presents,1
6484,readable,1
6483,innpcent,1
6465,casually,1
6464,tmz,1
6463,bombshell,1
1434,secrets,1
6461,accessories,1
6460,cncb,1
1431,mechanics,1
1430,trainers,1
1427,slight,1
1405,shin,1
1404,innovative,1
1401,finds,1
1397,forge,1
1424,concepts,1
1423,core,1
1457,authors,1
1447,consultations,1
1445,malpractice,1
6462,dripping,1
1318,bomb,1
1315,degraded,1
1583,nembutal,1
1578,hood,1
1576,spoooooorts,1
1573,andretti,1
1572,mario,1
1570,racing,1
1569,indycar,1
1568,verizon,1
1563,kidneys,1
1562,sn,1
1599,testify,1
1594,imo,1
1510,accumulating,1
1591,occasionally,1
1588,correctly,1
1587,knot,1
1586,longdrop,1
1613,screwing,1
1612,lgbt,1
1607,manacles,1
1606,loosened,1
1312,hydrogen,1
1308,respinsible,1
1306,witnesses,1
1618,artwork,1
1297,retainer,1
1296,pausing,1
1592,performs,1
1508,filling,1
1531,militia,1
1527,uzi,1
1526,aks,1
1525,arguing,1
1523,removing,1
1345,rb,1
1344,münchen,1
1343,bayern,1
1342,disscount,1
1337,omg,1
1336,reflinks,1
1335,whit,1
1314,chemically,1
1326,grenade,1
1552,snitches,1
1550,inforcer,1
1548,therfore,1
1546,apointed,1
1544,duing,1
1542,charleroi,1
1539,cannons,1
1538,arm,1
1537,slooner,1
1536,ammendment,1
1535,jefferson,1
1534,thomas,1
1561,nbc,1
1328,caves,1
1327,exploring,1
1553,stitches,1
2073,olympian,1
2072,liberals,1
2067,handling,1
2066,carelessly,1
993,cometely,1
992,boop,1
981,cd,1
2063,smashing,1
2061,aggression,1
2084,sleeps,1
2082,knight,1
976,bloobs,1
975,perky,1
972,shower,1
1831,tattling,1
962,politician,1
2079,nooses,1
2078,cells,1
2105,coolfusis,1
2100,bases,1
2099,oct,1
960,ideal,1
959,shaped,1
957,upward,1
946,carrier,1
2093,amortized,1
2116,total,1
945,telia,1
943,presentation,1
969,loads,1
2020,indictment,1
2017,renter,1
2014,novels,1
996,sypathize,1
994,terrible,1
2048,prepare,1
2046,suicidal,1
2045,srs,1
2042,judged,1
2041,versa,1
2040,vice,1
2039,breaks,1
2038,tenants,1
2037,letters,1
2074,gymnastics,1
2035,dots,1
2060,exhibit,1
2059,deciding,1
2058,impulsively,1
2057,inhibiting,1
2056,compared,1
2055,character,1
2054,impulsive,1
1008,amp,1
1006,laminating,1
1005,coherently,1
999,acknowledge,1
998,bastard,1
2076,blair,1
2036,crosses,1
2162,dpcskillindia,1
2185,color,1
2184,junkyard,1
2183,trim,1
2182,yukon,1
2181,friendship,1
2179,damaged,1
2178,disagree,1
904,squirt,1
902,steel,1
901,damascus,1
900,bayonet,1
899,ve,1
2208,banner,1
942,graphic,1
2202,showthe,1
2201,deniability,1
2200,plausible,1
2196,forwarding,1
2192,transcribing,1
2190,morons,1
2189,paint,1
2188,reasonably,1
2216,cheers,1
2214,waive,1
2213,visiting,1
2210,fuckers,1
896,checkit,1
895,tshirt,1
2204,hillarys,1
939,void,1
937,deposited,1
935,tts,1
931,finest,1
2144,meal,1
2143,sum,1
2142,dim,1
2140,weird,1
2139,kong,1
2138,hong,1
2136,flying,1
2134,duplicate,1
2133,mildly,1
2132,inspiration,1
2163,classes,1
2122,complained,1
2157,nation,1
2156,hostel,1
2153,flat,1
2149,hhonors,1
2148,hilton,1
2146,slow,1
929,woodworking,1
919,surrounded,1
2145,dunno,1
2177,smarstrap,1
2176,inbox,1
2173,adress,1
2167,trustes,1
2165,dwarka,1
2125,sets,1
1878,commissions,1
1105,criticism,1
1104,freely,1
1101,hahahaha,1
1098,ounce,1
1895,garen,1
1894,tristana,1
1893,riot,1
1892,iq,1
1086,dogposes,1
1084,islamophobia,1
1082,coworker,1
1081,payments,1
1077,holder,1
2022,silver,1
1886,nal,1
1916,expire,1
1910,absurd,1
1907,hostile,1
1072,posters,1
1069,nate,1
1066,turf,1
1904,drops,1
1902,patience,1
1899,crytocurrency,1
1898,regions,1
1936,supposing,1
1930,persuasive,1
1927,sniveling,1
1076,lien,1
1829,outlets,1
1826,senate,1
1824,escalating,1
1823,athletes,1
1822,transgressions,1
1821,covering,1
1818,uo,1
1113,retracting,1
1111,theatre,1
1110,screams,1
1108,hysteria,1
1107,partisan,1
1106,outright,1
1857,beta,1
1882,elves,1
1855,irresponsible,1
1854,utterly,1
1850,encounter,1
1847,searched,1
1864,shoping,1
1863,zurich,1
1862,osmanlispor,1
1861,speeches,1
1860,intended,1
1858,tradcon,1
1120,retraction,1
1118,retractions,1
1117,remedy,1
1116,adequate,1
1856,practical,1
1032,fingerblasting,1
1031,feminist,1
2000,forfeiting,1
1999,duo,1
1995,illegitimate,1
1994,barry,1
1992,psychiatric,1
1991,involuntary,1
1990,athletics,1
1986,affair,1
1985,benelli,1
1983,deside,1
2012,mysterious,1
2010,complicated,1
1926,context,1
2006,bothers,1
2005,grilfriend,1
1024,worried,1
1023,peerblock,1
1021,icon,1
1020,horshoe,1
1016,hayward,1
1013,lam,1
1010,reachable,1
2031,infact,1
2026,metals,1
2025,precious,1
2024,collapse,1
2023,ingots,1
2008,grat,1
1923,desert,1
1946,objection,1
1945,fantasize,1
1942,moments,1
1940,anime,1
1939,serial,1
1057,truck,1
1052,rust,1
1050,melt,1
1049,salt,1
1047,il,1
1046,charts,1
1043,reverbnation,1
1967,clipping,1
1033,implies,1
1963,temple,1
1960,proud,1
1958,herbal,1
1957,caster,1
1954,reminds,1
1950,costs,1
1948,condemnation,1
1977,womb,1
1976,graphical,1
1973,correction,1
1972,masking,1
1970,designer,1
1040,hiphop,1
1038,haunted,1
1036,randum,1
1965,overnight,1
4037,deportes,1
4035,opened,1
4034,joke,1
4033,batman,1
4066,peadophile,1
4065,faces,1
4062,megashare,1
4061,conjuring,1
4060,views,1
4059,container,1
4058,unnecessary,1
4057,uninformed,1
4056,harsh,1
4054,retroactively,1
3038,repealed,1
307,ignition,1
4080,combo,1
4079,insecurity,1
4078,belittle,1
4077,perfume,1
4076,strongest,1
4075,sickens,1
4073,brightest,1
4070,feb,1
4069,youre,1
4090,peep,1
4089,worries,1
4088,supports,1
4087,nevada,1
4050,familiar,1
4015,locally,1
4014,masterrace,1
4012,ayy,1
4010,simulator,1
4007,dumps,1
4005,brand,1
4004,scholarships,1
4002,domains,1
4001,nabble,1
4000,vendor,1
3999,chmod,1
4032,rated,1
4030,creeped,1
4029,unsafe,1
4041,bloodzeed,1
4027,shills,1
4026,microsoft,1
4025,seeds,1
4024,kickasstor,1
4023,installed,1
4022,eset,1
4021,torrented,1
4020,triggers,1
4019,mentioning,1
4049,raised,1
4048,epps,1
4047,bands,1
4046,cee,1
4042,executions,1
4028,discourage,1
4133,dances,1
4132,artful,1
4130,fanpage,1
299,requiring,1
297,impaired,1
4152,ganging,1
4151,cities,1
4150,liberal,1
4149,balls,1
4148,impress,1
4146,popping,1
4145,shits,1
4144,cc,1
4143,retaliation,1
4085,teaches,1
4141,waived,1
4175,honest,1
4174,savingmom,1
4173,pizza,1
4172,beermoney,1
4171,quickcash,1
4169,monthly,1
4168,cashouts,1
4165,ayza,1
4164,pl,1
4162,completing,1
4161,endangering,1
4159,vaccinated,1
4158,glitchy,1
4142,deported,1
4084,forood,1
4083,lele,1
313,amut,1
309,bynes,1
308,amanda,1
4110,upper,1
4109,homicides,1
4108,minorities,1
4107,repeat,1
4105,allegations,1
4103,philosophy,1
4100,revenge,1
4099,scoping,1
4098,glassdoor,1
4135,maker,1
4095,voluntarily,1
4094,coddling,1
4092,cpc,1
4091,bagel,1
4123,gains,1
4122,victory,1
4120,emancipation,1
4119,cognitive,1
4117,mixtape,1
4115,toma,1
4114,custdy,1
4112,operation,1
4139,starpoints,1
4137,pledge,1
4136,patreon,1
4096,severance,1
3903,budies,1
3902,mass,1
3901,mm,1
3899,timely,1
3898,absorbed,1
3897,tissue,1
3896,liquify,1
3895,calibers,1
3894,pistol,1
3892,understated,1
3891,shanghai,1
3890,jianye,1
3889,henan,1
3888,lego,1
4016,supa,1
3921,propaganda,1
3919,seller,1
3918,sit,1
3917,isis,1
3916,conflicted,1
3915,lawful,1
3914,superstitum,1
3913,superteam,1
3912,scream,1
3910,lower,1
3909,relieved,1
3908,recognized,1
3906,pelvis,1
3930,altercation,1
340,punctuation,1
3850,acquiesced,1
3849,unenthusastically,1
3848,eventully,1
3847,protesting,1
3845,horny,1
3843,fl,1
3841,executives,1
3833,comp,1
3868,stretch,1
3867,chattel,1
3864,bouncy,1
3863,bendable,1
3862,flexo,1
3859,hypothermia,1
3905,buckle,1
3856,opiate,1
3887,adds,1
3885,buck,1
3884,swagbucks,1
3882,cardback,1
3881,flame,1
3880,dalaran,1
3879,tespa,1
3878,warcraft,1
3877,hero,1
3876,medivh,1
3875,upfront,1
3873,balloons,1
3871,county,1
3858,drowning,1
3953,hammered,1
3952,yard,1
3950,behalf,1
3949,counter,1
3948,considere,1
3980,holler,1
3979,amazed,1
3978,alwqys,1
3976,intolerant,1
3975,uproar,1
3973,motivation,1
3972,guaranteed,1
3970,peasy,1
3968,bottles,1
3929,ehh,1
3965,pulp,1
3964,retards,1
3998,sudo,1
3997,command,1
3992,boots,1
3991,winnings,1
3990,muffins,1
3989,decatitated,1
3988,early,1
3987,wake,1
3986,enforced,1
3984,removes,1
3982,prostituting,1
3981,sheesh,1
3967,oz,1
3928,jerk,1
3927,afaict,1
3926,dishonest,1
3925,wholly,1
3924,occur,1
3923,transactions,1
3922,applies,1
352,lest,1
351,motive,1
346,ought,1
342,judy,1
3947,historically,1
3945,bleaching,1
3944,burn,1
3956,fluffy,1
3940,breazeale,1
10,appealing,1
3938,joshua,1
336,library,1
3937,anthony,1
3936,stabs,1
3934,qb,1
3932,jay,1
3963,trees,1
3962,trampolines,1
3961,sized,1
3960,clearing,1
3959,nuisance,1
3958,attractive,1
3957,gimpy,1
3942,handwriting,1
4415,oath,1
4414,fingers,1
4413,analogue,1
4412,fingering,1
4411,fingered,1
4409,monumentally,1
4408,botch,1
4407,surgeries,1
4402,conflict,1
4425,powered,1
4420,hebrew,1
4419,collectors,1
225,democrat,1
220,jill,1
4156,xcode,1
4441,liechtenstein,1
4439,forks,1
4438,pitchfork,1
4437,imtrulyawesome,1
4436,heywood,1
4434,phoenix,1
4432,dedicated,1
4431,vps,1
4430,cloud,1
4429,reseller,1
4460,wakes,1
4459,sizer,1
4458,suspecting,1
4457,slip,1
218,fallen,1
4360,incapable,1
4359,examples,1
4354,usable,1
4353,unusable,1
4352,notes,1
4351,usd,1
4350,banknotes,1
4383,escalate,1
4382,burning,1
4381,graverobbing,1
4380,rvs,1
4379,vedio,1
4378,bankrupt,1
4377,spyware,1
4384,superior,1
4374,ranger,1
4370,trained,1
4400,assumptions,1
4399,encrypt,1
4398,cooperate,1
4397,customization,1
4396,silk,1
4394,beauty,1
4392,grace,1
4391,tel,1
4390,maccabi,1
4389,az,1
4386,senator,1
4385,representative,1
4375,costume,1
4506,rjldo,1
4503,wikileaks,1
4502,disclosure,1
4501,negligent,1
4499,careers,1
4498,accesses,1
4496,stoning,1
4494,restitution,1
4491,establishing,1
4522,flags,1
4520,lighting,1
4519,tor,1
4516,sincerity,1
4514,relinquish,1
4456,sizers,1
4511,couples,1
4541,slideshow,1
4540,detritus,1
4539,manzinita,1
4538,bremen,1
4537,werder,1
4536,monchengladbach,1
4535,borussia,1
4534,boundaries,1
4532,smarter,1
4530,combination,1
4528,moves,1
4525,blaring,1
4524,nintendo,1
4512,adopting,1
4451,lunch,1
4450,burger,1
4449,childhoods,1
4448,timing,1
4447,coolnaira,1
4446,assembly,1
4445,lynching,1
4444,lira,1
4477,slpt,1
4476,belongs,1
4475,burns,1
4474,sorts,1
4473,cro,1
4472,serie,1
4507,aaron,1
4470,sentences,1
4469,protest,1
4466,denials,1
4489,allergic,1
4488,salad,1
4487,ingredient,1
4486,footage,1
4484,concise,1
4483,advertise,1
4482,infographic,1
4481,newly,1
4480,focal,1
4479,infographics,1
4478,wawa,1
4508,indicting,1
4471,violations,1
4232,bio,1
4231,kicks,1
4230,gifs,1
4229,supload,1
4228,gray,1
4227,unambiguous,1
271,fly,1
269,terror,1
264,denying,1
262,indicate,1
4251,teamspeak,1
4248,marauder,1
4247,groups,1
4246,premade,1
4361,influence,1
4242,ortho,1
4241,latex,1
4240,mattresses,1
4239,sunday,1
4237,spain,1
4266,mark,1
4264,gems,1
4262,clash,1
4261,sober,1
4259,fireable,1
4258,libraries,1
251,nj,1
4257,humped,1
4254,tournaments,1
4243,mattress,1
4191,fancy,1
4190,educate,1
4188,ally,1
4187,pee,1
4186,lure,1
4185,probability,1
4184,sting,1
4183,fundamentally,1
4182,elaborate,1
4179,bigly,1
4205,nichole,1
4201,robbed,1
4200,resonates,1
4196,indicating,1
4207,ts,1
288,recall,1
285,truthful,1
284,lake,1
283,nearby,1
281,consciousness,1
280,regains,1
4220,contradicting,1
4215,kindly,1
4214,listings,1
4213,adding,1
4212,nicholesnerdyknots,1
4211,knots,1
4210,nicholes,1
4208,ravelry,1
4195,guts,1
4332,particularly,1
4330,endanger,1
4329,recklessly,1
4328,circumstances,1
4326,kidnapping,1
4325,papers,1
4324,critical,1
4323,mails,1
4322,destruction,1
4321,clintons,1
4320,official,1
4319,july,1
4318,dated,1
4317,equals,1
4285,regulate,1
4348,logos,1
4347,wa,1
4346,pike,1
4344,raising,1
4342,realized,1
4341,hung,1
4339,avoided,1
4338,reaching,1
4337,drastic,1
4336,intervention,1
4334,advising,1
4367,snoop,1
4365,destination,1
4362,substance,1
4349,polymer,1
4279,emailgate,1
4277,seized,1
4275,divide,1
4274,wholesale,1
4271,bothered,1
4268,cocaine,1
4299,guinea,1
4298,cameroon,1
4297,sketchyqq,1
4296,swatter,1
4293,rage,1
4292,ramming,1
236,branching,1
234,ponies,1
4300,bissau,1
4288,wk,1
4287,iqs,1
4286,conservatives,1
4315,extent,1
4314,fullest,1
4312,spreading,1
4310,trash,1
4309,trail,1
4308,tear,1
4307,someplace,1
4306,pintata,1
4305,techniques,1
4304,furniture,1
4303,theirs,1
4301,stake,1
227,poachers,1
488,yellow,1
482,wiped,1
3323,electronic,1
3318,profesional,1
3317,trumpgirltsbreaktheinternet,1
3316,makeamericagreatagain,1
3315,jupiler,1
3313,youth,1
3312,psv,1
3311,nac,1
3309,ned,1
3308,xxx,1
3341,invoice,1
3339,forgive,1
3821,infuriating,1
3337,powder,1
3336,powers,1
3335,mystical,1
3334,china,1
3333,appendix,1
3331,harmed,1
3330,partial,1
3327,abusers,1
3326,rapists,1
3360,alexbeyman,1
3359,ganja,1
3353,manup,1
3352,worded,1
3351,ambiguously,1
3338,disposed,1
3260,inexcusable,1
3257,obtuse,1
3256,fingerprints,1
3254,possessed,1
3251,idiots,1
3247,toss,1
3246,bartender,1
3277,arkells,1
3273,hoping,1
3269,dps,1
3268,maximising,1
3267,appstore,1
3265,guyz,1
3263,caps,1
489,socks,1
3292,lax,1
3290,untreated,1
3288,tresspassing,1
3287,enters,1
3286,notify,1
3283,nightfall,1
3282,soloing,1
3279,upcoming,1
3307,uncensored,1
3306,fantasies,1
3305,charitable,1
3303,absolute,1
3302,desires,1
492,fringed,1
3295,republic,1
3390,missus,1
3389,fist,1
3425,quarterly,1
3424,mill,1
3423,quarter,1
3419,swap,1
3418,earrings,1
3416,craze,1
3415,po,1
3414,dinged,1
3413,narc,1
3412,youngiest,1
3411,determined,1
3409,deception,1
3350,phrasing,1
3407,override,1
3439,counsel,1
3438,circuit,1
3437,completed,1
3436,shame,1
3435,wires,1
3434,metal,1
3433,signs,1
3432,trans,1
3431,pending,1
3430,warrants,1
3429,penalties,1
3427,proprietorship,1
3449,stumbled,1
3408,paternalistic,1
3349,muddled,1
3345,fellowship,1
3344,scholarship,1
3343,salary,1
3342,geico,1
3371,doggy,1
3368,wears,1
3367,unable,1
3365,participate,1
475,ow,1
471,soooo,1
469,followed,1
467,gathering,1
3361,excavating,1
3391,sees,1
3386,inappropriate,1
3385,oddly,1
3384,cubes,1
3382,flush,1
3379,frozen,1
3378,prosyndicate,1
3377,joris,1
3376,scamlord,1
3375,specially,1
3406,prerogative,1
3404,swim,1
3403,prohibit,1
3401,appending,1
3399,teen,1
3394,desirable,1
3387,touching,1
3116,beer,1
3115,breweries,1
3111,advance,1
3106,pushers,1
541,pyramid,1
539,rubie,1
538,queen,1
535,season,1
3133,toothbrush,1
3131,exaggerated,1
3129,bittorrent,1
3128,utorrent,1
3127,infos,1
3125,premises,1
505,audience,1
3118,pints,1
3117,sun,1
3148,indicated,1
3147,scenarios,1
3146,sane,1
3145,tampa,1
3144,aug,1
3143,drake,1
3140,divorced,1
3138,criticisms,1
3135,ceremonial,1
3134,marks,1
3161,drape,1
3160,anally,1
3119,tasting,1
3037,presumed,1
3070,hadii,1
3069,ali,1
3063,tourist,1
3062,converted,1
3061,transgender,1
3058,dnc,1
3056,leaks,1
3055,chests,1
3090,uses,1
3088,religon,1
3087,relation,1
3086,equally,1
3085,chamber,1
3092,absorb,1
3080,earlier,1
3079,harrassing,1
3076,fearing,1
3075,yaman,1
3074,education,1
532,episodes,1
3104,swab,1
3103,cotton,1
3101,st,1
3100,confidential,1
3098,hooo,1
3095,union,1
3094,conciousness,1
3093,render,1
3084,birthing,1
3184,cures,1
3183,increases,1
3218,overall,1
3217,xl,1
3216,hcl,1
3215,bupropion,1
3212,monsanto,1
3211,grandchildren,1
3210,genes,1
3209,tastes,1
3208,nd,1
3206,appdb,1
3204,misdemeanor,1
3203,deniable,1
3159,cojoco,1
501,soketo,1
3225,rabbit,1
3224,tripped,1
3221,rarely,1
3220,asthma,1
3219,triathlete,1
3242,unilaterally,1
3241,imprisonment,1
3240,wrongful,1
3237,vouchers,1
512,diet,1
511,keto,1
508,lifestyle,1
507,productive,1
3202,avoiding,1
3157,daughters,1
3156,anyones,1
3155,theeatened,1
523,serves,1
516,polling,1
514,ketosis,1
3153,watford,1
3152,sunderland,1
3151,applied,1
3181,naughty,1
3178,rude,1
3177,solely,1
3175,rural,1
3174,warm,1
3185,breath,1
3172,njoy,1
3171,wrongs,1
3170,aq,1
3169,medicines,1
3168,transport,1
3167,islamists,1
3166,syrian,1
3165,trafficker,1
3197,raid,1
3195,ants,1
3192,gp,1
3191,mule,1
3189,folk,1
3187,baldness,1
3186,enlarges,1
3173,homesteading,1
3665,forfeiture,1
3693,ongoing,1
3691,aweafsdfghgh,1
3690,cooter,1
3688,crotchflaps,1
3687,uppercut,1
3684,lunches,1
3682,alternative,1
3681,reckless,1
3680,swing,1
3713,electricity,1
3710,blasting,1
3708,bimbo,1
3707,communicating,1
3445,preventable,1
3703,sys,1
3723,outcries,1
3718,pissed,1
3717,violate,1
3716,exploiting,1
3715,accusing,1
415,executory,1
411,drama,1
408,shotgun,1
407,connected,1
406,tripwire,1
3740,multitude,1
3739,stood,1
3738,blew,1
3704,systv,1
3617,nyt,1
3616,plaintiff,1
3614,officials,1
3613,shithead,1
3645,agents,1
3644,salespeople,1
3643,promises,1
3640,stone,1
3637,salient,1
3636,pondering,1
3633,defended,1
3632,assaults,1
3630,sprinkler,1
3629,lawn,1
3667,blast,1
3660,snitch,1
3659,subpena,1
3658,wallpapers,1
3657,plates,1
3654,succeeding,1
3650,rigged,1
3649,drastically,1
3646,inexperienced,1
3676,blown,1
3675,compromises,1
3673,browed,1
3672,ahahah,1
3671,complaints,1
3669,awful,1
3661,littanies,1
3783,margin,1
3805,condoms,1
3804,wiggle,1
3803,cured,1
3800,sponsered,1
3795,gpu,1
401,wtf,1
399,bingo,1
398,gendered,1
3817,accounting,1
3816,skeletal,1
3814,representation,1
3813,taxation,1
3811,reverses,1
3737,bazooka,1
377,prenup,1
371,ساخت,1
3809,whqt,1
3807,iud,1
3806,spermicide,1
3831,herman,1
3830,ucam,1
3828,gasoline,1
3827,pour,1
359,knees,1
357,blm,1
3825,kneecaps,1
3824,wilderness,1
3823,kentucky,1
3810,vasectomy,1
3736,ant,1
3734,caring,1
3731,booster,1
3730,eloboost,1
3729,teammates,1
3728,focussing,1
3726,improve,1
3725,asreddit,1
3759,complicit,1
3758,hirt,1
3757,belle,1
3756,lexi,1
3752,attacking,1
3748,scoot,1
3784,relocate,1
3745,asiimov,1
3744,awp,1
3743,cmprar,1
3774,bicyclists,1
3772,karazhan,1
3769,outburst,1
3766,albion,1
3765,bromwich,1
3761,yhe,1
389,rip,1
386,submission,1
3793,restart,1
3791,reset,1
3788,nvidia,1
3787,campagne,1
3747,keepondriving,1
3498,disclose,1
3497,expecting,1
3496,glimmer,1
3494,patronizing,1
3493,condescending,1
3492,strangers,1
3491,pity,1
3514,tech,1
3509,stairs,1
3508,tsn,1
3507,genk,1
3506,krc,1
441,necktie,1
3533,suggesting,1
3618,disregarded,1
3529,discern,1
3528,stranger,1
3526,necessary,1
3524,assistance,1
3523,undocumented,1
3522,rn,1
3518,packages,1
3516,dined,1
3515,wined,1
3545,hill,1
3544,hippie,1
3543,francisco,1
3541,cali,1
3540,smokes,1
3531,sentiment,1
3444,definiely,1
3442,conceive,1
461,immediate,1
456,guidelines,1
451,holt,1
3471,registries,1
3470,offender,1
3467,skinnydip,1
3463,stimuli,1
3462,snacks,1
3461,snacking,1
3460,nitrogen,1
3459,inhert,1
3457,setup,1
3499,fraudulently,1
3451,frontpage,1
3489,determination,1
3487,environment,1
3486,saving,1
3485,aegis,1
3483,illicit,1
3482,poisoning,1
3481,oreder,1
3477,fletchs,1
3474,ruined,1
3472,yer,1
3505,hungary,1
3504,digi,1
3503,donating,1
3455,wheels,1
3592,siroki,1
3591,birkirkara,1
3589,pirating,1
3588,againt,1
430,photography,1
427,anytime,1
426,angeles,1
425,los,1
3585,dungeon,1
3584,pad,1
3611,exercising,1
3609,ma,1
3608,cubone,1
3607,isent,1
3539,dreadlocks,1
3604,acorns,1
3603,balance,1
3602,wealthfront,1
3601,etfs,1
3599,liquidity,1
3627,spews,1
3626,glycol,1
3625,ethylene,1
3624,deserving,1
3623,malice,1
3622,rebuttal,1
3621,diligently,1
3620,reporters,1
3619,substantial,1
3606,wisebanyan,1
3538,smell,1
3537,boardwalk,1
3536,lucrative,1
3566,videomu,1
3565,büyükcekmece,1
3564,tekirdağ,1
3563,kırklareli,1
3562,bendevarım,1
3561,edirne,1
3560,julia,1
3559,minha,1
3558,camilabestfans,1
3557,videolarımızı,1
3556,kazanç,1
3567,travesti,1
3554,dakika,1
3551,throat,1
3580,assured,1
3579,correcting,1
3578,ayça,1
3577,turan,1
3576,silivri,1
3575,hayir,1
3574,corlu,1
3573,arayın,1
3572,inanan,1
3571,şeytanauymahayırde,1
3570,dilmen,1
3569,çağdaş,1
3568,corlutravesti,1
3555,ek,1
