English Name,French Name,Dial Code,ISO Alpha-2,ISO Alpha-3
,,,"1 (242): BS
1 (246): BB
1 (264): AI
1 (268): AG
1 (284): VG","1 (340): VI
1 (345): KY"
2x,2x,20: EG,21: ↙,22: ↙
21x,21x,210: —,211: SS,"212: MA, EH"
22x,22x,220: GM,221: SN,222: MR
23x,23x,230: MU,231: LR,232: SL
24x,24x,240: GQ,241: GA,242: CG
25x,25x,250: RW,251: ET,252: SO
26x,26x,260: ZM,261: MG,"262: RE, YT,          TF"
29x,29x,"290: SH, TA",291: ER,292: —
3x,3x,30: GR,31: NL,32: BE
35x,35x,350: GI,351: PT,352: LU
37x,37x,370: LT,371: LV,372: EE
38x,38x,380: UA,381: RS,382: ME
4x,4x,40: RO,41: CH,42: ↙
42x,42x,420: CZ,421: SK,422: —
5x,5x,50: ↙,51: PE,52: MX
50x,50x,"500: FK, GS",501: BZ,502: GT
59x,59x,"590: GP, BL,           MF",591: BO,592: GY
6x,6x,60: MY,"61: AU, CX,         CC",62: ID
67x,67x,670: TL,671: —,"672: NF, AQ"
68x,68x,680: PW,681: WF,682: CK
69x,69x,690: TK,691: FM,692: MH
7 (0): KZ,7 (0): KZ,7 (1): RU,7 (2): RU,7 (3): RU
8x,8x,80: ↙,81: JP,82: KR
80x,80x,800: **,801: —,802: —
85x,85x,850: KP,851: —,852: HK
87x,87x,870: **,871: —,872: —
88x,88x,880: BD,881: **,882: **
9x,9x,"90: TR, CT",91: IN,92: PK
96x,96x,960: MV,961: LB,962: JO
97x,97x,970: PS,971: AE,"972: IL, PS"
99x,99x,990: —,991: **,992: TJ
,,x = 0,x = 1,x = 2
Abkhazia,Abkhazia,"7 (840, 940)",+03:00,
Afghanistan,Afghanistan,93,+04:30,
Åland,Åland,358 (18),+02:00,+03:00
Albania,Albania,355,+01:00,+02:00
Algeria,Algeria,213,+01:00,
American Samoa,American Samoa,1 (684),−11:00,
Andorra,Andorra,376,+01:00,+02:00
Angola,Angola,244,+01:00,
Anguilla,Anguilla,1 (264),−04:00,
Antigua and Barbuda,Antigua and Barbuda,1 (268),−04:00,
Argentina,Argentina,54,−03:00,
Armenia,Armenia,374,+04:00,
Aruba,Aruba,297,−04:00,
Ascension,Ascension,247,+00:00,
Australia,Australia,61,+08:00to10:30,+08:00to11:00
Austria,Austria,43,+01:00,+02:00
Azerbaijan,Azerbaijan,994,+04:00,
Bahamas,Bahamas,1 (242),−05:00,−04:00
Bahrain,Bahrain,973,+03:00,
Bangladesh,Bangladesh,880,+06:00,
Barbados,Barbados,1 (246),−04:00,
Belarus,Belarus,375,+03:00,
Belgium,Belgium,32,+01:00,+02:00
Belize,Belize,501,−06:00,
Benin,Benin,229,+01:00,
Bermuda,Bermuda,1 (441),−04:00,−03:00
Bhutan,Bhutan,975,+06:00,
Bolivia,Bolivia,591,−04:00,
Bonaire,Bonaire,599 (7),−04:00,
Bosnia and Herzegovina,Bosnia and Herzegovina,387,+01:00,+02:00
Botswana,Botswana,267,+02:00,
Brazil,Brazil,55,−05:00to–02:00,
British Indian Ocean Territory (Diego Garcia),British Indian Ocean Territory (Diego Garcia),246,+06:00,
British Virgin Islands,British Virgin Islands,1 (284),−04:00,
Brunei Darussalam,Brunei Darussalam,673,+08:00,
Bulgaria,Bulgaria,359,+02:00,+03:00
Burkina Faso,Burkina Faso,226,+00:00,
Burundi,Burundi,257,+02:00,
Cape Verde,Cape Verde,238,−01:00,
Cambodia,Cambodia,855,+07:00,
Cameroon,Cameroon,237,+01:00,
Canada,Canada,1,−08:00to–03:30,−07:00to–02:30
Caribbean Netherlands,Caribbean Netherlands,"599 (3, 4, 7)",−04:00,
Cayman Islands,Cayman Islands,1 (345),−05:00,
Central African Republic,Central African Republic,236,+01:00,
Chad,Chad,235,+01:00,
Chile,Chile,56,−06:00to–04:00,−05:00to–03:00
China,China,86,+08:00,
Christmas Island,Christmas Island,61 (89164),+07:00,
Cocos (Keeling) Islands,Cocos (Keeling) Islands,61 (89162),+06:30,
Colombia,Colombia,57,−05:00,
Comoros,Comoros,269,+03:00,
Congo,Congo,242,+01:00,
"Congo, Democratic Republic of the","Congo, Democratic Republic of the",243,+01:00to02:00,
Cook Islands,Cook Islands,682,−10:00,
Costa Rica,Costa Rica,506,−06:00,
Ivory Coast (Côte d'Ivoire),Ivory Coast (Côte d'Ivoire),225,+00:00,
Croatia,Croatia,385,+01:00,+02:00
Cuba,Cuba,53,−05:00,−04:00
Curaçao,Curaçao,599 (9),−04:00,
Cyprus,Cyprus,357,+02:00,+03:00
Czech Republic,Czech Republic,420,+01:00,+02:00
Denmark,Denmark,45,+01:00,+02:00
Djibouti,Djibouti,253,+03:00,
Dominica,Dominica,1 (767),−04:00,
Dominican Republic,Dominican Republic,"1 (809, 829, 849)",−04:00,
Easter Island,Easter Island,56,−06:00,−05:00
Ecuador,Ecuador,593,−06:00to–05:00,
Egypt,Egypt,20,+02:00,+03:00
El Salvador,El Salvador,503,−06:00,
Ellipso (Mobile Satellite service),Ellipso (Mobile Satellite service),"881 (2, 3)",,
EMSAT (Mobile Satellite service),EMSAT (Mobile Satellite service),882 (13),,
Equatorial Guinea,Equatorial Guinea,240,+01:00,
Eritrea,Eritrea,291,+03:00,
Estonia,Estonia,372,+02:00,+03:00
Eswatini,Eswatini,268,+02:00,
Ethiopia,Ethiopia,251,+03:00,
Falkland Islands,Falkland Islands,500,−03:00,
Faroe Islands,Faroe Islands,298,+00:00,+01:00
Fiji,Fiji,679,+12:00,+13:00
Finland,Finland,358,+02:00,+03:00
France,France,33,+01:00,+02:00
French Antilles,French Antilles,596,,
French Guiana,French Guiana,594,−03:00,
French Polynesia,French Polynesia,689,−10:00to–09:00,
Gabon,Gabon,241,+01:00,
Gambia,Gambia,220,+00:00,
Georgia,Georgia,995,+04:00,
Germany,Germany,49,+01:00,+02:00
Ghana,Ghana,233,+00:00,
Gibraltar,Gibraltar,350,+01:00,+02:00
Global Mobile Satellite System (GMSS),Global Mobile Satellite System (GMSS),881,,
Globalstar (Mobile Satellite Service),Globalstar (Mobile Satellite Service),"881 (8, 9)",,
Greece,Greece,30,+02:00,+03:00
Greenland,Greenland,299,−04:00to01:00,−03:00to00:00
Grenada,Grenada,1 (473),−04:00,
Guadeloupe,Guadeloupe,590,−04:00,
Guam,Guam,1 (671),+10:00,
Guatemala,Guatemala,502,−06:00,
Guernsey,Guernsey,"44 (1481, 7781, 7839, 7911)",+00:00,+01:00
Guinea,Guinea,224,+00:00,
Guinea-Bissau,Guinea-Bissau,245,+00:00,
Guyana,Guyana,592,−04:00,
Haiti,Haiti,509,−05:00,−04:00
Honduras,Honduras,504,−06:00,
Hong Kong,Hong Kong,852,+08:00,
Hungary,Hungary,36,+01:00,+02:00
Iceland,Iceland,354,+00:00,
ICO Global (Mobile Satellite Service),ICO Global (Mobile Satellite Service),"881 (0, 1)",,
India,India,91,+05:30,
Indonesia,Indonesia,62,+07:00to09:00,
Inmarsat SNAC,Inmarsat SNAC,870,,
International Freephone Service (UIFN),International Freephone Service (UIFN),800,,
International Networks,International Networks,"882, 883",,
International Premium Rate Service,International Premium Rate Service,979,,
International Shared Cost Service (ISCS),International Shared Cost Service (ISCS),808,,
Iran,Iran,98,+03:30,+04:30
Iraq,Iraq,964,+03:00,
Ireland,Ireland,353,+00:00,+01:00
Iridium (Mobile Satellite service),Iridium (Mobile Satellite service),"881 (6, 7)",,
Isle of Man,Isle of Man,"44 (1624, 7524, 7624, 7924)",+00:00,+01:00
Israel,Israel,972,+02:00,+03:00
Italy,Italy,39,+01:00,+02:00
Jamaica,Jamaica,"1 (658, 876)",−05:00,
Jan Mayen,Jan Mayen,47 (79),+01:00,+02:00
Japan,Japan,81,+09:00,
Jersey,Jersey,44 (1534),+00:00,+01:00
Jordan,Jordan,962,+02:00,+03:00
Kazakhstan,Kazakhstan,"7 (6, 7) (997 assigned but now abandoned)",+05:00,
Kenya,Kenya,254,+03:00,
Kiribati,Kiribati,686,+12:00to14:00,
"Korea, North","Korea, North",850,+09:00,
"Korea, South","Korea, South",82,+09:00,
Kosovo,Kosovo,383,+01:00,+02:00
Kuwait,Kuwait,965,+03:00,
Kyrgyzstan,Kyrgyzstan,996,+06:00,
Laos,Laos,856,+07:00,
Latvia,Latvia,371,+02:00,+03:00
Lebanon,Lebanon,961,+02:00,+03:00
Lesotho,Lesotho,266,+02:00,
Liberia,Liberia,231,+00:00,
Libya,Libya,218,+02:00,
Liechtenstein,Liechtenstein,423,+01:00,+02:00
Lithuania,Lithuania,370,+02:00,+03:00
Luxembourg,Luxembourg,352,+01:00,+02:00
Macau,Macau,853,+08:00,
Madagascar,Madagascar,261,+03:00,
Malawi,Malawi,265,+02:00,
Malaysia,Malaysia,60,+08:00,
Maldives,Maldives,960,+05:00,
Mali,Mali,223,+00:00,
Malta,Malta,356,+01:00,+02:00
Marshall Islands,Marshall Islands,692,+12:00,
Martinique,Martinique,596,−04:00,
Mauritania,Mauritania,222,+00:00,
Mauritius,Mauritius,230,+04:00,
Mayotte,Mayotte,"262 (269, 639)",+03:00,
Mexico,Mexico,52,−08:00to–05:00,−07:00to–05:00
"Micronesia, Federated States of","Micronesia, Federated States of",691,+10:00to11:00,
Moldova,Moldova,373,+02:00,+03:00
Monaco,Monaco,377,+01:00,+02:00
Mongolia,Mongolia,976,+07:00to08:00,
Montenegro,Montenegro,382,+01:00,+02:00
Montserrat,Montserrat,1 (664),−04:00,
Morocco,Morocco,212,+01:00,
Mozambique,Mozambique,258,+02:00,
Myanmar,Myanmar,95,+06:30,
Namibia,Namibia,264,+02:00,
Nauru,Nauru,674,+12:00,
Nepal,Nepal,977,+05:45,
Netherlands,Netherlands,31,+01:00,+02:00
Nevis,Nevis,1 (869),−04:00,
New Caledonia,New Caledonia,687,+11:00,
New Zealand,New Zealand,64,+12:00,+13:00
Nicaragua,Nicaragua,505,−06:00,
Niger,Niger,227,+01:00,
Nigeria,Nigeria,234,+01:00,
Niue,Niue,683,−11:00,
Norfolk Island,Norfolk Island,672 (3),+11:00,
North Macedonia,North Macedonia,389,+01:00,+02:00
Northern Cyprus,Northern Cyprus,90 (392),+02:00,+03:00
Northern Ireland,Northern Ireland,44 (28),+00:00,+01:00
Northern Mariana Islands,Northern Mariana Islands,1 (670),+10:00,
Norway,Norway,47,+01:00,+02:00
Oman,Oman,968,+04:00,
Pakistan,Pakistan,92,+05:00,
Palau,Palau,680,+09:00,
Palestine,Palestine,970,+02:00,+03:00
Panama,Panama,507,−05:00,
Papua New Guinea,Papua New Guinea,675,+10:00to11:00,
Paraguay,Paraguay,595,−04:00,−03:00
Peru,Peru,51,−05:00,
Philippines,Philippines,63,+08:00,
Pitcairn Islands,Pitcairn Islands,64,−08:00,
Poland,Poland,48,+01:00,+02:00
Portugal,Portugal,351,+00:00,+01:00
Puerto Rico,Puerto Rico,"1 (787, 939)",−04:00,
Qatar,Qatar,974,+03:00,
Réunion,Réunion,262,+04:00,
Romania,Romania,40,+02:00,+03:00
Russia,Russia,7,+02:00to12:00,
Rwanda,Rwanda,250,+02:00,
Saba,Saba,599 (4),−04:00,
Saint Barthélemy,Saint Barthélemy,590,−04:00,
Saint Helena,Saint Helena,290,+00:00,
Saint Kitts and Nevis,Saint Kitts and Nevis,1 (869),−04:00,
Saint Lucia,Saint Lucia,1 (758),−04:00,
Saint Martin (France),Saint Martin (France),590,−04:00,
Saint Pierre and Miquelon,Saint Pierre and Miquelon,508,−03:00,−02:00
Saint Vincent and the Grenadines,Saint Vincent and the Grenadines,1 (784),−04:00,
Samoa,Samoa,685,+13:00,+14:00
San Marino,San Marino,378,+01:00,+02:00
São Tomé and Príncipe,São Tomé and Príncipe,239,+00:00,
Saudi Arabia,Saudi Arabia,966,+03:00,
Senegal,Senegal,221,+00:00,
Serbia,Serbia,381,+01:00,+02:00
Seychelles,Seychelles,248,+04:00,
Sierra Leone,Sierra Leone,232,+00:00,
Singapore,Singapore,65,+08:00,
Sint Eustatius,Sint Eustatius,599 (3),−04:00,
Sint Maarten (Netherlands),Sint Maarten (Netherlands),1 (721),−04:00,
Slovakia,Slovakia,421,+01:00,+02:00
Slovenia,Slovenia,386,+01:00,+02:00
Solomon Islands,Solomon Islands,677,+11:00,
Somalia,Somalia,252,+03:00,
South Africa,South Africa,27,+02:00,
South Georgia and the South Sandwich Islands,South Georgia and the South Sandwich Islands,500,−02:00,
South Ossetia,South Ossetia,"7 (850, 929)",+03:00,
South Sudan,South Sudan,211,+02:00,
Spain,Spain,34,+01:00,+02:00
Sri Lanka,Sri Lanka,94,+05:30,
Sudan,Sudan,249,+02:00,
Suriname,Suriname,597,−03:00,
Svalbard,Svalbard,47 (79),+01:00,+02:00
Sweden,Sweden,46,+01:00,+02:00
Switzerland,Switzerland,41,+01:00,+02:00
Syria,Syria,963,+02:00,+03:00
Taiwan,Taiwan,886,+08:00,
Tajikistan,Tajikistan,992,+05:00,
Tanzania,Tanzania,255,+03:00,
Thailand,Thailand,66,+07:00,
Thuraya (Mobile Satellite service),Thuraya (Mobile Satellite service),882 (16),,
East Timor (Timor-Leste),East Timor (Timor-Leste),670,+09:00,
Togo,Togo,228,+00:00,
Tokelau,Tokelau,690,+13:00,
Tonga,Tonga,676,+13:00,
Transnistria,Transnistria,"373 (2, 5)",+02:00,+03:00
Trinidad and Tobago,Trinidad and Tobago,1 (868),−04:00,
Tristan da Cunha,Tristan da Cunha,290 (8),+00:00,
Tunisia,Tunisia,216,+01:00,
Turkey,Turkey,90,+03:00,
Turkmenistan,Turkmenistan,993,+05:00,
Turks and Caicos Islands,Turks and Caicos Islands,1 (649),−05:00,−04:00
Tuvalu,Tuvalu,688,+12:00,
Uganda,Uganda,256,+03:00,
Ukraine,Ukraine,380,+02:00,+03:00
United Arab Emirates,United Arab Emirates,971,+04:00,
United Kingdom,United Kingdom,44,+00:00,+01:00
United States,United States,1,−10:00to–05:00,−10:00to–04:00
Uruguay,Uruguay,598,−03:00,
US Virgin Islands,US Virgin Islands,1 (340),−04:00,
Uzbekistan,Uzbekistan,998,+05:00,
Vanuatu,Vanuatu,678,+11:00,
Vatican City State (Holy See),Vatican City State (Holy See),"39 (06698),assigned 379",+01:00,+02:00
Venezuela,Venezuela,58,−04:00,
Vietnam,Vietnam,84,+07:00,
"Wake Island, USA","Wake Island, USA",1 (808),+12:00,
Wallis and Futuna,Wallis and Futuna,681,+12:00,
Yemen,Yemen,967,+03:00,
Zambia,Zambia,260,+02:00,
Zanzibar,Zanzibar,255 (24),+03:00,
Zimbabwe,Zimbabwe,263,+02:00,
Almirante Brown Antarctic Base,Almirante Brown Antarctic Base,54,Argentina,
Amundsen–Scott South Pole Station,Amundsen–Scott South Pole Station,1,United States,
Artigas Base,Artigas Base,598,Uruguay,
Asuka Station,Asuka Station,81,Japan,
Base Presidente Eduardo Frei Montalva and Villa Las Estrellas,Base Presidente Eduardo Frei Montalva and Villa Las Estrellas,56,Chile,
Belgrano II,Belgrano II,54,Argentina,
Bellingshausen Station,Bellingshausen Station,7,Russia,
Bernardo O'Higgins Station,Bernardo O'Higgins Station,56,Chile,
Byrd Station,Byrd Station,1,United States,
Captain Arturo Prat Base,Captain Arturo Prat Base,56,Chile,
Casey Station,Casey Station,672,Australia,Can be direct dialed.
Comandante Ferraz Brazilian Antarctic Base,Comandante Ferraz Brazilian Antarctic Base,55,Brazil,
Concordia Station,Concordia Station,39  33,France Italy,
Davis Station,Davis Station,672,Australia,Can be direct dialed.
Dome Fuji Station,Dome Fuji Station,81,Japan,
Dumont d'Urville Station,Dumont d'Urville Station,33,France,
Esperanza Base,Esperanza Base,54,Argentina,
Gabriel de Castilla Spanish Antarctic Station,Gabriel de Castilla Spanish Antarctic Station,34,Spain,
Georg von Neumayer Station (replaced by Neumayer Station III),Georg von Neumayer Station (replaced by Neumayer Station III),49,Germany,
Gonzalez Videla Station,Gonzalez Videla Station,56,Chile,
Great Wall Station,Great Wall Station,86,China,
Halley Research Station,Halley Research Station,44,United Kingdom,
Henryk Arctowski Polish Antarctic Station,Henryk Arctowski Polish Antarctic Station,48,Poland,
Jang Bogo Station,Jang Bogo Station,82,South Korea,
Jinnah Antarctic Station,Jinnah Antarctic Station,92,Pakistan,
Juan Carlos I Base,Juan Carlos I Base,34,Spain,
Jubany,Jubany,54,Argentina,
King Sejong Station,King Sejong Station,82,South Korea,
Kohnen-Station,Kohnen-Station,49,Germany,
Kunlun Station,Kunlun Station,852,China,
Law-Racoviță-Negoiță Station,Law-Racoviță-Negoiță Station,40,Romania,
Leningradskaya Station,Leningradskaya Station,7,Russia,
Machu Picchu Research Station,Machu Picchu Research Station,51,Peru,
Macquarie Island Station,Macquarie Island Station,672,Australia,Can be direct dialed.
Maitri Station,Maitri Station,91,India,
Marambio Base,Marambio Base,54,Argentina,
Mario Zucchelli Station,Mario Zucchelli Station,39,Italy,
Mawson Station,Mawson Station,672,Australia,Can be direct dialed.
McMurdo Station,McMurdo Station,1,United States,Can be reached by 64 code to Scott Base (NZ).
Mendel Polar Station,Mendel Polar Station,420,Czechia,
Mirny Station,Mirny Station,7,Russia,
Mizuho Station,Mizuho Station,81,Japan,
Molodyozhnaya Station,Molodyozhnaya Station,7  375,Belarus Russia,
Neumayer Station III,Neumayer Station III,49,Germany,
Novolazarevskaya Station,Novolazarevskaya Station,7,Russia,
Orcadas Base,Orcadas Base,54,Argentina,
Palmer Station,Palmer Station,1,United States,
Princess Elisabeth Base,Princess Elisabeth Base,32,Belgium,
Professor Julio Escudero Base,Professor Julio Escudero Base,56,Chile,
Progress Station,Progress Station,7,Russia,
Rothera Research Station,Rothera Research Station,44,United Kingdom,
Russkaya Station,Russkaya Station,7,Russia,
San Martín Base,San Martín Base,54,Argentina,
SANAE IV (South African National Antarctic Expeditions),SANAE IV (South African National Antarctic Expeditions),27,South Africa,
Scott Base,Scott Base,64,New Zealand,Can be reached via 64 2409 and four digits on McMurdo exchange.
Showa Station,Showa Station,81,Japan,
Signy Research Station,Signy Research Station,44,United Kingdom,
St. Kliment Ohridski Base,St. Kliment Ohridski Base,359,Bulgaria,
Svea,Svea,46,Sweden,
Tor Station,Tor Station,47,Norway,
Troll Station,Troll Station,47,Norway,
Vernadsky Research Base,Vernadsky Research Base,380,Ukraine,
Vostok Station,Vostok Station,7,Russia,
Wasa Research Station,Wasa Research Station,46,Sweden,
Zhongshan Station,Zhongshan Station,86,China,
Kerguelen Islands,Kerguelen Islands,262,France,No permanent local switches.
Pitcairn Islands,Pitcairn Islands,64,Pitcairn Islands,On-island phone network is connected to and uses numbering from an exchange in New Zealand.
