Country,Operator,Ownership,MCCMNC,2G,GPRS/3G,4G,Notes,OperatorId
Albania,One Albania,4iG[4][5],27601 27603,X,X,X, | • Includes the former ALBtelecom Mobile network.[3],albania_one_albania
Albania,Vodafone Albania,Vodafone Group plc (99.9%),27602,X,X,X,,albania_vodafone_albania
Andorra,Andorra Telecom,Government of Andorra[8],21303,,X,X,formerly Servei de Telecomunicacions d'Andorra,andorra_andorra_telecom
Armenia,Viva Armenia,Viva Armenia Fedilco Group Limited (Zhe Zhang (75%) and Konstantin Sokolov (25%)) (80%) and Government of Armenia (20%),28305,X,X,X,,armenia_viva_armenia
Armenia,Team,Telecom Armenia CJSC,28301,X,X,X,,armenia_team
Armenia,Ucom,Ucom,28310,X,X,X,,armenia_ucom
Austria,A1,"A1 Group (América Móvil (60.6%), ÖBAG (28.4%), institutional and others (7.6%), retail (3.4%)).",23201,X,X,X,,austria_a1
Austria,Magenta Telekom,Deutsche Telekom AG,23203,X,X,X,"formerly T-Mobile, max.mobil",austria_magenta_telekom
Austria,Drei,CK Hutchison Holdings,23205,X,X,X, | • Includes the previous Orange network.,austria_drei
Azerbaijan,Azercell,AzInTelecom (state-owned company),40001,X,X,X,,azerbaijan_azercell
Azerbaijan,Bakcell,Neqsol Holding,40002,X,X,X,,azerbaijan_bakcell
Azerbaijan,Nar,Azerfon LLC,40004,X,X,X,,azerbaijan_nar
Azerbaijan,Nakhtel,Nakhtel LLC,40006,X,X,X,operating in Nakhchivan Autonomous Republic,azerbaijan_nakhtel
Belarus,MTS,Beltelecom (51%)  MTS (49%),25702,X,X,X,,belarus_mts
Belarus,A1,A1 Group,25701,X,X,X,formerly velcom,belarus_a1
Belarus,Life,Turkcell,25704,X,X,X,,belarus_life
Belgium,Proximus,"Proximus Group N.V./S.A.(Government of Belgium 53.3%, NJJ 6.61%[21])",20601,X,X,X,formerly Belgacom,belgium_proximus
Belgium,Orange,"Orange S.A. (76.97%), others (23.03%)",20610,X,X,X,"formerly Mobistar, OBE",belgium_orange
Belgium,Base/Telenet,Telenet Group N.V./S.A. (Liberty Global 100%),20620,X,X,X,,belgium_base/telenet
Belgium,DIGI,"51% CityMesh, (subsidiary of Cegeka Groep N.V.)  49% Digi Communications N.V.",20612,,,X,,belgium_digi
Bosnia and Herzegovina,BH Mobile,"Federation of Bosnia and Herzegovina (90%), free float (10%)",21890,X,X,X,formerly GSM-BIH,bosnia and herzegovina_bh_mobile
Bosnia and Herzegovina,m:tel,Telekom Srbija,21805,X,X,X,formerly MOBI'S,bosnia and herzegovina_m:tel
Bosnia and Herzegovina,HT ERONET,"Federation of Bosnia and Herzegovina (50.10%), Hrvatski Telekom (39.10%), Hrvatska pošta (5.23%), free float (5.27%)",21803,X,X,X,formerly HTmobile,bosnia and herzegovina_ht_eronet
Bosnia and Herzegovina,haloo,"Federation of Bosnia and Herzegovina (50.10%), Hrvatski Telekom (39.10%, Hrvatska pošta (5.23%), free float (5.27%)",21803,X,X,X,MVNO of ERONET,bosnia and herzegovina_haloo
Bulgaria,A1,A1 Group,28401,X,X,X,"formerly Mtel, Mobiltel",bulgaria_a1
Bulgaria,Vivacom,United Group,28403,X,X,X,formerly Vivatel,bulgaria_vivacom
Bulgaria,Yettel,e& PPF Telecom Group,28405,X,X,X,"formerly Telenor, Globul",bulgaria_yettel
Croatia,Hrvatski Telekom,Deutsche Telekom AG (51.7%),21901,X,,X,"formerly T-Mobile, HTmobile, HT CRONET",croatia_hrvatski_telekom
Croatia,A1,A1 Group,21910,X,X,X,formerly vip,croatia_a1
Croatia,Telemach,United Group,21902,X,X,X,formerly Tele2,croatia_telemach
Cyprus,Cytamobile-Vodafone,Cyta (Government of Cyprus 100%),28001,X,X,X,,cyprus_cytamobile-vodafone
Cyprus,Epic,Monaco Telecom SAM,28010,X,X,X,"formerly MTN, Areeba",cyprus_epic
Cyprus,PrimeTel,PrimeTel PLC (Signal Capital Partners 100%),28020,,X,X,formerly as MVNO on Epic,cyprus_primetel
Cyprus,Cablenet,Cablenet Communications Systems PLC (GO Malta 63.4%),28022,,,X,"formerly Lemontel, as MVNO on Cyta",cyprus_cablenet
Cyprus,Kuzey Kıbrıs Turkcell,Turkcell A.Ş.,28601,X,X,X,,cyprus_kuzey_kıbrıs_turkcell
Cyprus,Telsim Vodafone,Vodafone Turkey A.Ş.,28602,X,X,X,,cyprus_telsim_vodafone
Czech Republic,T-Mobile,Deutsche Telekom AG,23001,X,,X,formerly Paegas,czech republic_t-mobile
Czech Republic,O2,PPF N.V.,23002,X,,X,"formerly Eurotel, Český Telecom",czech republic_o2
Czech Republic,Vodafone,Vodafone Group plc,23003,X,,X,formerly Oskar,czech republic_vodafone
Denmark,TDC,"Macquarie Group and Danish pension funds (PFA, PKA, ATP)",23801,X,X,X,,denmark_tdc
Denmark,Telenor,Telenor,23802,X,X,X,formerly Sonofon,denmark_telenor
Denmark,3,"CK Hutchison Holdings (60%), Investor AB (40%)",23806,X,X,X,,denmark_3
Denmark,Telia,Norlys[50],23820,X,,X,rebranding as Norlys Mobil[49],denmark_telia
Estonia,Telia,Telia Company,24801,X,X,X,formerly EMT,estonia_telia
Estonia,Elisa,Elisa,24802,X,,X,formerly Radiolinja,estonia_elisa
Estonia,Tele2,Tele2,24803,X,X,X,formerly Q-GSM,estonia_tele2
Faroe Islands,Føroya Tele,Government of Faroe Islands,28801,X,X,X,,faroe islands_føroya_tele
Faroe Islands,Nema,Nema,28802,X,X,X,"formerly Hey, Vodafone, Kall",faroe islands_nema
Faroe Islands,Tosa,Tosa,28803,X,X,X,,faroe islands_tosa
Finland,Elisa,Elisa,24405 24406 24421,X,X,X,formerly Radiolinja,finland_elisa
Finland,DNA,Telenor,24403 24404 24412 24413 24436 (SYV[2]),X,X,X,,finland_dna
Finland,Telia,Telia Company,24420 24436 (SYV[3]) 24491,X,X,X,"formerly Telecom Finland, Sonera",finland_telia
Finland,Ålcom,"Mariehamns Telefon, Ålands Telefonandelslag",24414,X,X,X,formerly ÅMT / Ålands Mobiltelefon,finland_ålcom
France,Orange,Orange S.A.,20801,X,X,X,"formerly Orange-Itineris, Itineris",france_orange
France,SFR,"Altice (80.4%), free float (19.6%)[59]",20810,X,X,X,,france_sfr
France,Bouygues Telecom,Bouygues Group (90.53%),20820,X,X,X,,france_bouygues_telecom
France,Free Mobile,Iliad S.A.,20815,X,X,X,,france_free_mobile
Georgia,Magticom,International Tellcell LLC,28202,X,X,X,,georgia_magticom
Georgia,Silknet,Silk Road Group,28201,X,X,X,formerly Geocell,georgia_silknet
Georgia,Cellfie,CBS Group,28204,X,X,X,formerly Beeline,georgia_cellfie
Georgia,Aquafon,Aquafon JSC,28967 (MCC is not listed by ITU),X,X,X,,georgia_aquafon
Georgia,A-Mobile,A-Mobile LLSC,28988 (MCC is not listed by ITU),X,X,X,,georgia_a-mobile
Georgia,MegaFon,CJSC Ostelkom (branding licence agreement with MegaFon)[66],25002,X,X,X,,georgia_megafon
Germany,Telekom,Deutsche Telekom AG,26201,X,,X,"formerly D1 DeTeMobil, T-Mobile",germany_telekom
Germany,O2,"Telefónica S.A. (96.8%), free float (3.2%)",26203,X,,X,formerly VIAG Interkom | • Includes the previous E-Plus network.,germany_o2
Germany,Vodafone Germany,Vodafone Group plc,26202,X,,X,formerly D2 Mannesmann,germany_vodafone_germany
Germany,1&1,"United Internet AG (78.32%), free float (18.26%), TGW Logistics Group (3.00%), others (0,42 %)",26223,,,X,,germany_1&1
Gibraltar,Gibtelecom,Government of Gibraltar,26601,X,X,X,,gibraltar_gibtelecom
Greece,COSMOTE,OTE A.E. (Deutsche Telekom AG 54.5%),"20201, 20202",X,,X,,greece_cosmote
Greece,Vodafone,Vodafone Group (100%),"20205 (Vodafone), 20214 (CYTA Hellas)",X,,X,formerly Panafon | • Includes the previous CYTA Hellas network.,greece_vodafone
Greece,NOVA,United Group B.V.,"20209 (Q-TELECOM), 20210 (NOVA)",X,,X,"formerly TELESTET, TIM, WIND | • Includes the previous Q-TELECOM network.",greece_nova
Guernsey,Sure,Batelco,23455,X,X,X,,guernsey_sure
Guernsey,JT,JT Group,23450,X,X,X,,guernsey_jt
Guernsey,Airtel-Vodafone,Batelco,23403,X,X,X,,guernsey_airtel-vodafone
Hungary,Magyar Telekom,"Deutsche Telekom AG (61.39%), free float (40.79%)[71]",21630,X,,X,"formerly Westel 900, Westel, T-Mobile",hungary_magyar_telekom
Hungary,Yettel,e& PPF Telecom Group,21601,X,,X,"formerly Pannon GSM, Pannon, Telenor HU",hungary_yettel
Hungary,One,4iG (70.5%) and Government of Hungary (29.5%)[72],21670,X,,X,formerly Vodafone,hungary_one
Iceland,Síminn,Síminn,27401,X,X,X,formerly Landssíminn,iceland_síminn
Iceland,Nova,Nova,27411,,X,X,,iceland_nova
Iceland,Vodafone,Sýn,27402,X,X,X,"formerly Og Vodafone, Íslandssími",iceland_vodafone
Ireland,Three,CK Hutchison Holdings,"27205 (Three), 27202 (O2)",X,X,X, | • Includes the previous O2 network,ireland_three
Ireland,Vodafone,Vodafone Group plc,27201,X,X,X,formerly Eircell,ireland_vodafone
Ireland,eir,"Iliad (31.6%), NJJ (32.9%)[75]",27203,X,X,X,formerly Meteor,ireland_eir
Isle of Man,Manx Telecom,Basalt Investment Partners,23458,X,X,X,,isle of man_manx_telecom
Isle of Man,Sure,Batelco,23436,X,X,X,,isle of man_sure
Italy,Wind Tre,CK Hutchison Holdings,22288 and 22299,X,X,X,formerly 3 Italy and Wind,italy_wind_tre
Italy,TIM,TIM Group,22201,X,,X,formerly SIP,italy_tim
Italy,Vodafone Italy,Swisscom,22210,X,,X,formerly Omnitel,italy_vodafone_italy
Italy,Iliad,Iliad Group,22250,,X,X,,italy_iliad
Italy,Fastweb,Swisscom,22208,,,X,,italy_fastweb
Jersey,JT,JT Group,23450,X,X,X,,jersey_jt
Jersey,Sure,Batelco,23455,X,X,X,,jersey_sure
Jersey,Airtel-Vodafone,Batelco,23403,X,X,X,,jersey_airtel-vodafone
Kosovo,Vala,Government of Kosovo,22101,X,X,X,,kosovo_vala
Kosovo,Ipko,Telekom Slovenije,22102,X,X,X,,kosovo_ipko
Latvia,LMT,"Telia (49%), Tet (Possessor (51%) and Telia (49%)) (23%), Latvian State Radio and Television Centre (LVRTC) (23%), Possessor (5%)",24701,X,X,X,,latvia_lmt
Latvia,Tele2,Tele2,24702,X,X,X,,latvia_tele2
Latvia,Bitė,Providence Equity Partners,24705,X,X,X,,latvia_bitė
Latvia,Triatel,,24703,,X,,,latvia_triatel
Latvia,Xomobile,,24709,,,,,latvia_xomobile
Liechtenstein,FL1 [de],State-owned,29505,X,X,X,formerly Mobilkom Liechtenstein AG,liechtenstein_fl1 [de]
Liechtenstein,7acht,Salt Mobile,29502,X,X,X,formerly Orange FL,liechtenstein_7acht
Liechtenstein,Swisscom FL,Swisscom,29501,X,X,X,,liechtenstein_swisscom_fl
Lithuania,Tele2,Tele2,24603,X,,X,,lithuania_tele2
Lithuania,Telia Lietuva,Telia Company,24601,X,,X,"formerly Omnitel, Teo LT",lithuania_telia_lietuva
Lithuania,Bitė,Providence Equity Partners,24602 24608 • includes the previous Mezon network.,X,,X, | • includes the previous Mezon network.,lithuania_bitė
Luxembourg,Orange,Orange Belgium,27099,X,X,X,,luxembourg_orange
Luxembourg,Tango,Proximus Group,27077,X,X,X,,luxembourg_tango
Luxembourg,POST,POST Luxembourg,27001,X,X,X,,luxembourg_post
Luxembourg,Luxembourg Online,Luxembourg Online,27005,,X,,,luxembourg_luxembourg_online
Malta,Epic,Monaco Telecom,27801,X,X,X,"formerly Telecell, Vodafone",malta_epic
Malta,GO,"Tunisie Telecom (65.42%), public (34.58%)",27821,X,X,X,formerly MALTACOM,malta_go
Malta,Melita,EQT AB  (pending sale to Goldman Sachs Alternatives[91]),27877,,X,X,,malta_melita
Moldova,Orange,Orange S.A. (94.3%),25901,X,X,X,,moldova_orange
Moldova,Moldcell,CG Corp Global[94],25902,X,X,X,,moldova_moldcell
Moldova,Moldtelecom,Moldtelecom,259032590525999,,X,X,,moldova_moldtelecom
Moldova,Interdnestrcom operating in Transnistria region only,Sheriff,25906,,,X,,moldova_interdnestrcom_operating_in_transnistria_region_only
Monaco,Monaco Telecom,"NJJ 55%, Société Nationale de Financement 45%",21210,X,X,X,,monaco_monaco_telecom
Montenegro,m:tel,"51% Telekom Srbija, 49% Telekom Srpske",29703,X,X,X,,montenegro_m:tel
Montenegro,Crnogorski Telekom,"Hrvatski Telekom (76.53%) (Deutsche Telekom AG 60.49%), free float (23.47%)",29702,X,,X,,montenegro_crnogorski_telekom
Montenegro,One Montenegro,4iG[5],29701,X,X,X,,montenegro_one_montenegro
Netherlands,Odido,"WP/AP Telecom Holdings IV B.V. (Warburg Pincus 50%, Apax Partners 50%)",20416 and 20402,,X,X,"formerly T-Mobile, Ben | • Includes the previous Tele2 and Orange networks.",netherlands_odido
Netherlands,KPN,Koninklijke KPN,20408,X,,X,O2 Netherlands | • Includes the previous Telfort network.,netherlands_kpn
Netherlands,Vodafone,"VodafoneZiggo (Vodafone Group 50%, Liberty Global 50%)",20404,X,,X,formerly Libertel,netherlands_vodafone
North Macedonia,Telekom,Magyar Telekom (51.00%) (Stone Bridge Communications),29401,X,X,X,"formerly T-Mobile, MOBIMAK",north macedonia_telekom
North Macedonia,A1,A1 Group,29403,X,X,X,"formerly one, Vip, Cosmofon",north macedonia_a1
Norway,Telenor,Telenor Government of Norway (54%),24201,X,,X,,norway_telenor
Norway,Telia,Telia Company,24202,X,,X,formerly NetCom | • Includes the previous Tele2 network.,norway_telia
Norway,Ice,Lyse AS[115],"24214, 24206",,,X,formerly Ice.net,norway_ice
Poland,Orange,"Orange S.A. (50.67%), free float (49.33%)",26003,X,X,X,formerly Idea,poland_orange
Poland,Play,Iliad S.A.,26006,X,X,X,,poland_play
Poland,Plus,Grupa Polsat Plus,26001,X,X,X,formerly Plus GSM,poland_plus
Poland,T-Mobile,Deutsche Telekom AG,26002,X,,X,formerly Era,poland_t-mobile
Portugal,NOS,NOS,26803,X,X,X,formerly Optimus,portugal_nos
Portugal,MEO,Altice,26806,X,X,X,formerly TMN,portugal_meo
Portugal,Vodafone,Vodafone Group plc,26801,X,X,X,formerly Telecel,portugal_vodafone
Portugal,DIGI,Digi Communications N.V.,26802,,,,New Network,portugal_digi
Romania,Orange,Orange S.A.,22610,X,X,X,,romania_orange
Romania,Digi,Digi Communications N.V.,22605,X,,X,,romania_digi
Romania,Vodafone,Vodafone Group plc,22601,X,X,X,,romania_vodafone
Romania,Telekom,OTE (Deutsche Telekom AG 54.5%),22603,X,,X,"formerly Cosmorom, Cosmote",romania_telekom
Russia,MTS,"PJSC Sistema (42.09%), PJSC MTS (1.93%), free float (50.03%)[123]",25001,X,X,X,,russia_mts
Russia,MegaFon,"OOO USM Holdings (50%), OOO AF Telecom Holdings (50%)[125]",25002,X,X,X,,russia_megafon
Russia,t2,PJSC Rostelecom,25020,X,X,X,,russia_t2
Russia,Beeline,PJSC VimpelCom,25099,X,X,X,,russia_beeline
Russia,MOTIV,OOO EKATERINBURG-2000,25035,X,,X," | Coverage: Sverdlovsk, Kurgan, Khanty-Mansi, Yamalo-Nenets",russia_motiv
Russia,Tattelecom,PJSC Tattelecom,25027,X,,X, | Coverage: Tatarstan,russia_tattelecom
Russia,Phoenix,"SUE DPR ""ROS""",25097,X,X,X, | Coverage: Donetsk,russia_phoenix
Russia,MKS,OOO MKS,25098,X,X,X, | Coverage: Luhansk,russia_mks
Russia,K-Telecom,OOO K-Telecom,"25032, 25096",X,X,X," | Coverage: Crimea, Sevastopol, Luhansk, Donetsk, Zaporozhye, Kherson",russia_k-telecom
Russia,Miranda,OOO Miranda-Media,25054,X,X,X," | Coverage: Crimea, Sevastopol, Luhansk, Donetsk, Zaporozhye, Kherson",russia_miranda
Russia,Vainah Telecom,JSC Vainah Telecom,25008,X,,X, | Coverage: Chechnya,russia_vainah_telecom
San Marino,TIM San Marino,TIM,22201,X,X,X,,san marino_tim_san_marino
San Marino,Telefonia Mobile Sammarinese,Telecom Italia San Marino (51%),22201,X,X,X,,san marino_telefonia_mobile_sammarinese
San Marino,Prima,San Marino Telecom,29201,X,X,,,san marino_prima
Serbia,MTS,Telekom Srbija,22003,X,X,X,,serbia_mts
Serbia,Yettel,e& PPF Telecom Group,22001,X,X,X,,serbia_yettel
Serbia,A1,A1 Group,22005,X,X,X,,serbia_a1
Slovakia,Orange,Orange S.A.,"23101, 23105",X,,X,"formerly Globtel, Slovtel",slovakia_orange
Slovakia,O2,e& PPF Telecom Group,23106,X,X,X,"formerly Telefónica, O2 Telefónica",slovakia_o2
Slovakia,Telekom,Deutsche Telekom AG,"23102, 23104",X,,X,"formerly Eurotel, T-Mobile",slovakia_telekom
Slovakia,4ka,SWAN,23103,X,,X,SWAN,slovakia_4ka
Slovenia,Telekom Slovenije,Telekom Slovenije,29341,X,,X,formerly Mobitel,slovenia_telekom_slovenije
Slovenia,A1,A1 Group,29340,X,,X,formerly Si.mobil,slovenia_a1
Slovenia,Telemach,United Group,29370,X,X,X,formerly Tušmobil,slovenia_telemach
Slovenia,T-2,Garnol (pending sale to Telemach),29364,,X,X,,slovenia_t-2
Spain,MásOrange,"Orange S.A. (50,00%), Lorca JVco Ltd (50,00%)",21403 21404,X,X,X,formerly Amena | •Includes the previous Yoigo network.,spain_másorange
Spain,Movistar,Telefónica,21407,X,X,X,formerly Moviline,spain_movistar
Spain,Vodafone,Zegona Communications,21401,X,X,X,formerly Airtel,spain_vodafone
Spain,DIGI,Digi Communications,21422,,,X,,spain_digi
Sweden,Telia,Telia Company,24001,X,X,X,,sweden_telia
Sweden,Telenor,Telenor,24008,X,X,X,formerly Vodafone,sweden_telenor
Sweden,Tele2,Tele2 AB (Freya Investissement (Iliad/NJJ) 19.88%)[150],24007,X,X,X,,sweden_tele2
Sweden,Tre,"CK Hutchison Holdings (60%), Investor AB (40%)",24002,,X,X,,sweden_tre
Switzerland,Swisscom,"Partially state-owned (50% plus one share), free float (49%)",22801,,X,X,,switzerland_swisscom
Switzerland,Sunrise,Free float (100%),22802,,X,X,formerly diAx,switzerland_sunrise
Switzerland,Salt,NJJ[154],22803,,X,X,formerly Orange CH,switzerland_salt
Türkiye,Turkcell,"Turkey Wealth Fund (26.2%), LetterOne (19.8%), free float (54%)",,X,X,X,,türkiye_turkcell
Türkiye,Vodafone Turkey,Vodafone Group plc,,X,X,X,formerly Telsim,türkiye_vodafone_turkey
Türkiye,Türk Telekom,"Türk Telekom (Turkey Wealth Fund (60%), Ministry of Treasury and Finance (Turkey) (25%), free float (15%)) [156]",,X,X,X,"formerly Avea, Aria, Aycell",türkiye_türk_telekom
Ukraine,Kyivstar*,"VEON (LetterOne (45.5%), The Stichting (7.9%), Lingotto Investment Management LLP (7.2%), Shah Capital Management Inc. (6.8%), free float 32.6%)",25503,X,X,X,Including previous Beeline Ukraine network,ukraine_kyivstar*
Ukraine,Vodafone*,Bakcell,25501,X,X,X,"formerly MTS Ukraine, UMC",ukraine_vodafone*
Ukraine,lifecell*,DVL Telecom (NJJ 85%),25506,X,X,X,formerly life:,ukraine_lifecell*
Ukraine,Intertelecom,"Odinaco Ltd (49%), Viktor Gushan (35.7%)",25504,,X,,,ukraine_intertelecom
Ukraine,TriMob*,Ukrtelecom,25507,,X,,,ukraine_trimob*
Ukraine,PEOPLEnet,Telesystemy Ukrainy,25521,,X,,,ukraine_peoplenet
United Kingdom,O2,"Virgin Media O2 (50% Telefónica, 50% Liberty Global)",23410,X,X,X,,united kingdom_o2
United Kingdom,EE,BT Group,23430 and 23433,X,,X,,united kingdom_ee
United Kingdom,Vodafone,Vodafone Group plc,23415,X,,X,,united kingdom_vodafone
United Kingdom,Three,CK Hutchison Holdings,23420,,X,X,,united kingdom_three
