VPMN Public Code,Networks,Rate,MNC,MCC,2G,GPRS/3G,LTE,PLMN,Country
AAMOM,OnMarine,,,,,,,90127,Worldwide
AAMT1,TampNet AS,,,,,,,24299,Norway
ABWDC,Digicel,,,,,,,36302,Aruba
AFGAR,MTN,,,,,,,41240,Afghanistan
AFGAW,AWCC,,,,,,,41201,Afghanistan
AFGEA,Etisalat,,,,,,,41250,Afghanistan
AFGTD,Roshan,,,,,,,41220,Afghanistan
AGOUT,UNITEL,,,,,,,63102,Angola
AIACW,FLOW,,,,,,,365840,Anguilla (UK)
ALBAM,One Albania,0+,276.0,1.0,YES,YES,YES,27601,Albania
ALBEM,One Albania,0+,276.0,3.0,YES,YES,YES,27603,Albania
ALBM4,Plus Albania,HLR BARRING,276.0,4.0,YES,YES,0,27604,Albania
ALBVF,Vodafone Albania,100,276.0,2.0,YES,YES,YES,27602,Albania
ANDMA,Mobiland,,,,,,,21303,Andorra
ANTCT,Digicel,,,,,,,36269,Former Netherlands Antilles
ANTTC,Telcell,,,,,,,36251,Former Netherlands Antilles
AREDU,DU UAE,100,424.0,3.0,YES,YES,YES,42403,United Arab Emirates
ARETC,Etisalat UAE,0+,424.0,2.0,YES,YES,YES,42402,United Arab Emirates
ARETH,Thuraya,HLR BARRING,901.0,5.0,YES,YES,0,90105,Worldwide
ARGCM,Claro,,,,,,,722310,Argentina
ARGTM,Telefonica Moviles Argentina,100,722.0,7.0,YES,YES,Planned,,
ARGTP,Telecom Personal S.A,HLR BARRING,722.0,34.0,YES,YES,YES,,
ARM01,Telecom Armenia CJSC,100,283.0,1.0,YES,YES,YES,28301,Armenia
ARM05,MTS Armenia,HLR BARRING,283.0,5.0,YES,Planned,Planned,28305,Armenia
ARMOR,Ucom CJSC Armenia,HLR BARRING,283.0,10.0,YES,YES,YES,28310,Armenia
ATGCW,FLOW,,,,,,,344920,Antigua and Barbuda
AUSOP,Optus Mobile Pty Limited,0+,505.0,2.0,Arrêté,Arrêté,YES,50502,Australia
AUSTA,Telstra,,,,,,,50501,Australia
AUSVF,Vodafone Australia,100,505.0,3.0,YES,YES,0,50503,Australia
AUTCA,H3G Austria,90,232.0,5.0,YES,YES,YES,23205,Austria
AUTMM,T-Mobile Austria GmbH,0+,232.0,3.0,YES,YES,0,23203,Austria
AUTPT,A1 Telekom Austria AG,10,232.0,1.0,YES,YES,YES,23201,Austria
AZEAC,Azercell,,,,,,,40001,Azerbaijan
AZEAF,Nar Mobile,,,,,,,40004,Azerbaijan
AZEBC,Bakcell,,,,,,,40002,Azerbaijan
BDIL1,Smart Mobile,,,,,,,64207,Burundi
BDIVG,Lumitel,,,,,,,64208,Burundi
BELKO,Sunrise Communications AG,0+,206.0,20.0,YES,YES,YES,20620,Belgium
BELMO,Mobistar S.A.,90,206.0,10.0,YES,YES,YES,20610,Belgium
BELTB,Belgacom Mobile N.V./S.A. – Proximus,10,206.0,1.0,YES,YES,0,20601,Belgium
BELTN,Sunrise Communications AG,0+,206.0,5.0,N.A,N.A,N.A,,
BEN02,Etisalat Benin SA,HLR BARRING,616.0,2.0,YES,YES,YES,61602,Benin
BEN07,SBIN Benin,10,616.0,7.0,YES,YES,YES,,
BENBB,Bell Benin Communications (BBCOM),HLR BARRING,616.0,4.0,YES,0,0,,
BENSP,Spacetel-Benin,90,616.0,3.0,YES,YES,N.A,,
BFACT,Orange Burkina Fasso,100,613.0,2.0,YES,YES,YES,61302,Burkina Faso
BFAON,Onatel,HLR BARRING,613.0,1.0,YES,YES,0,,
BGDAK,Robi Axiata Limited,HLR BARRING,470.0,2.0,YES,YES,YES,,
BGDBL,Banglalink,,,,,,,47003,Bangladesh
BGDGP,Grameenphone Ltd,100,470.0,1.0,YES,YES,YES,47001,Bangladesh
BGR01,A1 Bulgaria (Mobiltel),90,284.0,1.0,YES,YES,YES,28401,Bulgaria
BGRCM,Yettel Bulgaria,10,284.0,5.0,YES,YES,YES,28405,Bulgaria
BGRVA,Vivacom (Telemach) Bulgaria,HLR BARRING,284.0,3.0,YES,YES,YES,,
BHRB2,Batelco,,,,,,,42605,Bahrain
BHRBT,Batelco,,,,,,,42601,Bahrain
BHRMV,Zain BH,10,426.0,2.0,YES,YES,YES,42602,Bahrain
BHRST,Viva Bahrain (STC),90,426.0,4.0,YES,YES,YES,,
BHSBH,BTC Bahamas Telecommunications Company ,100,364.0,39.0,YES,YES,0,36439,Bahamas
BHSNC,Be Aliv Limited,HLR BARRING,364.0,49.0,YES,YES,YES,36449,Bahamas
BIHER,HT Eronet,HLR BARRING,218.0,3.0,YES,YES,YES,21803,Bosnia and Herzegovina
BIHMS,RS Telecommunications JSC Banja Luka,100,218.0,5.0,YES,YES,0,21805,Bosnia and Herzegovina
BIHPT,BH Mobile,,,,,,,21890,Bosnia and Herzegovina
BLR02,MTS Belarus,HLR BARRING,257.0,2.0,YES,YES,YES,25702,Belarus
BLRBT,Life Best Belarus,HLR BARRING,257.0,4.0,YES,YES,Planned,,
BLRMD,Velcom Belarus,100,257.0,1.0,YES,YES,0,25701,Belarus
BLZ67,DigiCell,,,,,,,70267,Belize
BLZSC,SMART,,,,,,,70269,Belize
BMU01,AT&T Mobility (Maritime service),0,901.0,18.0,YES,YES,YES,90118,Worldwide
BOLNT,Viva,,,,,,,73601,Bolivia
BOLTE,Tigo,,,,,,,73603,Bolivia
BRABT,Oi Brazil/ Telemar,hLR BARRING,724.0,16.0,YES,YES,0,72416,Brazil
BRAC4,Algar Telecom,,,,,,,72434,Brazil
BRACL,Claro,,,,,,,72405,Brazil
BRACS,TIM Celular S.A.,20,724.0,4.0,YES,YES,YES,72404,Brazil
BRARN,TIM Celular S.A.,20,724.0,2.0,YES,YES,YES,72402,Brazil
BRASP,TIM Celular S.A.,20,724.0,3.0,YES,YES,YES,72403,Brazil
BRATC,VIVO Brazil / Telefonica ,80,724.0,23.0,YES,YES,YES,72423,Brazil
BRATM,Oi Brazil ,HLR BARRING,724.0,31.0,YES,YES,0,72431,Brazil
BRAV1,VIVO Brazil / Telefonica ,80,724.0,10.0,YES,YES,YES,72410,Brazil
BRAV2,VIVO Brazil / Telefonica ,80,724.0,6.0,YES,YES,YES,72406,Brazil
BRAV3,VIVO Brazil / Telefonica ,80,724.0,11.0,YES,YES,YES,72411,Brazil
BRBCW,FLOW,,,,,,,342600,Barbados
BRNBR,PCSB,,,,,,,52802,Brunei
BRNDS,DST,,,,,,,52811,Brunei
BWABC,Botswana Telecommunications Corporation,HLR BARRING,652.0,4.0,YES,YES,YES,65204,Botswana
BWAGA,Mascom Wireless (Pty),HLR BARRING,652.0,1.0,YES,YES,YES,65201,Botswana
BWAVC,Orange Botswana,100,652.0,2.0,YES,YES,YES,,
CAF02,Telecel Centrafrique ,HLR BARRING,,,,,,,
CAF03,Orange CentrAfrique,100,623.0,3.0,YES,YES,N.A,62303,Central African Republic
CANBM,Bell Mobility Inc.,10,302.0,610.0,YES,YES,YES,302610,Canada
CANMC,Fido,,,,,,,302370,Canada
CANRW,Rogers,80,302.0,720.0,YES,YES,YES,302720,Canada
CANST,SaskTel Canada ,0,302.0,780.0,YES,0,YES,302780,Canada
CANTS,TELUS,10,302.0,220.0,YES,YES,YES,302220,Canada
CANVT,Videotron,,,,,,,302500,Canada
CHEC1,Swisscom (Switzerland) Ltd,30,228.0,1.0,YES,YES,YES,22801,Switzerland
CHEDX,Sunrise Communications AG,70,228.0,2.0,Arrêté,YES,YES,22802,Switzerland
CHEOA,SITA OnAir Switzerland,HLR BARRING,901.0,15.0,YES,YES,0,,
CHEOR,Salt,0+,228.0,3.0,YES,YES,YES,22803,Switzerland
CHLMV,Entel Chile,HLR BARRING,730.0,1.0,YES,YES,YES,73001,Chile
CHLSM,Claro Chile,10,730.0,3.0,YES,YES,0,73003,Chile
CHLTM,Telefónica Móvil de Chile S.A.,90,730.0,2.0,YES,YES,YES,73002,Chile
CHNCM,China Mobile,,,,,,,46002,China
CHNCT,China Mobile,80,460.0,0.0,YES,YES,YES,46000,China
CHNCU,China Unicom,20,460.0,1.0,Arrêté,Arrêté,YES,46001,China
CHNTD,China Mobile,,,,,,,46007,China
CIV02,Moov,HLR BARRING,612.0,2.0,YES,YES,Planned,61202,Ivory Coast
CIV03,Orange,100,612.0,3.0,YES,YES,YES,,
CIVTL,MTN ,0,612.0,5.0,YES,YES,0,61205,Ivory Coast
CMR02,Orange,100,624.0,2.0,YES,YES,YES,,
CMRMT,MTN,0,624.0,1.0,YES,YES,0,62401,Cameroon
CMRVG,Nexttel,,,,,,,62404,Cameroon
CODAC,Africell RDC sprl,HLR BARRING,630.0,90.0,YES,YES,YES,63090,Democratic Republic of the Congo
CODCT,Airtel,,,,,,,63002,Democratic Republic of the Congo
CODOR,Orange RDC ,90,630.0,86.0,YES,YES,YES,63086,Democratic Republic of the Congo
CODSA,Orange RDC,,,,,,,63089,Democratic Republic of the Congo
CODVC,Vodacom RDC,10,630.0,1.0,YES,YES,YES,63001,Democratic Republic of the Congo
COGCT,Airtel,,,,,,,62901,Congo
COLCM,Claro,,,,,,,732101,Colombia
COLCO,Tigo,,,,,,,732111,Colombia
COLTM,movistar,,,,,,,732123,Colombia
COMHR,HURI,,,,,,,65401,Comoros
COMTM,TELCO SA,,,,,,,65402,Comoros
CPVCV,CVMovel Cap Verde,100,625.0,1.0,YES,YES,YES,62501,Cape Verde
CPVTM,T+ Unitel Telecomunicacoes,HLR BARRING,625.0,2.0,YES,YES,YES,62502,Cape Verde
CRICL,Claro Costa Rica,10,712.0,3.0,YES,YES,0,71203,Costa Rica
CRICR,ICE Costarica,HLR BARRING,712.0,1.0,YES,YES,YES,71201,Costa Rica
CRITC,LIBERTY Telecomuncationes de Costa Rica,90,712.0,4.0,YES,YES,YES,71204,Costa Rica
CUB01,CUBACEL,,,,,,,36801,Cuba
CYMCW,FLOW,,,,,,,346140,Cayman Islands (UK)
CYPCT,Cytamobile-Vodafone,,,,,,,28001,Cyprus
CYPPT,PrimeTel Cyprus,20,280.0,20.0,YES,Arrêté,YES,28020,Cyprus
CYPSC,Epic (MTN) Cyprus,80,280.0,10.0,YES,YES,YES,28010,Cyprus
CZECM,vodafone Czech,90,230.0,3.0,YES,Arrêté,YES,23003,Czech Republic
CZEET,"Telefonica Czech Republic a.s., Czech Republic",0+,230.0,2.0,YES,Arrêté,YES,23002,Czech Republic
CZERM,T-MOBILE CZECH REPUBLIC A.S.,10,230.0,1.0,YES,Arrêté,YES,23001,Czech Republic
DEUD1,"T-Mobile Deutschland GmbH(262,01)",0+,262.0,1.0,YES,Arrêté,YES,26201,Germany
DEUD2,"Vodafone D2 GmbH(262,02)",80,262.0,2.0,YES,YES,YES,26202,Germany
DEUE2,"Telefonica Germany(262,03)",20,262.0,7.0,YES,YES,YES,26207,Germany
DJIDJ,Evatis,,,,,,,63801,Djibouti
DMACW,FLOW,,,,,,,366110,Dominica
DNKDM,Telenor Denmark ,10,238.0,2.0,YES,Arrêté,YES,23802,Denmark
DNKHU,Hi3G Denmark,90,238.0,6.0,YES,YES,0,23806,Denmark
DNKIA,Telia Danmark,0+,238.0,20.0,YES,Arrêté,YES,23820,Denmark
DNKTD,TDC (Nuuday) Denmark,0+,238.0,1.0,YES,YES,YES,23801,Denmark
DOMCL,Claro,,,,,,,37002,Dominican Republic
DZAA1,ATM MOBILIS,90,603.0,1.0,YES,YES,YES,60301,Algeria
DZAOT,Djezzy Algeria,0+,603.0,2.0,YES,YES,YES,60302,Algeria
DZAWT,wataniya nejma algérie,10,603.0,3.0,YES,YES,YES,60303,Algeria
ECUAL,CNT Mobile,,,,,,,74002,Ecuador
ECUOT,Movistar,,,,,,,74000,Ecuador
ECUPG,Claro,,,,,,,74001,Ecuador
EGYAR,Mobinil Egypt,90,602.0,1.0,YES,YES,YES,60201,Egypt
EGYEM,Etisalat Misr,0,602.0,3.0,YES,YES,YES,60203,Egypt
EGYMS,vodafone Egypt ,10,602.0,2.0,YES,YES,YES,60202,Egypt
ESPAT,Vodafone Spain,10,214.0,1.0,YES,YES,YES,21401,Spain
ESPDI,DIGI,0,214.0,22.0,N.A,N.A,N.A,,
ESPRT,Orange Espana SA,90,214.0,3.0,YES,YES,YES,21403,Spain
ESPTE,"Telefonica Moviles España, S.A.",0+,214.0,7.0,YES,YES,YES,21407,Spain
ESPXF,Xfera Moviles S.A.,0,214.0,4.0,YES,YES,YES,21404,Spain
ESTEM,Telia (AS EMT),10,248.0,1.0,YES,YES,YES,24801,Estonia
ESTRB,Tele2 Estonia,90,248.0,3.0,YES,YES,YES,24803,Estonia
ESTRE,Elisa Estonia,0+,248.0,2.0,YES,YES,YES,24802,Estonia
ETH01,Ethio Telecom,HLR BARRING,636.0,1.0,YES,YES,YES,63601,Ethiopia
ETH02,Safaricom Ethiopia,100,636.0,2.0,YES,YES,Planned,,
FIN2G,DNA Finland,90,244.0,12.0,YES,YES,0,24412,Finland
FINAM,Alands Telekommunikation Ab,HLR BARRING,244.0,14.0,YES,YES,YES,24414,Finland
FINRL,Elisa Finland,0+,244.0,5.0,YES,YES,YES,24405,Finland
FINTA,DNA,,,,,,,24403,Finland
FINTF,Telia Sonera Finland,10,244.0,91.0,YES,YES,YES,24491,Finland
FJIDP,Digicel,,,,,,,54202,Fiji
FRAF1,Orange France,85,208.0,1.0,YES,YES,YES,20801,France
FRAF2,SFR,0+,208.0,10.0,YES,YES,YES,20810,France
FRAF3,Bouygues Telecom,0+,208.0,20.0,YES,YES,YES,20820,France
FRAF4,Digicel Antilles françaises Guyane,HLR BARRING,340.0,20.0,YES,YES,YES,34020,French Antilles (France)
FRAFM,Free,15,208.0,15.0,YES,YES,YES,20815,France
FRATK,Onati S.A.S.,HLR BARRING,547.0,20.0,YES,YES,0,54720,French Polynesia (France)
FROFT,Faroese Telecom,,,,,,,28801,Faroe Islands
FROKA,Hey,,,,,,,28802,Faroe Islands
GAB01,Libertis,,,,,,,62801,Gabon
GABAZ,Azur,,,,,,,62804,Gabon
GABCT,Airtel,,,,,,,62803,Gabon
GABTL,Moov,,,,,,,62802,Gabon
GBRCN,Virgin Media O2,0,234.0,10.0,YES,YES,YES,23410,United Kingdom
GBRGT,SURE Ltd,HLR BARRING,234.0,55.0,YES,YES,YES,,
GBRHU,Hutchison H3G UK,20,234.0,20.0,YES,YES,YES,23420,United Kingdom
GBRJT,JT (Jersey) Limited,HLR BARRING,234.0,50.0,YES,YES,0,23450,Guernsey (UK)
GBRME,EE Limited UK,0+,234.0,30.0,YES,YES,YES,23430,United Kingdom
GBRMT,Manx Telecom,HLR BARRING,234.0,58.0,YES,YES,YES,23458,Isle of Man (UK)
GBROR,EE Limited UK,0+,234.0,33.0,YES,YES,0,23433,United Kingdom
GBRVF,Vodafone UK,80,234.0,15.0,YES,YES,YES,23415,United Kingdom
GEOGC,Geocell,,,,,,,28201,Georgia
GEOMT,Beeline,,,,,,,28204,Georgia
GHAGM,Globacom,,,,,,,62007,Ghana
GHAGT,Vodafone Ghana ,95,620.0,2.0,YES,YES,YES,62002,Ghana
GHAMT,Airtel (Tigo) Ghana ,HLR BARRING,620.0,3.0,YES,YES,Planned,62003,Ghana
GHASC,MTN,,,,,,,62001,Ghana
GHASC ,MTN Ghana (Scancom),5,,,,,,,
GHAZN,AirtelTigo,,,,,,,62006,Ghana
GIBGT,GibTel,,,,,,,26601,Gibraltar (UK)
GINAG,MTN Guinee (Areeba),10,611.0,4.0,Planned,Planned,N.A,61104,Guinea
GINGS,Orange Guinee,90,611.0,1.0,YES,YES,YES,61101,Guinea
GLP01,Orange Caraibe,100,340.0,1.0,YES,YES,YES,34001,French Antilles (France)
GLPDT,Dauphin Telecom (Amigo GSM),HLR BARRING,340.0,8.0,YES,YES,YES,,
GMBAC,Africell,,,,,,,60702,Gambia
GMBQC,QCell,,,,,,,60704,Gambia
GNB03,Orange Bissau,90,632.0,3.0,YES,YES,YES,,
GNBSB,MTN Guinee Bissau (Spacetel),10,632.0,2.0,0,0,0,63202,Guinea-Bissau
GNQHT,Muni,,,,,,,62703,Equatorial Guinea
GRCCO,T Mobile greece,10,202.0,1.0,YES,Arrêté,YES,20201,Greece
GRCCT,Cyta Hellas,,,,,,,20214,Greece
GRCPF,Vodafone Panafon Greece,90,202.0,5.0,YES,Arrêté,YES,20205,Greece
GRCSH,Wind,,,,,,,20210,Greece
GRDCW,FLOW,,,,,,,352110,Grenada
GRLTG,TELE Greenland A/S,,,,,,,29001,Greenland
GTMCM,Comunicaciones Celulares S.A.,HLR BARRING,704.0,2.0,YES,YES,0,,
GTMSC,"Telecomunicaciones de Guatemala, . (TELGUA)",100,704.0,1.0,YES,YES,0,70401,Guatemala
GTMTG,movistar,,,,,,,70403,Guatemala
GUMDP,Docomo,,,,,,,310370,Guam (USA)
GUYUM,Digicel,,,,,,,73801,Guyana
HKGH3,3,,,,,,,45403,Hong Kong
HKGHT,3 (2G),,,,,,,45404,Hong Kong
HKGM3,PCCW Mobile (3G),,,,,,,45419,Hong Kong
HKGMC,PCCW Mobile (2G),,,,,,,45416,Hong Kong
HKGNW,New World Mobility,,,,,,,45410,Hong Kong
HKGPP,CMCC HK,,,,,,,45412,Hong Kong
HKGSM,SmarTone Mobile Communications Limited,20,454.0,6.0,YES,YES,YES,45406,Hong Kong
HKGTC,CSL Hong Kong,80,454.0,0.0,YES,YES,YES,45400,Hong Kong
HND02,"Telefónica Celular, S.A. (CELTEL)  ",HLR BARRING,708.0,2.0,YES,YES,YES,,
HNDDC,Digicel,,,,,,,708040,Honduras
HNDME,Servicios de Comunicaciones de Honduras,100,708.0,1.0,YES,YES,0,708001,Honduras
HRVCN,Hrvatski Telekom (T-Mobile) ,20,219.0,1.0,YES,YES,YES,21901,Croatia
HRVT2,Telemach Croatia Ltd (Tele2) Croatia,HLR BARRING,219.0,2.0,YES,YES,0,21902,Croatia
HRVVI,A1 Hrvatska (Vipnet d.o.o) Croatia,80,219.0,10.0,YES,YES,YES,21910,Croatia
HTICL,Voila,,,,,,,37201,Haiti
HTIVT,Natcom,,,,,,,37203,Haiti
HUNH1,Yettel Hungary,0+,216.0,1.0,YES,YES,YES,21601,Hungary
HUNH2,Telekom Hungary (T-Mobile),10,216.0,30.0,YES,Arrêté,YES,21630,Hungary
HUNVR,Vodafone Hungary,90,216.0,70.0,YES,YES,YES,21670,Hungary
IDN89,H3G Indonesia,20,510.0,89.0,YES,YES,YES,51089,Indonesia
IDNEX,XL,,,,,,,51011,Indonesia
IDNIM,IM3,,,,,,,51021,Indonesia
IDNLT,AXIS,,,,,,,51008,Indonesia
IDNSL,PT Indosat Tbk,80,510.0,1.0,YES,Arrêté,YES,51001,Indonesia
IDNTS,Telkomcel Indonesia,HLR BARRING,510.0,10.0,YES,Arrêté,0,51010,Indonesia
IND02,Aircel,,,,,,,40435,India
IND03,AIRCEL,,,,,,,40417,India
IND04,AIRCEL,,,,,,,40425,India
IND05,AIRCEL,,,,,,,40428,India
IND06,AIRCEL,,,,,,,40429,India
IND07,IDEA,,,,,,,40407,India
IND09,AIRCEL,,,,,,,40491,India
IND10,AirTel,,,,,,,40554,India
IND11,AirTel,,,,,,,40553,India
IND12,AirTel,,,,,,,40552,India
IND14,AirTel,,,,,,,40551,India
IND15,AirTel,,,,,,,40556,India
IND16,Airtel,,,,,,,40416,India
IND17,AIRCEL,,,,,,,405810,India
IND18,AIRCEL,,,,,,,405811,India
IND19,AIRCEL,,,,,,,405800,India
IND20,AIRCEL,,,,,,,405809,India
IND21,AIRCEL,,,,,,,405805,India
IND22,AIRCEL,,,,,,,405803,India
IND23,AIRCEL,,,,,,,405801,India
IND24,AIRCEL,,,,,,,405804,India
IND25,AIRCEL,,,,,,,405812,India
IND26,AIRCEL,,,,,,,405806,India
IND27,AIRCEL,,,,,,,405808,India
IND28,AIRCEL,,,,,,,405802,India
IND29,AIRCEL,,,,,,,405807,India
INDA1,AirTel,,,,,,,40492,India
INDA2,AirTel,,,,,,,40490,India
INDA5,AirTel,,,,,,,40496,India
INDA7,AirTel,,,,,,,40495,India
INDA8,AirTel,,,,,,,40493,India
INDA9,AirTel,,,,,,,40402,India
INDAC,Aircel,,,,,,,40442,India
INDAT,AirTel,,,,,,,40410,India
INDBI,IDEA,,,,,,,40424,India
INDBK,Vodafone India,,,,,,,40446,India
INDBL,AirTel,,,,,,,40403,India
INDBM,Vodafone India,,,,,,,40427,India
INDBO,IDEA,,,,,,,40422,India
INDBT,Vodafone India,,,,,,,40443,India
INDCC,Vodafone India,,,,,,,40430,India
INDDL,DOLPHIN,,,,,,,40468,India
INDE1,Vodafone India,,,,,,,40411,India
INDEH,IDEA,,,,,,,40412,India
INDEK,IDEA,,,,,,,40419,India
INDEU,IDEA,,,,,,,40456,India
INDF1,Vodafone India,,,,,,,40405,India
INDHM,Vodafone India,,,,,,,40420,India
INDIB,IDEA,,,,,,,40570,India
INDID,IDEA,,,,,,,40404,India
INDIK,IDEA,,,,,,,405848,India
INDIM,IDEA,,,,,,,405799,India
INDIO,IDEA,,,,,,,405850,India
INDIT,IDEA,,,,,,,405852,India
INDIW,IDEA,,,,,,,405853,India
INDJ1,Jio,,,,,,,405840,India
INDJ2,Jio,,,,,,,405854,India
INDJ3,Jio,,,,,,,405855,India
INDJ4,Jio,,,,,,,405856,India
INDJ5,Jio,,,,,,,405857,India
INDJ6,Jio,,,,,,,405858,India
INDJ7,Jio,,,,,,,405859,India
INDJ8,Airtel,,,,,,,40445,India
INDJ9,Jio,,,,,,,405861,India
INDJH,Airtel,,,,,,,40449,India
INDJL,Jio,,,,,,,405862,India
INDJM,Jio,,,,,,,405863,India
INDJN,Jio,,,,,,,405864,India
INDJO,Jio,,,,,,,405865,India
INDJP,Jio,,,,,,,405866,India
INDJQ,Jio,,,,,,,405867,India
INDJR,Jio,,,,,,,405868,India
INDJS,Jio,,,,,,,405869,India
INDJT,Jio,,,,,,,405870,India
INDJU,Jio,,,,,,,405871,India
INDJV,Jio,,,,,,,405872,India
INDJW,Jio,,,,,,,405873,India
INDJX,Jio,,,,,,,405874,India
INDMB,DOLPHIN,,,,,,,40469,India
INDMP,IDEA,,,,,,,40478,India
INDMT,AirTel,,,,,,,40431,India
INDRC,Aircel,,,,,,,40441,India
INDRM,Reliance,,,,,,,40467,India
INDSK,IDEA,,,,,,,40444,India
INDSP,IDEA,,,,,,,40414,India
INDT0,TATA DOCOMO,,,,,,,405025,India
INDT1,TATA DOCOMO,,,,,,,405034,India
INDT2,TATA DOCOMO,,,,,,,405044,India
INDT3,TATA DOCOMO,,,,,,,405035,India
INDT4,TATA DOCOMO,,,,,,,405032,India
INDT5,TATA DOCOMO,,,,,,,405038,India
INDT6,TATA DOCOMO,,,,,,,405037,India
INDT7,TATA DOCOMO,,,,,,,405045,India
INDT8,TATA DOCOMO,,,,,,,405046,India
INDT9,TATA DOCOMO,,,,,,,405047,India
INDTB,TATA DOCOMO,,,,,,,405027,India
INDTD,TATA DOCOMO,,,,,,,405029,India
INDTG,TATA DOCOMO,,,,,,,405030,India
INDTH,TATA DOCOMO,,,,,,,405031,India
INDTK,TATA DOCOMO,,,,,,,405036,India
INDTM,TATA DOCOMO,,,,,,,405039,India
INDTO,TATA DOCOMO,,,,,,,405041,India
INDTP,TATA DOCOMO,,,,,,,405042,India
INDTR,TATA DOCOMO,,,,,,,405043,India
INDWB,cellone,,,,,,,40474,India
IRLDF,Hutchison Ireland,0+,272.0,2.0,YES,YES,0,27202,Ireland
IRLEC,Vodafone Ireland,100,272.0,1.0,YES,Arrêté,YES,27201,Ireland
IRLH3,3,,,,,,,27205,Ireland
IRLME,Meteor Ireland ,0,272.0,3.0,YES,YES,YES,27203,Ireland
IRN11,IR-TCI (Hamrah-e-Avval),,,,,,,43211,Iran
IRNMI,MTN Irancell,,,,,,,43235,Iran
IRNTT,Rightel,,,,,,,43220,Iran
IRQAC,Asia Cell,,,,,,,41805,Iraq
ISLNO,Nova,,,,,,,27411,Iceland
ISLPS,Síminn,,,,,,,27401,Iceland
ISLTL,Vodafone,,,,,,,27402,Iceland
ISLVW,Viking,,,,,,,27404,Iceland
ISR01,Partner,,,,,,,42501,Israel
ISRCL,Cellcom,,,,,,,42502,Israel
ISRMS,Hot Mobile,,,,,,,42507,Israel
ISRPL,Pelephone,,,,,,,42503,Israel
ITAFM,Iliad Italy,65,222.0,50.0,YES,YES,YES,22250,Italy
ITAGT,TIM-GOS,HLR BARRING,901.0,26.0,YES,YES,0,90126,Worldwide
ITAH3,3 Italia,,,,,,,22299,Italy
ITAOM,Vodafone Italy,30,222.0,10.0,YES,Arrêté,YES,22210,Italy
ITASI,Telecom Italia SpA,5,222.0,1.0,YES,Arrêté,YES,22201,Italy
ITAWI,WIND,0,222.0,88.0,YES,YES,YES,22288,Italy
JAMCW,FLOW,,,,,,,338180,Jamaica
JAMDC,Digicel Bermuda,,,,,,,338050,Bermuda
JORFL,zain ,HLR BARRING,416.0,1.0,YES,YES,0,41601,Jordan
JORMC,Orange Jordanie,100,416.0,77.0,YES,YES,YES,41677,Jordan
JORUM,umniah,HLR BARRING,416.0,3.0,YES,YES,YES,41603,Jordan
JPNDO,NTT DOCOMO,10,440.0,10.0,YES,YES,YES,44010,Japan
JPNJP,SoftBank Mobile Japan,90,440.0,20.0,YES,YES,YES,44020,Japan
JPNKI,au,,,,,,,44051,Japan
K0001,IPKO,,,,,,,22102,Kosovo
KAZ77,Mobile Telecom-Service LLP,HLR BARRING,401.0,77.0,YES,YES,0,40177,Kazakhstan
KAZKT,KaR-Tel,100,401.0,1.0,YES,YES,0,40101,Kazakhstan
KAZKZ,K'Cell ,HLR BARRING,401.0,2.0,YES,YES,0,40102,Kazakhstan
KENEC,yu,,,,,,,63905,Kenya
KENKC,Airtel,,,,,,,63903,Kenya
KENSA,Safaricom,,,,,,,63902,Kenya
KENTK,Telkom,,,,,,,63907,Kenya
KGZ01,Beeline,,,,,,,43701,Kyrgyzstan
KHMCC,qb,,,,,,,45604,Cambodia
KHMGM,Cellcard,,,,,,,45601,Cambodia
KHMVC,Metfone,,,,,,,45608,Cambodia
KIRKL,Kiribati - ATH,,,,,,,54501,Kiribati
KNACW,FLOW,,,,,,,356110,Saint Kitts and Nevis
KORKF,KT Korea,HLR BARRING,450.0,8.0,YES,YES,0,45008,South Korea
KORLU,LG U+,,,,,,,45006,South Korea
KORSK,SK Korea ,100,450.0,5.0,Arrêté,YES,YES,45005,South Korea
KWTKT,Kuwait Telecom Company ,10,419.0,4.0,YES,YES,YES,41904,Kuwait
KWTMT,Zain Kuwait,90,419.0,2.0,YES,YES,YES,41902,Kuwait
KWTNM,Wataniya Telecom Kuwait,HLR BARRING,419.0,3.0,YES,0,0,41903,Kuwait
LAOAS,Unitel,,,,,,,45703,Laos
LAOET,ETL,,,,,,,45702,Laos
LAOTC,LaoTel,,,,,,,45701,Laos
LAOTL,Beeline,,,,,,,45708,Laos
LBNFL,Alfa MIC1,0,415.0,1.0,YES,YES,YES,41501,Lebanon
LBNLC,MIC 2 Touch Lebanon,100,415.0,3.0,YES,YES,0,41503,Lebanon
LBR07,Orange (Cellcom) Liberia ,90,618.0,7.0,YES,YES,YES,,
LBRLC,Lonestar Communications Corporation,10,618.0,1.0,YES,YES,0,,
LBY01,ELMADAR,0,606.0,1.0,YES,YES,YES,60601,Libya
LBYLM,Libyana,100,606.0,0.0,YES,YES,0,,
LCACW,FLOW,,,,,,,358110,Saint Lucia
LIEMK,Telekom Liechtenstein,100,295.0,5.0,YES,YES,YES,29505,Liechtenstein
LIETG,Alpmobil,,,,,,,29577,Liechtenstein
LIEVE,Salt Liechtenstein,0+,295.0,2.0,YES,YES,0,29502,Liechtenstein
LKA71,Mobitel Sri Lanka,HLR BARRING,413.0,1.0,YES,YES,YES,41301,Sri Lanka
LKACT,Etisalat,,,,,,,41303,Sri Lanka
LKADG,Dialog Axiata Sri Lanka,HLR BARRING,413.0,2.0,YES,YES,YES,41302,Sri Lanka
LKAHT,Hutchison Telecommunications Lanka,100,413.0,8.0,YES,YES,YES,41308,Sri Lanka
LSOET,Econet Telecom,,,,,,,65102,Lesotho
LSOVL,Vodacom,,,,,,,65101,Lesotho
LTU03,UAB tele2,90,246.0,3.0,YES,YES,YES,24603,Lithuania
LTUMT,UAB Bite Lietuva,10,246.0,2.0,YES,YES,YES,24602,Lithuania
LTUOM,Omnitel,0+,246.0,1.0,YES,Arrêté,YES,24601,Lithuania
LUXPT,Post Luxembourg,0+,270.0,1.0,YES,Arrêté,YES,27001,Luxembourg
LUXTG,Tango,10,270.0,77.0,YES,YES,YES,27077,Luxembourg
LUXVM,Orange,90,270.0,99.0,YES,YES,YES,27099,Luxembourg
LVABC,Tele2 Latvia,5,247.0,2.0,YES,YES,YES,24702,Latvia
LVABT,SIA Bite Mobile,90,247.0,5.0,YES,YES,YES,,
LVALM,LMT Latvia,5,247.0,1.0,YES,YES,YES,24701,Latvia
MACCT,CTM,,,,,,,45501,Macau (China)
MACHT,3,,,,,,,45503,Macau (China)
MACSM,SmarTone,,,,,,,45500,Macau (China)
MARM1,Maroc Telecom,15,604.0,1.0,YES,YES,YES,60401,Morocco
MARM3,Wana Coporate,0,604.0,2.0,YES,YES,YES,60402,Morocco
MARMT,MEDI TELECOM  SA,85,604.0,0.0,YES,YES,YES,60400,Morocco
MCOM2,Office des Telephones,,,,,,,21210,Monaco
MDAMC,Moldcell moldavia,HLR BARRING,259.0,2.0,YES,YES,YES,25902,Moldova
MDAUN,Moldetelecom,0,259.0,5.0,YES,YES,YES,,
MDAVX,Orange Moldova,100,259.0,1.0,YES,YES,YES,25901,Moldova
MDGAN,Orange,100,646.0,2.0,YES,YES,YES,,
MDGCO,Airtel,,,,,,,64601,Madagascar
MDGTM,Telma,HLR BARRING,646.0,4.0,YES,YES,YES,64604,Madagascar
MDV01,Dhiraagu,,,,,,,47201,Maldives
MDVWM,Ooredoo,,,,,,,47202,Maldives
MEXAL,Altan Redes,,,,,,,334140,Mexico
MEXIU,AT&T Comunicaciones Digital Mexico,80,334.0,50.0,YES,YES,0,334050,Mexico
MEXMS,Pegaso (Movistar) Mexico,20,334.0,30.0,YES,YES,YES,334030,Mexico
MEXN3,AT&T Comunicaciones Digital Mexico,80,334.0,90.0,0,0,0,334090,Mexico
MEXTL,Telcel,,,,,,,334020,Mexico
MKDMM,Makedonski Telekom (T-Mobile),HLR BARRING,294.0,1.0,YES,YES,0,,
MKDNO,A1 Makedonija DOOEL Skopje ,100,294.0,3.0,YES,YES,YES,29403,North Macedonia
MLI01,MOOV Malitel,10,610.0,1.0,YES,Arrêté,YES,,
MLI02,Orange Mali,90,610.0,2.0,YES,YES,YES,61002,Mali
MLTGO,MobIsle Communications Ltd. (GO Mobile),HLR BARRING,278.0,21.0,YES,YES,0,27821,Malta
MLTMA,Vodafone Malta Maritime,0+,901.0,19.0,YES,YES,YES,90119,Worldwide
MLTMM,Melita Mobile LTD,80,278.0,77.0,YES,YES,YES,,
MLTTL,SALT Group,20,278.0,1.0,YES,YES,YES,27801,Malta
MMROM,Ooredoo Myanmar,HLR BARRING,414.0,5.0,YES,YES,N.A,41405,Myanmar
MMRPT,MPT Myanmar,HLR BARRING,414.0,1.0,YES,YES,0,41401,Myanmar
MMRTN,ATOM Myanmar,100,414.0,6.0,YES,YES,YES,41406,Myanmar
MNEMT,MTEL d.o.o. Podgorica,0+,297.0,3.0,YES,YES,YES,29703,Montenegro
MNEPM,One Crna Gora DOO,HLR BARRING,297.0,1.0,YES,YES,YES,29701,Montenegro
MNETM,Crnogorski Telekom a.d. Podgorica ,100,297.0,2.0,YES,YES,0,,
MNGMC,Mobicom,,,,,,,42899,Mongolia
MNGMN,Unitel,,,,,,,42888,Mongolia
MOZ01,Mcel Mozambique,HLR BARRING,643.0,1.0,YES,YES,0,64301,Mozambique
MOZVC,Vodacom Mozambico,100,643.0,4.0,YES,YES,YES,64304,Mozambique
MOZVG,Movitel SA Mozambico,HLR BARRING,643.0,3.0,YES,YES,YES,64303,Mozambique
MRTMT,Mattel,,,,,,,60901,Mauritania
MSRCW,FLOW,,,,,,,354860,Montserrat (UK)
MUSCP,Cellplus Mobile Communications Ltd.,100,617.0,1.0,YES,YES,YES,61701,Mauritius
MUSEM,Emtel,,,,,,,61710,Mauritius
MUSMT,Mahanagar Telephone (Mauritius) Ltd.,HLR BARRING,617.0,3.0,YES,YES,0,61703,Mauritius
MWICP,TNM,,,,,,,65001,Malawi
MWICT,Airtel,,,,,,,65010,Malawi
MYSBC,Maxis Malaysia,10,502.0,12.0,YES,Arrêté,YES,50212,Malaysia
MYSCC,Celcom,,,,,,,50219,Malaysia
MYSMI,U Mobile Malayzia,HLR BARRING,502.0,18.0,Arrêté,Arrêté,YES,50218,Malaysia
MYSMR,Celcom,,,,,,,50213,Malaysia
MYSMT,Digi Malaysia,90,502.0,16.0,YES,Arrêté,Planned,50216,Malaysia
NAM01,MTC,,,,,,,64901,Namibia
NAM03,TN Mobile,,,,,,,64903,Namibia
NCLPT,Mobilis,,,,,,,54601,New Caledonia (France)
NERCT,Airtel,,,,,,,61402,Niger
NEROR,Zamani (Orange) Niger,100,614.0,4.0,YES,YES,0,61404,Niger
NERTL,Telecel Niger ,HLR BARRING,614.0,3.0,YES,YES,0,,
NGAEM,9mobile,,,,,,,62160,Nigeria
NGAET,Airtel,,,,,,,62120,Nigeria
NGAGM,Glo,,,,,,,62150,Nigeria
NGAMN,MTN,,,,,,,62130,Nigeria
NGANT,Ntel,,,,,,,62140,Nigeria
NICEN,Claro,,,,,,,71021,Nicaragua
NICSC,Claro,,,,,,,71073,Nicaragua
NLDDT,T-Mobile Netherlands,0+,204.0,20.0,N.A,N.A,N.A,20420,Netherlands
NLDLT,Vodafone,10,204.0,4.0,YES,Arrêté,YES,20404,Netherlands
NLDPN,T-Mobile Netherlands,0+,204.0,16.0,YES,N.A,YES,20416,Netherlands
NLDPT,KPN B.V. The Netherlands,90,204.0,8.0,YES,Arrêté,YES,20408,Netherlands
NORAM,AeroMobile,,,,,,,90114,Worldwide
NORMC,Telenor,,,,,,,90112,Worldwide
NORNC,Netcom Norway,10,242.0,2.0,YES,Arrêté,YES,,
NORNN,Telia,,,,,,,24205,Norway
NORTD,Telia,,,,,,,24208,Norway
NORTM,Telenor Norway,90,242.0,1.0,YES,Arrêté,YES,24201,Norway
NPLM2,Ncell,,,,,,,42902,Nepal
NPLNM,Namaste / NT Mobile / Sky Phone,,,,,,,42901,Nepal
NZLBS,Vodafone New Zealand ,100,530.0,1.0,YES,YES,YES,53001,New Zealand
NZLNH,Two Degrees New Zealand,HLR BARRING,530.0,24.0,Arrêté,YES,0,53024,New Zealand
NZLTM,Spark Telecom New Zealand ,HLR BARRING,530.0,5.0,Arrêté,YES,YES,53005,New Zealand
OMNGT,Vodafone Oman (Omantel),100,422.0,2.0,YES,YES,YES,42202,Oman
OMNNT,Nawras Oman,HLR BARRING,422.0,3.0,YES,YES,0,42203,Oman
PAKMK,Pakistan Mobile Communications Limited ,100,410.0,1.0,YES,0,0,41001,Pakistan
PAKPL,CMPak Limited,HLR BARRING,410.0,4.0,YES,YES,YES,,
PAKTP,Telenor,,,,,,,41006,Pakistan
PAKUF,Ufone,,,,,,,41003,Pakistan
PAKWA,Warid (Pakistan Mobile Communications ,100,410.0,7.0,YES,YES,0,41007,Pakistan
PANCL,Claro,,,,,,,71403,Panama
PANCW,Cable & Wireless Panama ,HLR BARRING,714.0,1.0,YES,YES,0,71401,Panama
PANDC,Digicel (Panama) S.A.,HLR BARRING,714.0,4.0,YES,N.A,N.A,71404,Panama
PANMS,Telefonica Moviles Panama ,100,714.0,20.0,YES,0,0,714020,Panama
PERMO,Telefónica del Perú S.A.A.,100,716.0,6.0,YES,YES,0,71606,Peru
PERN3,Entel Perú S.A.,HLR BARRING,716.0,17.0,YES,YES,YES,,
PERTM,Claro,,,,,,,71610,Peru
PERVG,Viettel Peru S.A.C.,HLR BARRING,716.0,15.0,YES,YES,0,71615,Peru
PHLDG,Sun Cellular,,,,,,,51505,Philippines
PHLGT,Globe,,,,,,,51502,Philippines
PHLSR,SMART,,,,,,,51503,Philippines
PNGDP,Digicel,,,,,,,53703,Papua New Guinea
PNGPM,bmobile,,,,,,,53701,Papua New Guinea
POL02,T Mobile Poland (ERA),0+,260.0,2.0,YES,YES,YES,26002,Poland
POL03,PTK Centertel (Orange),85,260.0,3.0,YES,YES,YES,26003,Poland
POLKM,Polkomtel,10,260.0,1.0,YES,YES,YES,26001,Poland
POLP4,P4 Sp. z o.o,5,260.0,6.0,YES,YES,YES,26006,Poland
PRICL,Claro Puerto Rico,,,,,,,330110,Puerto Rico
PRTOP,"Optimus - Comunicações, S.A.",0+,268.0,3.0,YES,YES,YES,26803,Portugal
PRTTL,vodafone Portugal,10,268.0,1.0,YES,YES,YES,26801,Portugal
PRTTM,TMN MEO Portugal,90,268.0,6.0,YES,YES,YES,26806,Portugal
PRYHT,Claro,,,,,,,74402,Paraguay
PRYNP,Personal,,,,,,,74405,Paraguay
PRYTC,Tigo,,,,,,,74404,Paraguay
PRYVX,VOX,,,,,,,74401,Paraguay
PSEJE,Jawwal,,,,,,,42505,Israel
PYFVF,Pacific Mobile Telecom,100,547.0,15.0,YES,YES,YES,,
QATB1,Vodafone Qatar,90,427.0,2.0,YES,YES,YES,42702,Qatar
QATQT,Qatar Telecom (Qtel) Q.S.C / Ooredoo,10,427.0,1.0,YES,YES,YES,42701,Qatar
ROM05,DIGI,0,226.0,5.0,YES,YES,0,,
ROMCS,Cosmote Romanian Mobile Telecommunications S.A.,0+,226.0,3.0,YES,YES,YES,22603,Romania
ROMMF,VF Romanie,10,226.0,1.0,YES,YES,YES,22601,Romania
ROMMR,Orange Romania S.A,90,226.0,10.0,YES,YES,YES,22610,Romania
RUS01,MTS Russia,80,250.0,1.0,YES,YES,YES,25001,Russian Federation
RUS27,Tvoi Mobil'nye Tekhnologii LLC (TMT) Russia,HLR BARRING,250.0,27.0,YES,Arrêté,YES,,
RUSBD,Vimpelcom,0+,250.0,99.0,YES,YES,YES,25099,Russian Federation
RUSEC,MOTIV,,,,,,,25035,Russian Federation
RUSNW,MegaFon,10,250.0,2.0,YES,YES,0,25002,Russian Federation
RUST2,Tele2 Russia,10,250.0,20.0,YES,YES,YES,25020,Russian Federation
RWAAR,Bharti Airtel Rwanda Holdings B.V.,HLR BARRING,635.0,14.0,YES,YES,0,63514,Rwanda
RWAMN,MTN RwandaCell PLC,100,635.0,10.0,YES,YES,0,63510,Rwanda
RWATG,Bharti Airtel Rwanda Holdings B.V.,HLR BARRING,635.0,13.0,YES,YES,0,63513,Rwanda
SAUAJ,STC saudia,10,420.0,1.0,YES,Arrêté,YES,42001,Saudi Arabia
SAUET,MOBILY,0+,420.0,3.0,YES,YES,YES,42003,Saudi Arabia
SAUZN,Zain KSA ,90,420.0,4.0,YES,YES,YES,42004,Saudi Arabia
SDNBT,MTN,,,,,,,63402,Sudan
SENAZ,Orange Senegal,100,608.0,1.0,YES,YES,YES,,
SENEX,Expresso,,,,,,,60803,Senegal
SENSG,Sentel GSM S.A.,0+,608.0,2.0,YES,YES,YES,60802,Senegal
SGPM1,M1,,,,,,,52503,Singapore
SGPML,SingTel-G18,,,,,,,52502,Singapore
SGPSH,StarHub,,,,,,,52505,Singapore
SGPST,SingTel,,,,,,,52501,Singapore
SLEAC,Africell Sierra Leone,0,619.0,5.0,YES,YES,YES,61905,Sierra Leone
SLECT,Airtel Sierra Leone (Orange),100,619.0,1.0,YES,YES,N.A,61901,Sierra Leone
SLVDC,Digicel,,,,,,,70602,El Salvador
SLVTM,Tigo,,,,,,,70603,El Salvador
SLVTP,Claro,,,,,,,70601,El Salvador
SLVTS,movistar,,,,,,,70604,El Salvador
SOM01,Telesom,,,,,,,63701,Somalia
SRBNO,A1 Srbija d.o.o. Beograd ,90,220.0,5.0,YES,YES,YES,22005,Serbia
SSDMN,MTN,,,,,,,65902,South Sudan
SSDZS,Zain,,,,,,,65906,South Sudan
STPST,CSTmovel,,,,,,,62601,Sao Tome and Principe
SUDMO,Zain SD,,,,,,,63401,Sudan
SURDC,Digicel,,,,,,,74603,Suriname
SURTG,Telesur,,,,,,,74602,Suriname
SVKET,T mobile,0+,231.0,2.0,YES,YES,YES,23102,Slovakia
SVKGT,Orange,90,231.0,1.0,YES,YES,YES,23101,Slovakia
SVKO2,Telefonica O2 ,10,231.0,6.0,YES,YES,0,23106,Slovakia
SVNMT,Telekom Slovenije (Mobitel) Slovenia ,40,293.0,41.0,YES,Arrêté,YES,29341,Slovenia
SVNSM,A1 (SiMobil) Slovenia,60,293.0,40.0,YES,Arrêté,YES,29340,Slovenia
SVNVG,Telemach Tusmobil d.o.o.,HLR BARRING,293.0,70.0,YES,YES,YES,,
SWECN,Telenor Sweden,0+,240.0,42.0,N.A,N.A,N.A,,
SWEEP,Telenor Sweden,0+,240.0,8.0,YES,YES,YES,24008,Sweden
SWEHU,Hi3G Sweden,90,240.0,2.0,YES,YES,YES,24002,Sweden
SWEIQ,Tele2 Sweden,10,240.0,7.0,YES,YES,YES,24007,Sweden
SWESM,Tele2 Sweden,10,240.0,10.0,0,0,0,,
SWETG,Telenor Sweden,0+,240.0,6.0,N.A,N.A,N.A,,
SWETR,TeliaSonera Sweden,0,240.0,1.0,YES,YES,YES,24001,Sweden
SWZMN,Swazi MTN,,,,,,,65310,Swaziland
SYCAT,Airtel,,,,,,,63310,Seychelles
SYCCW,Cable & Wireless,,,,,,,63301,Seychelles
SYRSP,MTN,,,,,,,41702,Syria
TCACW,FLOW,,,,,,,376350,Turks and Caicos Islands
TCDCT,Airtel,,,,,,,62201,Chad
TCDML,Tigo,,,,,,,62203,Chad
TGOTC,Togo Cell,,,,,,,61501,Togo
TGOTL,Moov,,,,,,,61503,Togo
THACA,awn,HLR BARRING,520.0,4.0,YES,YES,YES,52004,Thailand
THACO,True Move,HLR BARRING,520.0,99.0,YES,YES,YES,52099,Thailand
THACT,DTAC PLC,HLR BARRING,520.0,0.0,YES,YES,YES,52000,Thailand
THADT,Telenor,100,520.0,5.0,YES,YES,YES,52005,Thailand
THAWN,True Move,HLR BARRING,520.0,3.0,YES,YES,YES,52003,Thailand
THAWP,dtac,,,,,,,52018,Thailand
TJK91,ZET-Mobile,,,,,,,43605,Tajikistan
TLSVG,Telemor,,,,,,,51403,East Timor
TONDP,Digicel,,,,,,,53988,Tonga
TTODL,Digicel,,,,,,,374130,Trinidad and Tobago
TUNOR,Orange,,,,,,,60501,Tunisia
TUNTA,OOREDOO TN,,,,,,,60503,Tunisia
TUNTT,Tunicell,,,,,,,60502,Tunisia
TURAC,Aycell,,,,,,,28604,Turkey
TURIS,AVEA,10,286.0,3.0,YES,YES,YES,28603,Turkey
TURTC,TURKCELL lletisim Hizmetleri A.S.,50,286.0,1.0,YES,YES,YES,28601,Turkey
TURTS,VODAFONE TELEKOMUNIKASYON A.S.,40,286.0,2.0,YES,YES,YES,28602,Turkey
TWNFE,FarEasTone,,,,,,,46601,Taiwan
TWNLD,Chunghwa,,,,,,,46692,Taiwan
TWNPC,Taiwan Mobile,,,,,,,46697,Taiwan
TWNTG,T Star,,,,,,,46689,Taiwan
TZACT,Airtel,,,,,,,64005,Tanzania
TZAMB,MIC (Mobitel) Tanzania ,0+,640.0,2.0,YES,YES,0,64002,Tanzania
TZAVC,Vodacom Tanzania,100,640.0,4.0,YES,YES,YES,64004,Tanzania
TZAVG,Viettel Tanzania Limited,HLR BARRING,640.0,9.0,YES,YES,0,64009,Tanzania
TZAYA,Smart,,,,,,,64008,Tanzania
TZAZN,Zanzibar Telecom (ZantTel),0+,640.0,3.0,YES,YES,0,64003,Tanzania
UGACE,Airtel,,,,,,,64101,Uganda
UGAMN,MTN,,,,,,,64110,Uganda
UGAOR,Africell,,,,,,,64114,Uganda
UGASU,Smart,,,,,,,64118,Uganda
UGATL,Uganda Telecom,,,,,,,64111,Uganda
UGAWT,Airtel,,,,,,,64122,Uganda
UKRAS,lifecell,,,,,,,25506,Ukraine
UKRKS,Kyivstar,,,,,,,25503,Ukraine
UKRRS,Kyivstar,,,,,,,25502,Ukraine
UKRUM,Vodafone,,,,,,,25501,Ukraine
UKRUT,3Mob; Lycamobile,,,,,,,25507,Ukraine
URYAM,Claro,,,,,,,74810,Uruguay
URYTM,Movistar,,,,,,,74807,Uruguay
USACB,Cincinnati Bell,,,,,,,310420,United States of America
USACD,"Commnet Wireless, LLC",HLR BARRING,311.0,320.0,YES,YES,YES,311320,United States of America
USACG,AT&T Mobility USA,0+,310.0,410.0,Arrêté,Arrêté,0,310410,United States of America
USACI,Viaero,,,,,,,310450,United States of America
USACO,Choice Wireless,,,,,,,311040,United States of America
USACW,Limitless Mobile,,,,,,,310690,United States of America
USAGC,GCI Wireless,,,,,,,311370,United States of America
USAGU,IT&E Wireless,,,,,,,310110,Northern Mariana Islands (USA)
USAIN,Indigo Wireless,,,,,,,311030,United States of America
USANW,NewCore Wireless ,HLR BARRING,311.0,530.0,YES,YES,0,,
USAPE,Tampnet,,,,,,,311170,United States of America
USASC,T-Mobile USA,100,310.0,490.0,YES,Arrêté,YES,,
USASP,Sprint,,,,,,,310120,United States of America
USAUD,U.S. Cellular,,,,,,,311580,United States of America
USAUN,Union Telephone Company USA,HLR BARRING,310.0,20.0,YES,YES,YES,310020,United States of America
USAVZ,Verizon,,,,,,,311480,United States of America
USAW6,T-Mobile,,,,,,,310260,United States of America
UZB05,Ucell,,,,,,,43405,Uzbekistan
UZBDU,Beeline,,,,,,,43404,Uzbekistan
VCTCW,FLOW,,,,,,,360110,Saint Vincent and the Grenadines
VENMS,movistar,,,,,,,73404,Venezuela
VGBCC,CCT Boatphone,,,,,,,348570,British Virgin Islands (UK)
VGBCW,FLOW,,,,,,,348170,British Virgin Islands (UK)
VGBDC,Digicel,,,,,,,348770,British Virgin Islands (UK)
VNMBL,GTEL Mobile Joint Stock Company (GTEL Mobile),HLR BARRING,452.0,7.0,YES,Arrêté,0,,
VNMMO,VMS Mobifone,100,452.0,1.0,YES,YES,0,45201,Vietnam
VNMVI,Vinaphone (Vietnam Posts and Telecommunications Group,HLR BARRING,452.0,2.0,YES,YES,0,45202,Vietnam
VNMVM,Vietnamobile Telecommunications Joint Stock Company,HLR BARRING,452.0,5.0,YES,YES,0,45205,Vietnam
VNMVT,Viettel Group,HLR BARRING,452.0,4.0,YES,Arrêté,YES,45204,Vietnam
VUTDP,Digicel,,,,,,,54105,Vanuatu
YEMSA,SabaFon,,,,,,,42101,Yemen
YUGMT,Yettel d.o.o. Belgrade,10,220.0,1.0,YES,YES,YES,22001,Serbia
YUGTS,Telekom Srbija a.d.,HLR BARRING,220.0,3.0,YES,YES,YES,,
ZAFCC,Cell C South Africa,HLR BARRING,655.0,7.0,YES,YES,0,65507,South Africa
ZAFJT,Telkom,,,,,,,65502,South Africa
ZAFMN,MTN,10,655.0,10.0,YES,YES,N.A,65510,South Africa
ZAFTM,Telkom South Africa ,0+,655.0,2.0,YES,YES,YES,,
ZAFVC,Vodacom South Africa,90,655.0,1.0,YES,YES,YES,65501,South Africa
ZMB02,MTN (Zambia) Ltd,100,645.0,2.0,YES,YES,0,,
ZMBCE,Airtel,,,,,,,64501,Zambia
ZMBCZ,Zamtel Zambia,HLR BARRING,645.0,3.0,YES,Planned,Planned,64503,Zambia
ZWEET,Econet,,,,,,,64804,Zimbabwe
ZWEN3,Telecel,,,,,,,64803,Zimbabwe
