Country,Operator,Brand,PLMN,tech_2g,tech_3g,tech_lte
Afghanistan,MTN,,,X,X,
Afghanistan,Roshan,,,X,X,
Afghanistan,Etisalat Afghanistan,,,X,X,X
Afghanistan,Afghan Wireless,,,X,X,X
Afghanistan,Salaam,,,X,X,
American Samoa,Blue Sky Communications,,,X,X,X
American Samoa,American Samoa Telecommunications Authority,,,,,X
Australia,Telstra,,,,,X
Australia,Optus,,,,,X
Australia,Vodafone AU,,,,,X
Bangladesh,Grameenphone,,,X,,X
Bangladesh,Robi,,,X,,X
Bangladesh,Banglalink,,,X,,X
Bangladesh,Teletalk,,,X,X,X
Bangladesh,Citycell,,,,,
Bhutan,B-Mobile,,,X,X,X
Bhutan,TashiCell,,,X,X,X
Bougainville,PNG dataco,,,X,X,X
Brunei,Datastream Technology Sdn Bhd,,,X,X,X
Brunei,Progresif Cellular Sdn Bhd,,,,X,
Cambodia,Metfone,,,X,X,X
Cambodia,Smart,,,X,X,X
Cambodia,Cellcard,,,X,X,X
China (mainland),China Mobile,,,X,,X
China (mainland),China Telecom,,,,,X
China (mainland),China Unicom,,,,X,X
China (mainland),China Broadnet,,,,,X
Cook Islands,Vodafone,,,X,X,X
Fiji,Vodafone,,,X,X,X
Fiji,Digicel,,,X,X,X
French Polynesia,VINI,,,,X,X
French Polynesia,Vodafone,,,,,X
French Polynesia,VITI,,,,,X
Guam,IT&E and Iconnect,,,,X,X
Guam,Docomo Pacific,,,X,X,X
Guam,GTA,,,X,X,X
Hong Kong,CMHK,,,X,X,X
Hong Kong,csl,,,X,X,X
Hong Kong,3,,,,X,X
Hong Kong,SmarTone,,,,X,X
India,Jio,,,,,X
India,Airtel,,,X,,X
India,Vi,,,X,,X
India,BSNL,,,X,,X
India,MTNL,,,X,X,
Indonesia,Telkomsel,,51010,X,,X
Indonesia,Indosat Ooredoo Hutchison,,"51001, 51021 and 51089",X,,X
Indonesia,XLSmart,,"51009, 51011 and 51028",X,,X
Japan,NTT Docomo,,,,,X
Japan,au,,,,,X
Japan,SoftBank Corp. & Ymobile,,,,,X
Japan,Rakuten Mobile,,,,,X
Japan,Disney Mobile,,,,X,X
Japan,b-mobile,,,,X,X
Japan,IIJmio,,,,,
Kazakhstan,Beeline,,40101,X,X,X
Kazakhstan,Kcell,,40102,X,X,X
Kazakhstan,Tele2 Kazakhstan,,40177,X,X,X
Kazakhstan,Forte Mobile,,,X,X,X
Kyrgyzstan,MegaCom,,43705,X,X,X
Kyrgyzstan,Beeline,,43701,X,X,
Kyrgyzstan,Fonex,,43703,,,
Kyrgyzstan,O!,,43709,X,X,X
Kyrgyzstan,Katel,,,,,
Kyrgyzstan,Nexi,,,,,
Kyrgyzstan,Sapat Mobile,,,,,
Kyrgyzstan,iTel,,43711,,,
Kyrgyzstan,Saima Telecom,,43710,,,
Laos,Unitel,,,X,X,X
Laos,Lao Telecom,,,X,X,X
Laos,TPLUS,,,X,X,
Laos,ETL,,,X,X,
Macau,CTM,,,,X,X
Macau,China Telecom,,,,,X
Macau,3 Macau,,,,X,X
,CelcomDigi,,,,,X
,Maxis,,,,,X
,U Mobile,,,,,X
,Yes,,,,,X
,Unifi Mobile,,,,,X
,Digital Nasional Berhad,,,,,X
,Redtone,,,,,
,ALTEL,,,,,X
,XOX,,,,,
,redONE,,,,,
,Tune Talk,,,,,
,HelloSIM,,,,,
,Pavo Communications,,,,,
,MY Evolution,,,,,
,Telin Malaysia,,,,,
Maldives,Dhiraagu,,,X,X,X
Maldives,Ooredoo Maldives,,,X,X,X
Marshall Islands,NTA,,,X,X,X
"Micronesia, Federated States of",FSM Telecom,,,X,X,
Mongolia,Mobicom,,,X,X,X
Mongolia,Unitel,,,X,X,X
Mongolia,Skytel,,,,X,
Mongolia,G-Mobile,,,,X,
Myanmar,MPT,,,X,X,X
Myanmar,ATOM,,,X,X,X
Myanmar,Ooredoo,,,X,X,X
Myanmar,Mytel,,,X,,X
Nauru,Digicel,,,X,X,X
Nepal,Nepal Telecom,,,X,X,X
Nepal,Ncell,,,X,X,X
Nepal,SmartCell,,,X,,X
New Caledonia,Mobilis,,,X,X,X
New Zealand,One NZ,,,X,X,X
New Zealand,Spark,,,,X,X
New Zealand,2degrees,,,,X,X
New Zealand,Compass Mobile,,,,X,X
New Zealand,Kogan Mobile,,,X,X,X
New Zealand,Slingshot Mobile,,,,X,X
New Zealand,Skinny,,,,X,X
New Zealand,Warehouse Mobile,,,,X,X
New Zealand,Rocket Mobile,,,X,X,X
New Zealand,Kiwi Mobile,,,,X,X
New Zealand,Contact Mobile,,,X,X,X
New Zealand,Mighty Mobile,,,X,X,X
Niue,Telecom Niue,,,X,,X
Norfolk Island,Norfolk Telecom,,,,X,X
North Korea,Koryolink,,,,X,
North Korea,Kangsong NET,,,,X,X
Northern Mariana Islands,Docomo Pacific,,,X,X,X
Northern Mariana Islands,IT&E,,,X,X,X
Palau,PalauCel,,552-01,,X,X
Papua New Guinea,Digicel,,,X,X,X
Papua New Guinea,BMobile,,,X,X,
Papua New Guinea,Telikom PNG,,,X,,X
,Smart Communications,,,X,X,X
,Globe Telecom,,,X,X,X
,Dito Telecommunity,,,,,X
,Now Telecom,,,,,
,TNT,,,,,X
,TM,,,,,X
,GOMO,,,,,
Samoa,Vodafone Samoa,,,X,,X
Samoa,Digicel,,,X,X,X
Singapore,Singtel Mobile with digital sub-brands GOMO and heya,,,,,X
Singapore,StarHub with digital sub-brands giga! and eight telecom,,,,,X
Singapore,M1 with a digital sub-brand Maxx,,,,,X
Singapore,SIMBA,,,,,X
Singapore,GRID Communications,,,,,
Singapore,Circles.Life,,,,,X
Singapore,Zero1,,,,,X
Singapore,MyRepublic,,,,,X
Singapore,redONE,,,,,X
Singapore,VIVIFI,,,,,X
Singapore,Geenet Mobile,,,,,X
Singapore,China Mobile CMLink SG,,,,,X
Singapore,Changi Mobile,,,,,X
Singapore,ZYM Mobile,,,,,X
Singapore,China Unicom CUniq SG,,,,,X
Solomon Islands,Our Telekom,,,X,X,X
South Korea,SK Telecom,,,,X,X
South Korea,LG U +,,,,,X
South Korea,KT,,,,X,X
Sri Lanka,Dialog,,413-02,X,,X
Sri Lanka,SLTMobitel,,413-01,X,X,X
Sri Lanka,Hutch,,413-08,X,X,X
Taiwan,Chunghwa Telecom 中華電信,,,,,X
Taiwan,Taiwan Mobile 台灣大哥大,,,,,X
Taiwan,Far EasTone 遠傳電信,,,,,X
Taiwan,Line Mobile,,,,,X
Taiwan,Ibon Mobile,,,,,X
Tajikistan,Tcell,,,X,X,X
Tajikistan,Babilon-Mobile,,,X,X,X
Tajikistan,ZET Mobile,,,X,X,
Tajikistan,MegaFon,,,X,X,
Thailand,AIS or Advanced Info Service,,,X,X,X
Thailand,my by NT,,,,X,X
Thailand,NT Mobile,,,,X,X
Thailand,IEC3G Buzzme,,,,X,
Thailand,i-Kool 3G,,,,X,
Thailand,MyWorld 3G,,,,X,
Thailand,Penguin,,,,X,
Thailand,OPEN SIM i-mobile,,,,X,
Thailand,imobile-3GX,,,,X,
Thailand,168,,,,X,
Thailand,Mojo 3G,,,,X,
Thailand,Tune Talk,,,,X,
Thailand,Feels,,,,X,X
Thailand,AJ SIM,,,,X,X
Thailand,Redone  ),,,,X,X
Timor-Leste,Telemor,,,X,X,X
Timor-Leste,Timor Telecom,,,X,X,X
Timor-Leste,Telkomcel,,,X,X,X
Tonga,Digicel,,,X,,X
Tonga,TCC,,,X,X,
Tonga,Wantok,,,X,X,
Turkmenistan,TM CELL,,,X,X,X
Turkmenistan,AȘTU,,,,,
Tuvalu,TTC,,,X,,X
Uzbekistan,UCell,,,X,X,X
Uzbekistan,Beeline,,,X,X,X
Uzbekistan,Mobi.UZ,,,X,X,X
Uzbekistan,Uzmobile,,,,,
Uzbekistan,Perfectum,,,,,
Vanuatu,Vodafone Vanuatu,,,X,,
Vanuatu,Digicel,,,X,X,X
Vanuatu,AIL,,,X,,
Vanuatu,WanTok,,,,,X
Vietnam,Viettel,,,,X,X
Vietnam,Vinaphone,,,,X,X
Vietnam,MobiFone,,,,X,X
Vietnam,Vietnamobile,,,,X,
