,Country,Operator,Ownership,MCCMNC,Technology,Notes,Includes
0,Albania,One Albania,4iG[4][5],27601 27603,"GSM-900/1800 MHz (GPRS, EDGE) 2100 MHz UMTS, HSDPA, HSUPA, HSPA, HSPA+, DC-HSPA+ 800/1800/2600 MHz LTE, LTE-A VoLTE 3400/3500 MHz 5G NR (in development)",,
1,Albania,Vodafone Albania,Vodafone Group plc (99.9%),27602,"GSM-900/1800 MHz (GPRS, EDGE) 2100 MHz UMTS, HSDPA, HSUPA, HSPA, HSPA+, DC-HSPA+ 800/1800/2100/2600 MHz LTE, LTE-A, LTE-A Pro VoLTE 3700 MHz/3800 MHz 5G NR",,
2,Andorra,Andorra Telecom,Government of Andorra[8],21303,"900/1800 MHz GPRS 900/2100 MHz UMTS, HSDPA 800/1800/2100 MHz LTE-LTE-A VoLTE 3500 MHz - 5G NR",,
3,Armenia,Viva Armenia,Viva Armenia Fedilco Group Limited (Zhe Zhang (75%) and Konstantin Sokolov (25%)) (80%) and Government of Armenia (20%),28305,"GSM-900/1800 MHz (GPRS, EDGE) UMTS-900/2100 MHz (Band: B1/B8) (UMTS, HSDPA) LTE, LTE-A, 5G, VoLTE, VoWiFi LTE-1800/2600 MHz (Band: B3/B7) (LTE)",,
4,Armenia,Team,Telecom Armenia CJSC,28301,"GSM-900/1800 MHz (GPRS, EDGE) UMTS-900/2100 MHz (Band: B1/B8) (UMTS, HSDPA) LTE-LTE-A (900 MHz, 1800 MHz)",,
5,Armenia,Ucom,Ucom,28310,"GSM-900/1800 MHz (GPRS, EDGE) UMTS-900/2100 MHz (Band: B1/B8) UMTS, HSDPA LTE-LTE-A -1800/2600 MHz (Band: B3/B7) (LTE)",,
6,Austria,A1,"A1 Group (América Móvil (60.6%), ÖBAG (28.4%), institutional and others (7.6%), retail (3.4%)).",23201,"GSM-900/1800 (GPRS, EDGE)  2100 MHz UMTS, HSDPA, HSUPA, HSPA+, DC-HSPA+  800/1800/2600 MHz LTE, LTE-A VoLTE, VoWiFi  3500 MHz 5G NR",,
7,Austria,Magenta Telekom,Deutsche Telekom AG,23203,"GSM-900/1800 (GPRS, EDGE)  900/2100 MHz UMTS, HSDPA, HSUPA, HSPA+, DC-HSPA+ (roams on 3's UMTS network where no UMTS)  800/900/1800/2100/2600 MHz LTE, LTE-A VoLTE, VoWiFi  700/3500 MHz 5G NR",,
8,Austria,Drei,CK Hutchison Holdings,23205,"GSM-900/1800 (GPRS, EDGE)  (roams on Magenta Telekom's GSM network when needed)  2100 MHz UMTS, HSDPA, HSUPA, HSPA+, DC-HSPA+  900/1800/2100/2600 MHz LTE, LTE-A VoLTE, VoWiFi  3500 MHz 5G NR",,
9,Azerbaijan,Azercell,AzInTelecom (state-owned company),40001,"GSM 900 MHz (GPRS, EDGE)  2100 MHz UMTS, HSDPA, HSUPA, HSPA, HSPA+, DC-HSPA+ 1800 MHz LTE",,
10,Azerbaijan,Bakcell,Neqsol Holding,40002,"GSM 900 MHz (GPRS, EDGE) 2100 MHz UMTS, HSDPA, HSUPA, HSPA, HSPA+, DC-HSPA+ 1800 MHz LTE[16]",,
11,Azerbaijan,Nar,Azerfon LLC,40004,"GSM 1800 MHz (GPRS, EDGE) 2100 MHz UMTS, HSDPA, HSUPA, HSPA, HSPA+, DC-HSPA+ 1800 MHz LTE",,
12,Azerbaijan,Nakhtel,Nakhtel LLC,40006,"GSM 900 MHz (GPRS, EDGE) 2100 MHz UMTS, HSDPA, HSUPA, HSPA, HSPA+, DC-HSPA+ 1800 MHz LTE CDMA 800",,
13,Belarus,MTS,Beltelecom (51%)  MTS (49%),25702,"GSM-900/1800 (GPRS, EDGE) 900/2100 MHz UMTS, HSDPA, HSUPA, HSPA+ 800/1800/2600 MHz LTE, LTE-A VoLTE",,
14,Belarus,A1,A1 Group,25701,"GSM-900/1800 (GPRS, EDGE) 900/2100 MHz UMTS, HSDPA, HSUPA, DC-HSPA+ 800/1800/2600 MHz LTE, LTE-A VoLTE, VoWiFi",,
15,Belarus,Life,Turkcell,25704,"GSM-900/1800 (GPRS, EDGE) 2100 MHz UMTS, HSDPA, HSUPA, HSPA+ 800/1800/2600 MHz LTE, LTE-A",,
16,Belgium,Proximus,"Proximus Group N.V./S.A.(Government of Belgium 53.3%, NJJ 6.61%[21])",20601,"900/1800 GSM (EDGE) 900/2100 MHz UMTS, DC-HSPA+ 800/1800/2600 MHz LTE, LTE-A VoLTE  2100/3500 MHz 5G NR",,
17,Belgium,Orange,"Orange S.A. (76.97%), others (23.03%)",20610,"900/1800 GSM (EDGE) 900/2100 MHz UMTS, DC-HSPA+ 800/1800/2600 MHz LTE, LTE-A VoLTE, VoWiFi",,
18,Belgium,Base/Telenet,Telenet Group N.V./S.A. (Liberty Global 100%),20620,"900/1800 GSM (EDGE) 900/2100 MHz UMTS, DC-HSPA+ 800/1800/2600 MHz LTE, LTE-A VoLTE, VoWiFi",,
19,Belgium,DIGI,"51% CityMesh, (subsidiary of Cegeka Groep N.V.)  49% Digi Communications N.V.",20612,Roaming on Proximus LTE/LTE-A Network 700/900/1800/2100/2600/3600 MHz 5G NR[24] VoLTE,,
20,Bosnia and Herzegovina,BH Mobile,"Federation of Bosnia and Herzegovina (90%), free float (10%)",21890,"GSM-900 (GPRS, EDGE) 2100 MHz UMTS, HSPA, HSPA+ 1800 MHz LTE VoLTE, ViLTE, eSIM (postpaid only) 5G NR (in development)",,
21,Bosnia and Herzegovina,m:tel,Telekom Srbija,21805,"GSM-900/1800 (GPRS, EDGE), 900/2100 MHz UMTS, HSPA 800/1800 MHz LTE, LTE-A, LTE-A Pro VoLTE, ViLTE, eSIM (postpaid only)",,
22,Bosnia and Herzegovina,HT ERONET,"Federation of Bosnia and Herzegovina (50.10%), Hrvatski Telekom (39.10%), Hrvatska pošta (5.23%), free float (5.27%)",21803,"GSM-900/1800 (GPRS, EDGE), 900/2100 MHz UMTS, HSPA+, HSDPA, HSUPA, DC-HSPA+ 800/1800 MHz LTE, LTE-A, LTE-A Pro VoLTE, ViLTE, eSIM 5G NR (in development)",,
23,Bosnia and Herzegovina,haloo,"Federation of Bosnia and Herzegovina (50.10%), Hrvatski Telekom (39.10%, Hrvatska pošta (5.23%), free float (5.27%)",21803,"GSM-900/1800 (GPRS, EDGE), 900/2100 MHz UMTS, HSPA+, HSDPA, HSUPA, DC-HSPA+ 800/1800 MHz LTE, LTE-A, LTE-A Pro VoLTE, ViLTE, eSIM",,
24,Bulgaria,A1,A1 Group,28401,"GSM-900 (GPRS, EDGE) 900 MHz UMTS, HSDPA, HSPA+ 800/900/1800/2100/2600 MHz LTE, LTE-A VoLTE, VoWiFi, eSIM 700/3600 MHz 5G NR",,
25,Bulgaria,Vivacom,United Group,28403,"GSM-900 (GPRS, EDGE) 900 MHz UMTS, HSDPA, HSPA+ 700/800/900/1800/2100/2600 MHz LTE, LTE-A VoLTE, VoWiFi, eSIM 1800/3600 MHz 5G NR",,
26,Bulgaria,Yettel,e& PPF Telecom Group,28405,"GSM-900 (GPRS, EDGE) 900 MHz UMTS, HSDPA, HSUPA, HSPA+ 800/900/1800/2100/2600 MHz LTE, LTE-A VoLTE, ViLTE, eSIM 700/2600/3600 MHz 5G NR",,
27,Croatia,Hrvatski Telekom,Deutsche Telekom AG (51.7%),21901,"GSM-900 MHz (GPRS, EDGE)  3G shutdown: end of 2024  LTE, LTE-A, LTE-A Pro, VoLTE, VoWiFi, eSIM (postpaid only) 2100/3500 MHz - 5G NR",,
28,Croatia,A1,A1 Group,21910,"GSM-900 MHz (GPRS, EDGE) 900 MHz UMTS, HSDPA, HSPA+ 700/800/1800/2100/2600 MHz LTE, LTE-A, LTE-A Pro, VoLTE (postpaid only), eSIM (postpaid only) 700/3600 MHz - 5G NR",,
29,Croatia,Telemach,United Group,21902,"GSM-900/1800 MHz (GPRS, EDGE) 900/2100 MHz UMTS, HSPA 700/1800/2100/2600 MHz LTE, LTE-A 700/3400-3800 MHz - 5G NR eSIM (postpaid only)",,
30,Cyprus,Cytamobile-Vodafone,Cyta (Government of Cyprus 100%),28001,"900/1800 MHz GSM (GPRS, EDGE) 900/2100 MHz UMTS, HSPA+ 800/1800/2100/2600 MHz LTE, LTE-A VoLTE, VoWiFi, eSIM 700/3500 MHz 5G NR[33]",,
31,Cyprus,Epic,Monaco Telecom SAM,28010,"900/1800 MHz GSM (GPRS, EDGE) 900/2100 MHz UMTS, HSPA+ 800/1800/2100/2600 MHz LTE, LTE-A VoLTE, eSIM 700/3500 MHz 5G NR",,
32,Cyprus,PrimeTel,PrimeTel PLC (Signal Capital Partners 100%),28020,"900/2100 MHz UMTS, HSPA+ 900/1800 MHz LTE, LTE-A VoLTE, VoWiFi, eSIM (RAN sharing with Epic & roaming on Epic or Cyta when needed)",,
33,Cyprus,Cablenet,Cablenet Communications Systems PLC (GO Malta 63.4%),28022,"800/2600 MHz LTE, LTE-A eSIM (RAN sharing & roaming with Cyta when needed)",,
34,Cyprus,Kuzey Kıbrıs Turkcell,Turkcell A.Ş.,28601,"900 MHz GSM (GPRS, EDGE) 900/2100 MHz UMTS, HSDPA, HSUPA, HSPA, HSPA+, DC-HSPA+  800/1800/2100/2600 MHz LTE, LTE+  VoLTE, VoWiFi, eSIM  5G (testing) [36]",,
35,Cyprus,Telsim Vodafone,Vodafone Turkey A.Ş.,28602,"900 MHz GSM (GPRS, EDGE) 2100 MHz UMTS, HSDPA, HSUPA, HSPA, HSPA+, DC-HSPA+  800/1800/2100/2600 MHz LTE, LTE+  VoLTE, VoWiFi, eSIM  5G (testing) [38]",,
36,Czech Republic,T-Mobile,Deutsche Telekom AG,23001,"GSM-900/1800 MHz (GPRS, EDGE)  700/800/1800/2100/2600 MHz LTE, LTE-A VoLTE, ViLTE, VoWiFi 700/1800/2100/3500 MHz 5G NR",,
37,Czech Republic,O2,PPF N.V.,23002,"GSM-900/1800 MHz (GPRS, EDGE) 700/800/900/1800/2100/2600 MHz LTE, LTE-A VoLTE, VoWiFi 700/1800/2100 (Prague Metro only) /3500 MHz 5G NR",,
38,Czech Republic,Vodafone,Vodafone Group plc,23003,"GSM-900/1800 MHz (GPRS, EDGE) 800/900/1800/2100/2600 MHz LTE, LTE-A VoLTE, ViLTE, VoWiFi 700/1800/2100/3500 MHz 5G NR",,
39,Denmark,TDC,"Macquarie Group and Danish pension funds (PFA, PKA, ATP)",23801,"GSM-900/1800 (GPRS, EDGE) 900/2100 MHz UMTS, HSDPA, HSPA+ 800/2600 MHz[46] LTE VoLTE 3500 MHz - 5G NR",,
40,Denmark,Telenor,Telenor,23802,"900/1800 GSM (GPRS, EDGE) 900/2100 MHz UMTS, HSDPA, HSPA+ 800/900/1800/2100 MHz LTE VoLTE (shares network with Telia) 3500 MHz - 5G NR",,
41,Denmark,3,"CK Hutchison Holdings (60%), Investor AB (40%)",23806,"900/2100 MHz UMTS, HSDPA, HSPA+ 1800/2100/2600 MHz LTE 3500 MHz - 5G NR VoLTE, VoWiFi  (Roams on TDC's GSM / UMTS / LTE network where 3 does not reach)",,
42,Denmark,Telia,Norlys[50],23820,"900/1800 GSM (GPRS, EDGE) 900/1800/2100/2600 MHz LTE VoLTE (shares network with Telenor)",,
43,Estonia,Telia,Telia Company,24801,"GSM-900/1800 (EDGE) 800/1800/2100/2600 MHz LTE VoLTE 700/3500 MHz - 5G NR 3G (UMTS, HSPA) has been shut down in 2023",,
44,Estonia,Elisa,Elisa,24802,GSM-900/1800 (EDGE) 800/1800/2100/2600 MHz LTE VoLTE 700/3500 MHz - 5G NR,,
45,Estonia,Tele2,Tele2,24803,"GSM-900/1800 (EDGE) 900/2100 MHz UMTS, HSPA 800/1800/2100 MHz LTE 700/3500 MHz - 5G NR",,
46,Faroe Islands,Føroya Tele,Government of Faroe Islands,28801,GSM-900 900/2100 MHz UMTS 1800 MHz LTE,,
47,Faroe Islands,Nema,Nema,28802,GSM-900 2100 MHz UMTS 1800 MHz LTE,,
48,Faroe Islands,Tosa,Tosa,28803,GSM-900 2100 MHz UMTS 1800 MHz LTE,,
49,Finland,Elisa,Elisa,24405 24406 24421,"GSM-900/1800 MHz (EDGE) 900/2100 MHz UMTS, HSPA 800/1800/2600 MHz LTE, LTE-A VoLTE 3500 MHz - 5G NR",,
50,Finland,DNA,Telenor,24403 24404 24412 24413 24436 (SYV[2]),"GSM-900/1800 MHz (EDGE) 900/2100 MHz UMTS, HSPA 700/800/1800/2100/2600 MHz LTE, LTE-A VoLTE, VoWiFi 3500 MHz - 5G NR",,
51,Finland,Telia,Telia Company,24420 24436 (SYV[3]) 24491,"GSM-900/1800 MHz (EDGE) 900/2100 MHz UMTS, HSPA 800/1800/2600 MHz LTE, LTE-A VoLTE 3500 MHz - 5G NR",,
52,Finland,Ålcom,"Mariehamns Telefon, Ålands Telefonandelslag",24414,"GSM-900 MHz (EDGE) 900/2100 MHz UMTS, HSPA 800/1800/2600 MHz LTE, LTE-A",,
53,France,Orange,Orange S.A.,20801,"900/1800 MHz GSM (GPRS, EDGE)  900/2100 MHz UMTS, HSPA, HSPA+, DC-HSPA+ 700/800/1800/2100/2600 MHz LTE, LTE-A 2100/3500 MHz 5G NR VoLTE, VoWiFi",,
54,France,SFR,"Altice (80.4%), free float (19.6%)[59]",20810,"900/1800 MHz GSM (GPRS, EDGE)  900/2100 MHz UMTS, HSPA, HSPA+, DC-HSPA+ 700/800/1800/2100/2600 MHz LTE, LTE-A 2100/3500 MHz 5G NR VoLTE, VoWiFi",,
55,France,Bouygues Telecom,Bouygues Group (90.53%),20820,"900 MHz GSM (GPRS, EDGE)  900/2100 MHz UMTS, HSPA, HSPA+ 700/800/1800/2100/2600 MHz LTE, LTE-A 2100/3500 MHz 5G NR VoLTE, VoWiFi",,
56,France,Free Mobile,Iliad S.A.,20815,"900 MHz GSM (GPRS, EDGE) 900/2100 MHz UMTS, HSPA, HSPA+ (Roaming on Orange 2G/3G when needed, limited to 384 kbit/s download, 384 kbit/s upload) 700/1800/2100/2600 MHz LTE, LTE-A 700/3500 MHz 5G NR VoLTE, VoWiFi",,
57,Georgia,Magticom,International Tellcell LLC,28202,"GSM-900/1800 MHz (GPRS, EDGE) 2100 MHz UMTS, HSDPA, HSUPA, HSPA, HSPA+, DC-HSPA+ 800/1800/2100 MHz LTE, LTE Advanced, VoLTE 5G is on FDD 700 MHz (N28) with a bandwidth of 20 MHz (2x10MHz), FDD 2600 MHz (N7) with a bandwidth of 60 MHz (2x30MHz) and TDD 3500 MHz (N78) with a bandwidth of 100 MHz. Magticom currently has the biggest 5G coverage in the country.[64]",,
58,Georgia,Silknet,Silk Road Group,28201,"GSM-900/1800 MHz (GPRS, EDGE) 2100 MHz UMTS, HSDPA, HSUPA, HSPA, HSPA+, DC-HSPA+, CDMA2000, EVDO Rev. A 2300 MHz TD-LTE, LTE Advanced, LTE Advanced Pro 800/900/1800 MHz LTE 5G–2100 MHz (Only in central Tbilisi from Freedom Square to Bagebi). Silknet has not participated in any of the 5G license auctions announced by the GNCC and has chosen to instead use its existing neutral license for 2100 MHz. Silknet currently remains the only MNO in Georgia without 5G-specific licenses and has the smallest 5G coverage.",,
59,Georgia,Cellfie,CBS Group,28204,"GSM-900/1800 MHz (GPRS, EDGE) 2100 MHz UMTS, HSDPA, HSUPA, HSPA, HSPA+, DC-HSPA+ 800/1800 MHz LTE, LTE Advanced, VoLTE, VoWifi coming soon 5G – Currently in skiing resorts Bakuriani and Gudauri, seaside resorts Batumi, Gonio, Kvariati, Shekvetili, Kobuleti, as well as some of Tbilisi's neighbourhoods, such as Didube and Didi Dighomi. There is also coverage in Zugdidi. 5G is on 10 MHz (2X5 MHz) frequency resource, within the Uplink 703 - 708 MHz and Downlink 758 - 763 MHz resources; 50 MHz frequency resource within the 3550-3600 MHz resource. Cellfie also owns licenses for 2100 MHz and 2600 MHz.",,
60,Georgia,Aquafon,Aquafon JSC,28967 (MCC is not listed by ITU),GSM-900/1800 MHz 2100 MHz UMTS  800 MHz LTE,,
61,Georgia,A-Mobile,A-Mobile LLSC,28988 (MCC is not listed by ITU),GSM-900/1800 MHz 2100 MHz UMTS  800/1800 MHz LTE,,
62,Georgia,MegaFon,CJSC Ostelkom (branding licence agreement with MegaFon)[66],25002,GSM-900/1800 MHz 900/1800 MHz UMTS 800/1800 MHz LTE,,
63,Germany,Telekom,Deutsche Telekom AG,26201,"900/1800 MHz GSM (EDGE) 700/800/900/1500/1800/2100/2600 MHz LTE, LTE-A 700/2100/3600 MHz 5G NR VoLTE, VoWiFi, AML, RCS",,
64,Germany,O2,"Telefónica S.A. (96.8%), free float (3.2%)",26203,"900/1800 MHz GSM (GPRS, EDGE) 700/800/900/1800/2100/2600 MHz LTE, LTE-A 700/1800/3600 MHz 5G NR VoLTE, VoWiFi, AML, RCS",,
65,Germany,Vodafone Germany,Vodafone Group plc,26202,"900 MHz GSM (GPRS, EDGE) 700/800/900/1800/2100/2600 MHz LTE, LTE-A 700/1800/3600 MHz 5G NR VoLTE, VoWiFi, AML, RCS",,
66,Germany,1&1,"United Internet AG (78.32%), free float (18.26%), TGW Logistics Group (3.00%), others (0,42 %)",26223,"2600 MHz LTE 3600 MHz 5G NR (Roams on Vodafone where there is no 1&1 coverage) VoLTE, VoWiFi, AML",,
67,Gibraltar,Gibtelecom,Government of Gibraltar,26601,"GSM-900/1800 2100 MHz UMTS 800/2600 MHz LTE, LTE-A",,
68,Greece,COSMOTE,OTE A.E. (Deutsche Telekom AG 54.5%),"20201, 20202","900/1800 MHz GSM (EDGE) 800/1800/2100/2600 MHz LTE, LTE-A VoLTE, VoWiFi 2100/3500 MHz 5G NR",,
69,Greece,Vodafone,Vodafone Group (100%),"20205 (Vodafone), 20214 (CYTA Hellas)","900/1800 MHz GSM (EDGE) 800/1800/2100/2600 MHz LTE, LTE-A VoLTE, VoWiFi 2100/3500 MHz 5G NR",,
70,Greece,NOVA,United Group B.V.,"20209 (Q-TELECOM), 20210 (NOVA)","900/1800 GSM (EDGE) 800/1800/2100/2600 MHz LTE, LTE-A VoLTE, VoWiFi 2100/3500 MHz 5G NR",,
71,Guernsey,Sure,Batelco,23455,GSM-900 2100 MHz UMTS LTE,,
72,Guernsey,JT,JT Group,23450,GSM-1800 2100 MHz UMTS LTE,,
73,Guernsey,Airtel-Vodafone,Batelco,23403,GSM-1800 2100 MHz UMTS LTE,,
74,Hungary,Magyar Telekom,"Deutsche Telekom AG (61.39%), free float (40.79%)[71]",21630,"GSM-900/1800 MHz (GPRS, EDGE) 700/800/1800/2100/2600 MHz LTE, LTE-A VoLTE, VoWiFi (LTE 800 MHz is in cooperating with Yettel) 700/2100 MHz 5G NR (DSS)",,
75,Hungary,Yettel,e& PPF Telecom Group,21601,"GSM-900/1800 (GPRS, EDGE) 700/800/900/1800/2100/2600 MHz LTE, LTE-A VoLTE, VoWiFi (LTE 800 MHz is in cooperating with Magyar Telekom) 3500 MHz 5G NR/5G SA",,
76,Hungary,One,4iG (70.5%) and Government of Hungary (29.5%)[72],21670,"• Includes the previous UPC Hungary and DIGI Mobile and Line 21 networks. || GSM-900/1800 MHz (GPRS, EDGE) 700/800/900/1800/2100/2600 MHz LTE, LTE-A VoLTE, VoWiFi 700 MHz 5G NR (DSS)",,
77,Iceland,Síminn,Síminn,27401,GSM-900/1800 MHz 900/2100 MHz UMTS 700/1800/2600 MHz LTE VoLTE 3600 MHz 5G NR,,
78,Iceland,Nova,Nova,27411,"2100 MHz UMTS, HSDPA 1800 MHz LTE VoLTE 3500 MHz 5G NR",,
79,Iceland,Vodafone,Sýn,27402,GSM-900/1800 MHz 2100 MHz UMTS 800/1800 MHz LTE 3500 MHz 5G NR VoLTE,,
80,Ireland,Three,CK Hutchison Holdings,"27205 (Three), 27202 (O2)","900/1800 MHz GSM (GPRS, EDGE) 900/2100 MHz UMTS, HSPA, HSPA+, DC-HSPA+ 800/1800 MHz LTE, LTE-A 700/2100 MHz LTE, LTE-A (Operating on a temporary licence) 1800/3500 MHz 5G NR VoLTE, VoWiFi, AML, eSIM",,
81,Ireland,Vodafone,Vodafone Group plc,27201,"900/1800 MHz GSM (GPRS, EDGE) 900/2100 MHz UMTS, HSPA, HSPA+, DC‑HSPA+ * 800/1800 MHz LTE, LTE-A 700/2100 MHz LTE, LTE-A (Operating on a temporary licence) 1800/3500 MHz 5G NR VoLTE, VoWiFi, RCS, AML, eSIM * 3G Network has been fully shutdown in 2024",,
82,Ireland,eir,"Iliad (31.6%), NJJ (32.9%)[75]",27203,"900/1800 MHz GSM (GPRS, EDGE) 900/2100 MHz UMTS, HSPA, HSPA+, DC-HSPA+ 800/1800 MHz LTE, LTE-A 700/2100 MHz LTE, LTE-A (Operating on a temporary licence) 1800/3500 MHz 5G NR VoLTE, VoWiFi, AML",,
83,Isle of Man,Manx Telecom,Basalt Investment Partners,23458,GSM-900 2100 MHz UMTS 800/1800 MHz LTE,,
84,Isle of Man,Sure,Batelco,23436,"GSM-900/1800 2100 MHz UMTS 800/1800 MHzLTE, LTE-A",,
85,Italy,Wind Tre,CK Hutchison Holdings,22288 and 22299,"900 MHz GSM (GPRS, EDGE), UMTS, HSPA, HSPA+ 800/1800/2100/2600 MHz LTE, LTE-A 1800/2600/3500/28000 MHz 5G NR VoLTE, VoWiFi, AML",,
86,Italy,TIM,TIM Group,22201,"900 MHz GSM (GPRS, EDGE) 700/800/900/1500/1800/2100/2600 MHz LTE, LTE-A 700/2100/3700/28000 MHz 5G NR VoLTE, VoWiFi, AML",,
87,Italy,Vodafone Italy,Swisscom,22210,"900 MHz GSM (GPRS, EDGE) 700/800/900/1500/1800/2100/2600 MHz LTE, LTE-A 700/2100/3700/28000 MHz 5G NR VoLTE, AML",,
88,Italy,Iliad,Iliad Group,22250,"Roaming on Wind Tre 2G 900 MHz UMTS, HSPA, HSPA+ 700/1800/2100/2600 MHz LTE, LTE-A (RAN sharing on Wind Tre 3G/4G where needed, and also 5G in Zefiro Net areas) 700/3500/28000 MHz 5G NR AML, VoLTE",,
89,Italy,Fastweb,Swisscom,22208,"Roaming on TIM and Wind Tre 2G/3G/4G/5G 28000 MHz 5G NR (FWA only) VoLTE, VoWiFi, AML",,
90,Jersey,JT,JT Group,23450,GSM-900/1800 2100 MHz UMTS 800/1800/2600 MHz LTE,,
91,Jersey,Sure,Batelco,23455,GSM-900/1800 2100 MHz UMTS LTE,,
92,Jersey,Airtel-Vodafone,Batelco,23403,GSM-900/1800 2100 MHz UMTS LTE,,
93,Kosovo,Vala,Government of Kosovo,22101,"GSM-900/1800 MHz (GPRS, EDGE) 900/2100 MHz UMTS, HSDPA, HSUPA, HSPA, HSPA+, DC-HSPA+ 1800 MHz LTE, LTE-A 800/3600 MHz 5G NR",,
94,Kosovo,Ipko,Telekom Slovenije,22102,"GSM-900/1800 MHz (GPRS, EDGE) 900/2100 MHz UMTS, HSDPA, HSUPA, HSPA, HSPA+, DC-HSPA+ 1800 MHz LTE, LTE-A 800/3600 MHz 5G NR",,
95,Latvia,LMT,"Telia (49%), Tet (Possessor (51%) and Telia (49%)) (23%), Latvian State Radio and Television Centre (LVRTC) (23%), Possessor (5%)",24701,"GSM-900/1800 MHz 900/2100 MHz UMTS, DC-HSPA+ 700/800/1500/1800/2100/2300/2600 MHz LTE, LTE-A 3500 MHz 5G NR VoLTE",,
96,Latvia,Tele2,Tele2,24702,"GSM-900/1800 MHz 900/2100 MHz UMTS 800/1800/2100/2600 MHz LTE, LTE-A 700/1500/3500 MHz - 5G NR",,
97,Latvia,Bitė,Providence Equity Partners,24705,"GSM-900 MHz 900/2100 MHz UMTS, HSPA+ 700/800/1800/2100/2300/2600 MHz LTE, LTE-A 1500/3500 MHz - 5G NR",,
98,Latvia,Triatel,,24703,450 MHz CDMA2000[87],,
99,Latvia,Xomobile,,24709,International mobile network based in Latvia[88],,
100,Liechtenstein,FL1 [de],State-owned,29505,GSM-900/1800 2100 MHz UMTS 800/2100/2600 MHz LTE,,
101,Liechtenstein,7acht,Salt Mobile,29502,GSM-900/1800 2100 MHz UMTS 1800/2100/2600 MHz LTE,,
102,Liechtenstein,Swisscom FL,Swisscom,29501,GSM-900/1800 2100 MHz UMTS 900/1800/2100 MHz LTE VoLTE,,
103,Lithuania,Tele2,Tele2,24603,"GSM-900/1800 MHz (GPRS, EDGE) 700/800/900/1500/1800/2100/2600 MHz LTE, LTE-A VoLTE, VoWIFI 700 MHz, 3500 MHz - 5G NR",,
104,Lithuania,Telia Lietuva,Telia Company,24601,"GSM-900/1800 MHz (GPRS, EDGE) 700/800/900/1500*/1800/2100/2600 MHz LTE, LTE-A VoLTE, VoWIFI 700 MHz, 3500 MHz - 5G NR",,
105,Lithuania,Bitė • includes the previous Mezon network.,Providence Equity Partners,24602 24608 • includes the previous Mezon network.,"GSM-900/1800 MHz (GPRS, EDGE) 700/800/900/1800/2100/2300/2600 MHz LTE, LTE-A VoLTE, VoWIFI 2300 MHz TDD, 2600 MHz TDD - 5G NR",,
106,Luxembourg,Orange,Orange Belgium,27099,"GSM-1800 (EDGE) 2100 MHz UMTS, DC-HSPA+ 1800 MHz LTE 3500 MHz - 5G NR",,
107,Luxembourg,Tango,Proximus Group,27077,"GSM-900/1800 2100 MHz UMTS, HSPA+ 1800 MHz LTE VoLTE 3500 MHz - 5G NR",,
108,Luxembourg,POST,POST Luxembourg,27001,"GSM-900/1800 2100 MHz UMTS, HSDPA 1800 MHz LTE 3500 MHz - 5G NR",,
109,Luxembourg,Luxembourg Online,Luxembourg Online,27005,"2100 MHz UMTS, HSDPA",,
110,Malta,Epic,Monaco Telecom,27801,"GSM 900/1800 MHz (GPRS) 900/2100 MHz UMTS, HSDPA, HSUPA 800/1800/2600 MHz LTE, LTE-A, LTE-A Pro 3500 MHz - 5G NR",,
111,Malta,GO,"Tunisie Telecom (65.42%), public (34.58%)",27821,"GSM 900/1800 MHz (GPRS, EDGE) 900/2100 MHz UMTS, HSDPA 800/1800/2600 MHz LTE, LTE-A, LTE-A Pro 3500 MHz - 5G NR",,
112,Malta,Melita,EQT AB  (pending sale to Goldman Sachs Alternatives[91]),27877,"2100 MHz UMTS, HSDPA 800/1800 MHz LTE, LTE-A Pro 3500 MHz - 5G NR",,
113,Moldova,Orange,Orange S.A. (94.3%),25901,"GSM-900/1800 MHz (GPRS, EDGE) 2100 MHz UMTS, HSDPA, HSUPA, HSPA, HSPA+, DC-HSPA+ 800/1800/2600 MHz LTE, LTE-A VoLTE",,
114,Moldova,Moldcell,CG Corp Global[94],25902,"GSM-900 MHz (GPRS, EDGE) 2100 MHz UMTS, HSDPA, HSUPA, HSPA, HSPA+, DC-HSPA+ 800/1800/2600 MHz LTE VoLTE",,
115,Moldova,Moldtelecom,Moldtelecom,259032590525999,"900/2100 MHz UMTS, HSDPA, HSUPA, HSPA, HSPA+, DC-HSPA+ 1800 MHz LTE, LTE-A",,
116,Moldova,Interdnestrcom operating in Transnistria region only,Sheriff,25906,800 MHz LTE VoLTE[95],,
117,Monaco,Monaco Telecom,"NJJ 55%, Société Nationale de Financement 45%",21210,900 MHz GSM  900/2100 MHz UMTS 800/1800/2600 MHz LTE 3500 MHz 5G NR,,
118,Montenegro,m:tel,"51% Telekom Srbija, 49% Telekom Srpske",29703,"GSM 900/1800 MHz (GPRS, EDGE) 2100 MHz UMTS, HSDPA, HSUPA, HSPA+ 800/1800/2600 MHz LTE",,
119,Montenegro,Crnogorski Telekom,"Hrvatski Telekom (76.53%) (Deutsche Telekom AG 60.49%), free float (23.47%)",29702,"GSM 900/1800 MHz (GPRS, EDGE) 800/1800/2100/2600 MHz LTE 2100/3500 MHz 5G NR",,
120,Montenegro,One Montenegro,4iG[5],29701,"GSM 900/1800 (GPRS, EDGE) 2100 MHz UMTS, HSDPA, HSUPA, HSPA+ 900/1800/2100 MHz LTE 700/3600 MHz 5G NR",,
121,Netherlands,Odido,"WP/AP Telecom Holdings IV B.V. (Warburg Pincus 50%, Apax Partners 50%)",20416 and 20402,"900/2100* MHz UMTS, HSDPA, HSUPA, HSPA+** *Only active on sites without low-band antennas. **3G to be discontinued from 1 August 2026[100] 800/900/1500/1800/2100/2600 MHz LTE, LTE-A 2600 MHz TD-LTE VoLTE, VoWiFi, AML  700/3500 MHz 5G NR ***detailed information on sites and frequencies to be found on the antennekaart website[101]",,
122,Netherlands,KPN,Koninklijke KPN,20408,"900* MHz GSM (GPRS, EDGE) *2G to be discontinued as of 1 December 2027[103] 800/900/1500/1800/2600 MHz LTE, LTE-A 2600 MHz TD-LTE VoLTE, VoWiFi, AML  700/2100/3500 MHz 5G NR 450 MHz CDMA (Smart meters only) **detailed information on sites and frequencies to be found on the antennekaart website[104]",,
123,Netherlands,Vodafone,"VodafoneZiggo (Vodafone Group 50%, Liberty Global 50%)",20404,"900/1800* MHz GSM (GPRS, EDGE) *Only active on sites without low-band antennas. 800/1500/1800/2100/2600 MHz LTE, LTE-A VoLTE, VoWiFi, AML  700/1800**/3500 MHz 5G NR **using Dynamic Spectrum Sharing (DSS) ***detailed information on sites and frequencies to be found on the antennekaart website[106]",,
124,North Macedonia,Telekom,Magyar Telekom (51.00%) (Stone Bridge Communications),29401,"GSM-900 MHz (GPRS, EDGE) 2100 MHz UMTS, HSDPA 800/1800 MHz LTE, LTE-A, VoLTE, 700/3600 MHz 5G NR",,
125,North Macedonia,A1,A1 Group,29403,"GSM-900/1800 MHz (GPRS, EDGE) 900/2100 MHz UMTS, HSPA+ 800/1800 MHz LTE, LTE-A, VoLTE, 700/3600 MHz 5G NR",,
126,Norway,Telenor,Telenor Government of Norway (54%),24201,"GSM-900/1800 MHz (GPRS, EDGE) (2G to be discontinued in 2027)[109] 3G discontinued in January 2021[110] 800/900/1800/2100/2600 MHz LTE, LTE-A VoLTE, VoWiFi 700/3500 MHz 5G NR",,
127,Norway,Telia,Telia Company,24202,"GSM-900/1800 MHz (GPRS, EDGE) (2G to be discontinued in 2025)[111] 3G discontinued in November 2021[112] 800/900/1800/2100/2600 MHz LTE, LTE-A VoLTE, VoWiFi 700/3500 MHz 5G NR",,
128,Norway,Ice,Lyse AS[115],"24214, 24206","700/800/900/1800/2100 MHz LTE (Roams on Telenor network in areas without its own coverage from March 2025)[113] VoLTE, VoWiFi 700/2100/3500 MHz 5G NR",,
129,Poland,Orange,"Orange S.A. (50.67%), free float (49.33%)",26003,"GSM 900 MHz (GPRS, EDGE) UMTS 900 MHz (HSDPA, HSUPA, HSPA+) 800/900/1800/2100/2600 MHz LTE, LTE-A 2100/3600 MHz 5G NR VoLTE, VoWiFi (shares network with T-Mobile)",,
130,Poland,Play,Iliad S.A.,26006,"E-GSM/GSM 900/1800 MHz (GPRS, EDGE) UMTS 900 MHz (HSDPA, HSUPA, HSPA+) 800/900/1800/2100/2600 MHz LTE, LTE-A 2100/3500 MHz 5G NR VoLTE, ViLTE, VoWiFi (for supported iOS/Android devices) (Roaming 2G/3G/LTE on Orange Poland* network) * available till 31.12.2025, on some areas already inactive.",,
131,Poland,Plus,Grupa Polsat Plus,26001,"GSM 900/1800 MHz (GPRS, EDGE) UMTS 900/2100 MHz (HSDPA, HSUPA, HSPA+) 420/900/1800/2100/2600/2600TDD MHz LTE, LTE-A 2100/2600 MHz 5G NR VoLTE, VoWiFi",,
132,Poland,T-Mobile,Deutsche Telekom AG,26002,"GSM 900 MHz (GPRS, EDGE) 800/900/1800/2100/2600 MHz LTE, LTE-A 2100/3600 MHz 5G NR VoLTE, VoWiFi (shares network with Orange)",,
133,Portugal,NOS,NOS,26803,"GSM-900/1800 (GPRS, EDGE) 2100 MHz UMTS, HSDPA, HSUPA, HSPA+ 800/1800/2100/2600 MHz LTE 700/3500 MHz 5G NR",,
134,Portugal,MEO,Altice,26806,"GSM-900 (GPRS, EDGE) 2100 MHz UMTS, HSPA, HSPA+, DC-HSPA+ 800/1800/2100/2600 MHz LTE, LTE-A 3600 MHz 5G NR",,
135,Portugal,Vodafone,Vodafone Group plc,26801,"GSM-900 (GPRS, EDGE)  900 MHz UMTS, HSPA, HSPA+, DC-HSPA+ 800/900/1800/2100/2600 MHz LTE, LTE-A 2600 MHz TD-LTE VoLTE 3500 MHz 5G NR",,
136,Portugal,DIGI,Digi Communications N.V.,26802,900/1800/2600/3500 (technologies to be confirmed),,
137,Romania,Orange,Orange S.A.,22610,"GSM-900 (GPRS, EDGE) 900/2100 MHz UMTS, HSPA, HSPA+ (3G phase out 2025[122]) 700(B28)/800(B20)/900(B8)/1500(B32)/1800(B3)/2100(B1)/2600(B7) MHz LTE-A, VoLTE, VoWiFi 2100/3500 MHz 5G",,
138,Romania,Digi,Digi Communications N.V.,22605,"GSM-900 (no GPRS, no EDGE) 800(B20)/900(B8)/2100(B1)/2600 FDD(B7)/2600 TDD(B38) LTE-A, VoLTE, VoWiFi 2600FDD/ 2600TDD/3500 MHz 5G",,
139,Romania,Vodafone,Vodafone Group plc,22601,"GSM-900/1800 (GPRS, EDGE) 900/2100 MHz UMTS, HSPA, HSPA+ (3G phase out ongoing as of 2025, already turned off in some cities) 700(B28)/800(B20)/900(B8)/1800(B3)/2100(B1) MHz LTE-A, VoLTE, ViLTE, VoWiFi 2100/3500 MHz 5G",,
140,Romania,Telekom,OTE (Deutsche Telekom AG 54.5%),22603,"GSM-900/1800 (GPRS, EDGE) 800(B20)/900(B8)/1800(B3)/2100(B1)/2600(B7) MHz LTE-A, VoLTE, VoWiFi 2100 MHz 5G",,
141,Russia,MTS,"PJSC Sistema (42.09%), PJSC MTS (1.93%), free float (50.03%)[123]",25001,"GSM-900/1800 MHz (GPRS, EDGE) 900/2100 MHz UMTS, HSDPA, HSUPA, HSPA+ 800/900/1800/2100/2600 MHz LTE, VoLTE 800/900/1800 MHz NB-IoT, 4900 MHz 5G NR",,
142,Russia,MegaFon,"OOO USM Holdings (50%), OOO AF Telecom Holdings (50%)[125]",25002,"GSM-900/1800 MHz (GPRS, EDGE) 900/2100 MHz UMTS, HSDPA, HSUPA, HSPA+ 800/1800/2500/2600 MHz LTE, LTE-A, VoLTE",,
143,Russia,t2,PJSC Rostelecom,25020,"GSM-900/1800 MHz (GPRS, EDGE) 2100 MHz UMTS, HSDPA, HSUPA, HSPA+ 450/800/900/1800/2100/2300/2600 MHz LTE",,
144,Russia,Beeline,PJSC VimpelCom,25099,"GSM-900/1800 MHz (GPRS, EDGE) 900/2100 MHz UMTS, HSDPA, HSUPA, HSPA+, DC-HSPA+ 800/1800/2100/2600 MHz LTE, LTE-A, VoLTE",,
145,Russia,"MOTIV Coverage: Sverdlovsk, Kurgan, Khanty-Mansi, Yamalo-Nenets",OOO EKATERINBURG-2000,25035,"GSM-1800 MHz 1800/2500 MHz LTE, VoLTE",,
146,Russia,Tattelecom Coverage: Tatarstan,PJSC Tattelecom,25027,GSM-1800 MHz 1800 MHz LTE,,
147,Russia,Phoenix Coverage: Donetsk,"SUE DPR ""ROS""",25097,GSM-900/1800 MHz 2100 MHz UMTS 800/900/1800/2600 MHz LTE,,
148,Russia,MKS Coverage: Luhansk,OOO MKS,25098,GSM-900/1800 MHz 2100 MHz UMTS 900/1800/2600 MHz LTE,,
149,Russia,"K-Telecom Coverage: Crimea, Sevastopol, Luhansk, Donetsk, Zaporozhye, Kherson",OOO K-Telecom,"25032, 25096",GSM-900/1800 MHz 2100 MHz UMTS 2600 MHz LTE,,
150,Russia,"Miranda Coverage: Crimea, Sevastopol, Luhansk, Donetsk, Zaporozhye, Kherson",OOO Miranda-Media,25054,GSM-900 MHz 2100 MHz UMTS 450 MHz LTE,,
151,Russia,Vainah Telecom Coverage: Chechnya,JSC Vainah Telecom,25008,GSM-900/1800 MHz 2300 MHz LTE,,
152,San Marino,TIM San Marino,TIM,22201,"GSM-900/1800 (GPRS, EDGE) 900/2100 MHz UMTS, HSDPA, HSUPA, HSPA+, DC-HSPA+ 800/1800/2600 MHz LTE, LTE-A",,
153,San Marino,Telefonia Mobile Sammarinese,Telecom Italia San Marino (51%),22201,"GSM-900/1800 (GPRS, EDGE) 900/2100 MHz UMTS, HSDPA, HSUPA, HSPA+, DC-HSPA+ 800/1800/2600 MHz LTE, LTE-A (Uses the TIM network)",,
154,San Marino,Prima,San Marino Telecom,29201,"GSM-900/1800 (GPRS, EDGE) 900/2100 MHz UMTS, HSDPA, HSUPA, HSPA+, DC-HSPA+",,
155,Serbia,MTS,Telekom Srbija,22003,"900/1800 MHz - GSM (GPRS, EDGE) 900/2100 MHz - UMTS (HSDPA, DC-HSPA+) 800/1800/2100 MHz - LTE (LTE-A Pro) VoLTE, ViLTE, RCS, eSIM",,
156,Serbia,Yettel,e& PPF Telecom Group,22001,"900/1800 MHz - GSM (GPRS, EDGE) 900/2100 MHz - UMTS (HSDPA, DC-HSPA+) 800/1800/2100 MHz - LTE (LTE-A Pro) VoLTE, ViLTE, RCS, eSIM)",,
157,Serbia,A1,A1 Group,22005,"900/1800 MHz - GSM (GPRS, EDGE) 900/2100 MHz - UMTS (HSDPA, DC-HSPA+) 800/1800/2100 MHz - LTE (LTE-A Pro) VoLTE, ViLTE, RCS, eSIM, Multi-SIM)",,
158,Slovakia,Orange,Orange S.A.,"23101, 23105","900 MHz GSM (GPRS, EDGE) 700/800/900/1800/2100/2600 MHz LTE, LTE-A, LTE-A Pro (Allows 4ka to access 900 and 2100 MHz)700/2100/3600 MHz 5G NR VoLTE, VoWiFi, RCS",,
159,Slovakia,O2,e& PPF Telecom Group,23106,"900 MHz GSM (GPRS, EDGE) (Roaming on Telekom Slovakia (2G) when needed) 900 MHz UMTS, HSDPA, HSPA+ 700/800/1800/2100 MHz LTE, LTE-A 1800/2100/3600 MHz 5G NR VoLTE, VoWiFi, RCS",,
160,Slovakia,Telekom,Deutsche Telekom AG,"23102, 23104","900 MHz GSM (GPRS, EDGE) 700/800/1800/2100/2600 MHz LTE, LTE-A, LTE-A Pro 2600 MHz TD-LTE 700/2100/3600 MHz 5G NR (3600 MHz only in Bratislava)VoLTE, VoWiFi, RCS",,
161,Slovakia,4ka,SWAN,23103,"1800 MHz GSM (GPRS, EDGE) (Roaming on Orange Slovakia (2G, 4G (900, 2100 MHz) when out of native coverage) 1800 MHz LTE, LTE-A Pro VoLTE, ViLTE, VoWiFi, RCS 3600 MHz 5G NR",,
162,Slovenia,Telekom Slovenije,Telekom Slovenije,29341,"GSM 900/1800 (GPRS, EDGE) 700/800/900/1800/2100/2600 MHz LTE, LTE-A VoLTE, VoWiFi 2600/3600 MHz - 5G NR",,
163,Slovenia,A1,A1 Group,29340,"GSM 900/1800 (GPRS, EDGE) 800/1500/1800/2100/2600 MHz LTE, LTE-A VoLTE, VoWiFi 700/3500 MHz - 5G NR",,
164,Slovenia,Telemach,United Group,29370,"GSM 900/1800 (GPRS, EDGE) 900/2100 MHz: UMTS, HSPA, HSPA+ 700/800/1800/2100/2300 MHz LTE, LTE-A VoLTE 700/3600 MHz - 5G NR",,
165,Slovenia,T-2,Garnol (pending sale to Telemach),29364,"2100 MHz: UMTS, HSPA (Roaming on A1 (2G/LTE/5G, VoLTE) network when needed) 2100 MHz LTE 2300 MHz - 5G NR",,
166,Spain,MásOrange,"Orange S.A. (50,00%), Lorca JVco Ltd (50,00%)",21403 21404,"900/1800 MHz GSM, GPRS, EDGE 900/2100 MHz UMTS, HSPA, HSPA+ 700/800/1800/2100/2600 MHz LTE, LTE-A 700/2100/3500 MHz 5G NR VoLTE, VoWiFi",,
167,Spain,Movistar,Telefónica,21407,"900/1800 MHz GSM, GPRS, EDGE 900/2100 MHz UMTS, HSPA, HSPA+ 700/800/900/1800/2100/2600 MHz LTE, LTE-A 700/2100/3500 MHz 5G NR VoLTE, VoWiFi, VoNR, ViLTE",,
168,Spain,Vodafone,Zegona Communications,21401,"900/1800 MHz GSM, GPRS, EDGE 900/2100 MHz UMTS, HSPA, HSPA+ 700/800/900/1800/2100/2600 MHz LTE, LTE-A 700/3500 MHz 5G NR VoLTE, VoWiFi",,
169,Spain,DIGI,Digi Communications,21422,"1800/2100 MHz LTE, LTE-A 3500 MHz 5G NR (Roams on Movistar where there is no coverage) VoLTE, VoWiFi",,
170,Sweden,Telia,Telia Company,24001,"GSM-900/1800 MHz (GPRS, EDGE) 900/2100 MHz UMTS, HSDPA 800/1800/2600 MHz LTE, LTE-A 700/3500 MHz 5G NR",,
171,Sweden,Telenor,Telenor,24008,"GSM-900/1800 MHz (GPRS, EDGE) 2100 MHz UMTS, HSDPA 800/900/1800/2600 MHz LTE, LTE-A 3500 MHz 5G NR",,
172,Sweden,Tele2,Tele2 AB (Freya Investissement (Iliad/NJJ) 19.88%)[150],24007,"GSM-900/1800 MHz (GPRS, EDGE) 2100 MHz UMTS, HSDPA 800/900/1800/2600 MHz LTE, LTE-A 3500 MHz 5G NR",,
173,Sweden,Tre,"CK Hutchison Holdings (60%), Investor AB (40%)",24002,"900/2100 MHz UMTS, HSDPA 800/2100/2600 MHz FD-LTE, 2600 MHz TD-LTE, LTE-A 2100/2600/3500 MHz 5G NR VoLTE, VoWiFi",,
174,Switzerland,Swisscom,"Partially state-owned (50% plus one share), free float (49%)",22801,"900 MHz UMTS, HSPA, HSPA+, DC-HSPA+  700/800/900/1500 (FDD SDL)/1800/2100/2600 MHz LTE, LTE-A VoLTE, VoWiFi 700/2100/3500 MHz 5G NR",,
175,Switzerland,Sunrise,Free float (100%),22802,"900/2100 MHz UMTS, HSDPA, HSPA+, DC-HSPA+ 800/900/1800/2100/2600 MHz LTE, LTE-A VoLTE 900/3500 MHz 5G NR",,
176,Switzerland,Salt,NJJ[154],22803,"900/2100 MHz UMTS, HSPA, HSPA+, DC-HSPA+ 800/1800/2100/2600 MHz LTE, LTE-A VoLTE, VoWiFi 3500 MHz 5G NR",,
177,Türkiye,Turkcell,"Turkey Wealth Fund (26.2%), LetterOne (19.8%), free float (54%)",,"GSM 900 MHz (GPRS, EDGE)  900/2100 MHz UMTS, HSDPA, HSUPA, HSPA, HSPA+, DC-HSPA+, 3C-HSDPA 800/900/1800/2100/2600 MHz LTE, LTE-A, LTE-A Pro VoLTE, VoWiFi, eSIM 5G (testing)",,
178,Türkiye,Vodafone Turkey,Vodafone Group plc,,"GSM 900 MHz (GPRS, EDGE)  2100 MHz UMTS, HSDPA, HSUPA, HSPA, HSPA+, DC-HSPA+ 800/900/1800/2100/2600 MHz LTE, LTE-A, LTE-A Pro VoLTE, VoWiFi, eSIM  5G (testing)",,
179,Türkiye,Türk Telekom,"Türk Telekom (Turkey Wealth Fund (60%), Ministry of Treasury and Finance (Turkey) (25%), free float (15%)) [156]",,"GSM 900 (only in rural areas)/1800 MHz (GPRS, EDGE)  900/2100 MHz UMTS, HSDPA, HSUPA, HSPA, HSPA+, DC-HSPA+ 800/900/1800/2100/2600 MHz LTE, LTE-A, LTE-A Pro VoLTE, VoWiFi, eSIM 5G (testing)",,
180,Ukraine,Kyivstar*,"VEON (LetterOne (45.5%), The Stichting (7.9%), Lingotto Investment Management LLP (7.2%), Shah Capital Management Inc. (6.8%), free float 32.6%)",25503,"900/1800 MHz GSM (GPRS, EDGE) 2100 MHz UMTS, HSDPA, HSUPA, HSPA, HSPA+, DC-HSPA+ 900/1800/2100/2300/2600 MHz LTE, LTE-A VoLTE",,
181,Ukraine,Vodafone*,Bakcell,25501,"900/1800 MHz GSM (GPRS, EDGE) 2100 MHz UMTS, HSDPA, HSUPA, HSPA, HSPA+, DC-HSPA+ 900/1800/2100/2600 MHz LTE, LTE-A",,
182,Ukraine,lifecell*,DVL Telecom (NJJ 85%),25506,"900/1800 MHz GSM (GPRS, EDGE) 900/2100 MHz UMTS, HSDPA, HSUPA, HSPA, HSPA+, DC-HSPA+, 3C-HSDPA 900/1800/2100/2600 MHz LTE, LTE-A, LTE-A Pro VoLTE, VoWi-Fi",,
183,Ukraine,Intertelecom,"Odinaco Ltd (49%), Viktor Gushan (35.7%)",25504,"800 MHz CDMA2000, CDMA2000 EV-DO rel.0, rev. A (Network in Odesa region only until 01.01.2025)",,
184,Ukraine,TriMob*,Ukrtelecom,25507,"2100 MHz UMTS, HSDPA, HSUPA, HSPA (Own 3G network in Kyiv city centre only.) (as Utel) Free 2G/3G roaming on Vodafone network available.",,
185,Ukraine,PEOPLEnet,Telesystemy Ukrainy,25521,"800 MHz CDMA2000, CDMA2000 EV-DO (Network in Dnipropetrovsk region only until 01.01.2025)",,
186,United Kingdom,O2,"Virgin Media O2 (50% Telefónica, 50% Liberty Global)",23410,"900 MHz GSM (GPRS, EDGE) 900/2100 MHz UMTS, HSPA, HSPA+, DC-HSPA+ 700/800/900/1800/2100 MHz LTE, LTE-A 2300/2600 MHz TD-LTE 700/900/2100/2300/3500 MHz 5G NR VoLTE, VoWiFi, AML, RCS",,
187,United Kingdom,EE,BT Group,23430 and 23433,"1800 MHz GSM (GPRS, EDGE) 700/800/1800/2100/2600/5200 MHz LTE, LTE-A 700/1800/2100/2600/3500 MHz 5G NR VoLTE, VoWiFi, AML, RCS",,
188,United Kingdom,Vodafone,Vodafone Group plc,23415,"900 MHz GSM (GPRS, EDGE) 800/900/1500/1800/2100/2600 MHz LTE, LTE-A 2600 MHz TD-LTE 900/2100/3500 MHz 5G NR VoLTE, VoWiFi, AML",,
189,United Kingdom,Three,CK Hutchison Holdings,23420,"2100 MHz UMTS, HSPA, HSPA+, DC-HSPA+ 700/800/1500/1800/2100 MHz LTE, LTE-A 700/2100/3500 MHz 5G NR VoLTE, VoWiFi, AML, RCS",,
