Country_x,Operator_x,Brand_x,PLMN_x,tech_2g,tech_3g,tech_lte,operator_name_upper,country_upper,MCC,MNC,PLMN_y,Region,Country_y,ISO,Operator_y,Brand_y,TADIG,Bands,brand_upper
,ALTEL,,,,,X,ALTEL,,,,,,,,,,,,
,CelcomDigi,,,,,X,CELCOMDIGI,,,,,,,,,,,,
,Digital Nasional Berhad,,,,,X,DIGITAL NASIONAL BERHAD,,,,,,,,,,,,
,Dito Telecommunity,,,,,X,DITO TELECOMMUNITY,,,,,,,,,,,,
,GOMO,,,,,,GOMO,,,,,,,,,,,,
,Globe Telecom,,,X,X,X,GLOBE TELECOM,,,,,,,,,,,,
,HelloSIM,,,,,,HELLOSIM,,,,,,,,,,,,
,MY Evolution,,,,,,MY EVOLUTION,,,,,,,,,,,,
,Maxis,,,,,X,MAXIS,,,,,,,,,,,,
,Now Telecom,,,,,,NOW TELECOM,,,,,,,,,,,,
,Pavo Communications,,,,,,PAVO COMMUNICATIONS,,,,,,,,,,,,
,Redtone,,,,,,REDTONE,,,,,,,,,,,,
,Smart Communications,,,X,X,X,SMART COMMUNICATIONS,,,,,,,,,,,,
,TM,,,,,X,TM,,,,,,,,,,,,
,TNT,,,,,X,TNT,,,,,,,,,,,,
,Telin Malaysia,,,,,,TELIN MALAYSIA,,,,,,,,,,,,
,Tune Talk,,,,,,TUNE TALK,,,,,,,,,,,,
,U Mobile,,,,,X,U MOBILE,,,,,,,,,,,,
,Unifi Mobile,,,,,X,UNIFI MOBILE,,,,,,,,,,,,
,XOX,,,,,,XOX,,,,,,,,,,,,
,Yes,,,,,X,YES,,,,,,,,,,,,
,redONE,,,,,,REDONE,,,,,,,,,,,,
Afghanistan,Afghan Wireless,,,X,X,X,AFGHAN WIRELESS,AFGHANISTAN,,,,,,,,,,,
Afghanistan,Etisalat Afghanistan,,,X,X,X,ETISALAT AFGHANISTAN,AFGHANISTAN,,,,,,,,,,,
Afghanistan,Salaam,,,X,X,,SALAAM,AFGHANISTAN,412.0,80.0,41280.0,Asia and the Middle East,Afghanistan,AF,Afghan Telecom,Salaam,,GSM 900 / GSM 1800 / UMTS 2100,SALAAM
Afghanistan,Salaam,,,X,X,,SALAAM,AFGHANISTAN,412.0,88.0,41288.0,Asia and the Middle East,Afghanistan,AF,Afghan Telecom,Salaam,,GSM 900 / GSM 1800 / UMTS 2100,SALAAM
Albania,One Albania,,27601 27603,X,X,X,ONE ALBANIA,ALBANIA,,,,,,,,,,,
Albania,Vodafone Albania,,27602,X,X,X,VODAFONE ALBANIA,ALBANIA,,,,,,,,,,,
American Samoa,American Samoa Telecommunications Authority,,,,,X,AMERICAN SAMOA TELECOMMUNICATIONS AUTHORITY,AMERICAN SAMOA,,,,,,,,,,,
American Samoa,Blue Sky Communications,,,X,X,X,BLUE SKY COMMUNICATIONS,AMERICAN SAMOA,,,,,,,,,,,
Andorra,Andorra Telecom,,21303,,X,X,ANDORRA TELECOM,ANDORRA,,,,,,,,,,,
Angola,Africell,,,,,,AFRICELL,ANGOLA,,,,,,,,,,,
Angola,Movicel,,,X,X,X,MOVICEL,ANGOLA,631.0,4.0,63104.0,Africa,Angola,AO,MOVICEL Telecommunications S.A.,MOVICEL,,GSM 900 / GSM 1800 / UMTS 900 / LTE 1800,MOVICEL
Anguilla,Digicel,,,,X,X,DIGICEL,ANGUILLA,,,,,,,,,,,
Anguilla,FLOW,,,,X,X,FLOW,ANGUILLA,,,,,,,,,,,
Antigua and Barbuda,APUA,,,,,X,APUA,ANTIGUA AND BARBUDA,344.0,30.0,344030.0,North America and the Caribbean,Antigua and Barbuda,AG,Antigua Public Utilities Authority,APUA,,GSM 1900,APUA
Antigua and Barbuda,Digicel,,,X,X,X,DIGICEL,ANTIGUA AND BARBUDA,344.0,50.0,344050.0,North America and the Caribbean,Antigua and Barbuda,AG,Antigua Wireless Ventures Limited,Digicel,,GSM 900 / GSM 1900 / UMTS 850 / LTE 700,DIGICEL
Argentina,Claro,,,X,X,X,CLARO,ARGENTINA,722.0,320.0,722320.0,South and Central America,Argentina,AR,AMX Argentina S.A.,Claro,,GSM 850 / GSM 1900 / UMTS 850 / UMTS 1900 / LTE 1700,CLARO
Argentina,Claro,,,X,X,X,CLARO,ARGENTINA,722.0,330.0,722330.0,South and Central America,Argentina,AR,AMX Argentina S.A.,Claro,,GSM 850 / GSM 1900 / UMTS 850 / UMTS 1900 / LTE 1700,CLARO
Argentina,Movistar,,,X,X,X,MOVISTAR,ARGENTINA,722.0,10.0,722010.0,South and Central America,Argentina,AR,Telefónica Móviles Argentina S.A.,Movistar,,GSM 850 / GSM 1900 / UMTS 850 / UMTS 1900 / LTE 700 / LTE 1700 / LTE 2600,MOVISTAR
Argentina,Movistar,,,X,X,X,MOVISTAR,ARGENTINA,722.0,70.0,722070.0,South and Central America,Argentina,AR,Telefónica Móviles Argentina S.A.,Movistar,,GSM 1900,MOVISTAR
Argentina,Nuestro,,,,,,NUESTRO,ARGENTINA,,,,,,,,,,,
Argentina,Personal,,,X,X,X,PERSONAL,ARGENTINA,722.0,34.0,722034.0,South and Central America,Argentina,AR,Telecom Personal S.A.,Personal,,,PERSONAL
Argentina,Personal,,,X,X,X,PERSONAL,ARGENTINA,722.0,341.0,722341.0,South and Central America,Argentina,AR,Telecom Personal S.A.,Personal,,GSM 850 / GSM 1900 / UMTS 850 / UMTS 1900 / LTE 700 / LTE 1700 / LTE 2600,PERSONAL
Argentina,Tuenti,,,,,,TUENTI,ARGENTINA,,,,,,,,,,,
Armenia,Team,,28301,X,X,X,TEAM,ARMENIA,,,,,,,,,,,
Armenia,Viva Armenia,,28305,X,X,X,VIVA ARMENIA,ARMENIA,,,,,,,,,,,
Aruba,SetarNV,,,X,X,X,SETARNV,ARUBA,,,,,,,,,,,
Australia,Optus,,,,,X,OPTUS,AUSTRALIA,505.0,36.0,50536.0,Oceania,Australia,AU,Optus Mobile Pty. Ltd.,Optus,,,OPTUS
Australia,Optus,,,,,X,OPTUS,AUSTRALIA,505.0,90.0,50590.0,Oceania,Australia,AU,Singtel Optus Proprietary Limited,Optus,,,OPTUS
Australia,Telstra,,,,,X,TELSTRA,AUSTRALIA,505.0,71.0,50571.0,Oceania,Australia,AU,Telstra Corporation Limited,Telstra,,,TELSTRA
Australia,Telstra,,,,,X,TELSTRA,AUSTRALIA,505.0,72.0,50572.0,Oceania,Australia,AU,Telstra Corporation Limited,Telstra,,,TELSTRA
Australia,Telstra,,,,,X,TELSTRA,AUSTRALIA,505.0,11.0,50511.0,Oceania,Australia,AU,Telstra Corporation Ltd.,Telstra,,,TELSTRA
Australia,Telstra,,,,,X,TELSTRA,AUSTRALIA,505.0,39.0,50539.0,Oceania,Australia,AU,Telstra Corporation Ltd.,Telstra,,,TELSTRA
Australia,Vodafone AU,,,,,X,VODAFONE AU,AUSTRALIA,,,,,,,,,,,
Austria,A1,,23201,X,X,X,A1,AUSTRIA,,,,,,,,,,,
Austria,Drei,,23205,X,X,X,DREI,AUSTRIA,,,,,,,,,,,
Austria,Magenta Telekom,,23203,X,X,X,MAGENTA TELEKOM,AUSTRIA,,,,,,,,,,,
Azerbaijan,Nakhtel,,40006,X,X,X,NAKHTEL,AZERBAIJAN,,,,,,,,,,,
Azerbaijan,Nar,,40004,X,X,X,NAR,AZERBAIJAN,,,,,,,,,,,
Bahrain,Zain,,,X,X,X,ZAIN,BAHRAIN,,,,,,,,,,,
Bahrain,stc,,,X,X,X,STC,BAHRAIN,426.0,4.0,42604.0,Asia and the Middle East,Bahrain,BH,STC Bahrain,STC,,GSM 900 / GSM 1800 / UMTS 2100 / LTE 1800 / 5G 3500,STC
Bangladesh,Citycell,,,,,,CITYCELL,BANGLADESH,470.0,5.0,47005.0,Asia and the Middle East,Bangladesh,BD,Pacific Bangladesh Telecom Limited,Citycell,,CDMA 800,CITYCELL
Bangladesh,Robi,,,X,,X,ROBI,BANGLADESH,470.0,2.0,47002.0,Asia and the Middle East,Bangladesh,BD,Axiata Bangladesh Ltd.,Robi,,GSM 900 / GSM 1800 / UMTS 2100 / LTE 900 / LTE 1800,ROBI
Bangladesh,Teletalk,,,X,X,X,TELETALK,BANGLADESH,470.0,4.0,47004.0,Asia and the Middle East,Bangladesh,BD,Teletalk Bangladesh Limited,TeleTalk,,GSM 900 / UMTS 2100 / LTE 1800,TELETALK
Barbados,Digicel,,,X,X,X,DIGICEL,BARBADOS,342.0,750.0,342750.0,North America and the Caribbean,Barbados,BB,Digicel (Barbados) Limited,Digicel,,GSM 900 / GSM 1800 / UMTS 2100 / LTE 700 / LTE 1900,DIGICEL
Belarus,Life,,25704,X,X,X,LIFE,BELARUS,,,,,,,,,,,
Belgium,Base/Telenet,,20620,X,X,X,BASE/TELENET,BELGIUM,,,,,,,,,,,
Belgium,DIGI,,20612,,,X,DIGI,BELGIUM,,,,,,,,,,,
Belgium,Orange,,20610,X,X,X,ORANGE,BELGIUM,,,,,,,,,,,
Belgium,Proximus,,20601,X,X,X,PROXIMUS,BELGIUM,206.0,0.0,20600.0,Europe,Belgium,BE,Belgacom Mobile,Proximus,,,PROXIMUS
Belize,Digi,,,X,X,X,DIGI,BELIZE,,,,,,,,,,,
Belize,Smart,,,,,X,SMART,BELIZE,702.0,99.0,70299.0,South and Central America,Belize,BZ,Speednet Communications Limited,SMART,,CDMA2000 850,SMART
Benin,BBcom,,,X,,,BBCOM,BENIN,616.0,4.0,61604.0,Africa,Benin,BJ,Bell Benin Communications,BBCOM,,GSM 900 / GSM 1800,BBCOM
Benin,Glo,,,X,,,GLO,BENIN,616.0,5.0,61605.0,Africa,Benin,BJ,Glo Communication Benin,Glo,,GSM 900 / GSM 1800,GLO
Benin,Libercom,,,X,,,LIBERCOM,BENIN,616.0,1.0,61601.0,Africa,Benin,BJ,Benin Telecoms Mobile,Libercom,,GSM 900 / GSM 1800 / LTE 1800 / CDMA / WiMAX,LIBERCOM
Benin,MTN,,,X,X,X,MTN,BENIN,616.0,3.0,61603.0,Africa,Benin,BJ,Spacetel Benin,MTN,,GSM 900 / GSM 1800 / UMTS 900 / UMTS 2100 / LTE 1800,MTN
Bermuda,Digicel,,,X,X,X,DIGICEL,BERMUDA,,,,,,,,,,,
Bermuda,One,,,X,X,X,ONE,BERMUDA,350.0,0.0,35000.0,North America and the Caribbean,Bermuda,BM,Bermuda Digital Communications Ltd.,One,,GSM 1900 / UMTS 850 / LTE 700,ONE
Bhutan,B-Mobile,,,X,X,X,B-MOBILE,BHUTAN,402.0,11.0,40211.0,Asia and the Middle East,Bhutan,BT,B-Mobile / Bhutan Telecom Ltd.,B-Mobile,,GSM 900 / UMTS 850 / UMTS 2100 / LTE 1800,B-MOBILE
Bhutan,TashiCell,,,X,X,X,TASHICELL,BHUTAN,402.0,77.0,40277.0,Asia and the Middle East,Bhutan,BT,Tashi InfoComm Limited,TashiCell,,GSM 900 / GSM 1800 / UMTS 850 / LTE 700,TASHICELL
Bolivia,Entel,,,X,X,X,ENTEL,BOLIVIA,736.0,2.0,73602.0,South and Central America,Bolivia,BO,Entel SA,Entel,,GSM 850 / GSM 1900 / UMTS 850 / LTE 700,ENTEL
Bonaire,Digicel,,,X,X,X,DIGICEL,BONAIRE,,,,,,,,,,,
Bonaire,FLOW,,,X,X,X,FLOW,BONAIRE,,,,,,,,,,,
Bosnia and Herzegovina,HT ERONET,,21803,X,X,X,HT ERONET,BOSNIA AND HERZEGOVINA,,,,,,,,,,,
Bosnia and Herzegovina,haloo,,21803,X,X,X,HALOO,BOSNIA AND HERZEGOVINA,,,,,,,,,,,
Bosnia and Herzegovina,m:tel,,21805,X,X,X,M:TEL,BOSNIA AND HERZEGOVINA,,,,,,,,,,,
Botswana,Orange,,,X,X,X,ORANGE,BOTSWANA,652.0,2.0,65202.0,Africa,Botswana,BW,Orange (Botswana) Pty Limited,Orange,,GSM 900 / UMTS 2100 / LTE 1800,ORANGE
Botswana,btc,,,X,X,,BTC,BOTSWANA,,,,,,,,,,,
Bougainville,PNG dataco,,,X,X,X,PNG DATACO,BOUGAINVILLE,,,,,,,,,,,
Brazil,Algar Telecom,,,X,X,X,ALGAR TELECOM,BRAZIL,724.0,32.0,72432.0,South and Central America,Brazil,BR,Algar Telecom S.A.,Algar Telecom,,GSM 900 / GSM 1800 / UMTS 2100 / LTE 700 / LTE 1800,ALGAR TELECOM
Brazil,Algar Telecom,,,X,X,X,ALGAR TELECOM,BRAZIL,724.0,33.0,72433.0,South and Central America,Brazil,BR,Algar Telecom S.A.,Algar Telecom,,GSM 900 / GSM 1800 / UMTS 2100 / LTE 700 / LTE 1800,ALGAR TELECOM
Brazil,Claro,,,X,X,X,CLARO,BRAZIL,724.0,38.0,72438.0,South and Central America,Brazil,BR,Claro,Claro,,,CLARO
Brazil,Surf,,,,,X,SURF,BRAZIL,,,,,,,,,,,
British Virgin Islands,CCT,,,X,X,X,CCT,BRITISH VIRGIN ISLANDS,,,,,,,,,,,
British Virgin Islands,Digicel,,,X,X,X,DIGICEL,BRITISH VIRGIN ISLANDS,,,,,,,,,,,
British Virgin Islands,FLOW,,,X,X,X,FLOW,BRITISH VIRGIN ISLANDS,,,,,,,,,,,
Brunei,Datastream Technology Sdn Bhd,,,X,X,X,DATASTREAM TECHNOLOGY SDN BHD,BRUNEI,,,,,,,,,,,
Brunei,Progresif Cellular Sdn Bhd,,,,X,,PROGRESIF CELLULAR SDN BHD,BRUNEI,,,,,,,,,,,
Bulgaria,Vivacom,,28403,X,X,X,VIVACOM,BULGARIA,284.0,3.0,28403.0,Europe,Bulgaria,BG,BTC,Vivacom,,GSM 900 / GSM 1800 / UMTS 900 / UMTS 2100 / LTE 900 / LTE 1800 / LTE 2100,VIVACOM
Bulgaria,Yettel,,28405,X,X,X,YETTEL,BULGARIA,,,,,,,,,,,
Burkina Faso,Telecel Faso,,,X,,,TELECEL FASO,BURKINA FASO,613.0,3.0,61303.0,Africa,Burkina Faso,BF,Telecel Faso SA,Telecel Faso,,GSM 900,TELECEL FASO
Burkina Faso,Telmob,,,X,X,,TELMOB,BURKINA FASO,613.0,1.0,61301.0,Africa,Burkina Faso,BF,Onatel,Telmob,,GSM 900 / UMTS 2100 / LTE 1800,TELMOB
Burundi,Econet Leo,,,X,X,X,ECONET LEO,BURUNDI,642.0,1.0,64201.0,Africa,Burundi,BI,Econet Wireless Burundi PLC,econet Leo,,GSM 900 / GSM 1800 / UMTS 2100 / LTE 1800,ECONET LEO
Burundi,Econet Leo,,,X,X,X,ECONET LEO,BURUNDI,642.0,82.0,64282.0,Africa,Burundi,BI,Econet Wireless Burundi PLC,econet Leo,,GSM 900 / GSM 1800 / UMTS 2100,ECONET LEO
Burundi,ONAMOB,,,X,,,ONAMOB,BURUNDI,,,,,,,,,,,
Cambodia,Cellcard,,,X,X,X,CELLCARD,CAMBODIA,456.0,18.0,45618.0,Asia and the Middle East,Cambodia,KH,The Royal Group,Cellcard,,GSM 900 / GSM 1800 / UMTS 2100,CELLCARD
Cambodia,Metfone,,,X,X,X,METFONE,CAMBODIA,456.0,9.0,45609.0,Asia and the Middle East,Cambodia,KH,Viettel,Metfone,,GSM 900 / GSM 1800,METFONE
Cambodia,Smart,,,X,X,X,SMART,CAMBODIA,456.0,2.0,45602.0,Asia and the Middle East,Cambodia,KH,Smart Axiata Co. Ltd,Smart,,GSM 900 / GSM 1800 / UMTS 2100 / LTE 1800,SMART
Cambodia,Smart,,,X,X,X,SMART,CAMBODIA,456.0,5.0,45605.0,Asia and the Middle East,Cambodia,KH,Smart Axiata Co. Ltd,Smart,,GSM 900 / GSM 1800 / UMTS 2100 / LTE 1800 / LTE 2100,SMART
Cambodia,Smart,,,X,X,X,SMART,CAMBODIA,456.0,6.0,45606.0,Asia and the Middle East,Cambodia,KH,Smart Axiata Co. Ltd,Smart,,GSM 900 / GSM 1800 / UMTS 2100 / LTE 1800 / LTE 2100,SMART
Cameroon,Camtel,,,X,,,CAMTEL,CAMEROON,624.0,3.0,62403.0,Africa,Cameroon,CM,Camtel,Camtel,,CDMA / LTE 1800,CAMTEL
Cameroon,MTN,,,X,,X,MTN,CAMEROON,,,,,,,,,,,
Cameroon,Orange,,,X,,X,ORANGE,CAMEROON,624.0,2.0,62402.0,Africa,Cameroon,CM,Orange Cameroun S.A.,Orange,,GSM 900 / UMTS 2100 / LTE 1800,ORANGE
Cameroon,YooMee,,,,,,YOOMEE,CAMEROON,,,,,,,,,,,
Canada,Bell,,,,X,X,BELL,CANADA,302.0,640.0,302640.0,North America and the Caribbean,Canada,CA,Bell Mobility,Bell,,CDMA 800 / CDMA 1900,BELL
Canada,Bell,,,,X,X,BELL,CANADA,302.0,690.0,302690.0,North America and the Caribbean,Canada,CA,Bell Mobility,Bell,,UMTS 850 / UMTS 1900,BELL
Canada,Rogers,,,X,X,X,ROGERS,CANADA,,,,,,,,,,,
Canada,SaskTel,,,,X,X,SASKTEL,CANADA,302.0,680.0,302680.0,North America and the Caribbean,Canada,CA,SaskTel Mobility,SaskTel,,TD-LTE 2600,SASKTEL
Canada,SaskTel,,,,X,X,SASKTEL,CANADA,302.0,750.0,302750.0,North America and the Caribbean,Canada,CA,SaskTel Mobility,SaskTel,,,SASKTEL
Canada,Telus,,,,X,X,TELUS,CANADA,302.0,221.0,302221.0,North America and the Caribbean,Canada,CA,Telus Mobility,Telus,,,TELUS
Canada,Telus,,,,X,X,TELUS,CANADA,302.0,222.0,302222.0,North America and the Caribbean,Canada,CA,Telus Mobility,Telus,,,TELUS
Canada,Telus,,,,X,X,TELUS,CANADA,302.0,361.0,302361.0,North America and the Caribbean,Canada,CA,Telus Mobility,Telus,,CDMA 800 / CDMA 1900,TELUS
Canada,Telus,,,,X,X,TELUS,CANADA,302.0,653.0,302653.0,North America and the Caribbean,Canada,CA,Telus Mobility,Telus,,CDMA 800 / CDMA 1900,TELUS
Canada,Telus,,,,X,X,TELUS,CANADA,302.0,657.0,302657.0,North America and the Caribbean,Canada,CA,Telus Mobility,Telus,,CDMA 800 / CDMA 1900,TELUS
Canada,Telus,,,,X,X,TELUS,CANADA,302.0,860.0,302860.0,North America and the Caribbean,Canada,CA,Telus Mobility,Telus,,,TELUS
Canada,Vidéotron,,,,X,X,VIDÉOTRON,CANADA,,,,,,,,,,,
Cape Verde,CV Móvel,,,X,X,,CV MÓVEL,CAPE VERDE,,,,,,,,,,,
Cape Verde,T-MAIS,,,X,,,T-MAIS,CAPE VERDE,,,,,,,,,,,
Cayman Islands,Digicel,,,X,X,X,DIGICEL,CAYMAN ISLANDS,,,,,,,,,,,
Cayman Islands,FLOW Cayman,,,X,X,X,FLOW CAYMAN,CAYMAN ISLANDS,,,,,,,,,,,
Central African Republic,Moov Africa,,,X,,,MOOV AFRICA,CENTRAL AFRICAN REPUBLIC,,,,,,,,,,,
Central African Republic,azur,,,X,,,AZUR,CENTRAL AFRICAN REPUBLIC,623.0,4.0,62304.0,Africa,Central African Republic,CF,Azur RCA,Azur,,GSM 900 / UMTS 2100,AZUR
Central African Republic,telecel,,,X,,,TELECEL,CENTRAL AFRICAN REPUBLIC,,,,,,,,,,,
Chad,Moov,,,X,X,X,MOOV,CHAD,,,,,,,,,,,
Chile,Claro,,,X,X,X,CLARO,CHILE,,,,,,,,,,,
Chile,Entel,,,X,X,X,ENTEL,CHILE,730.0,10.0,73010.0,South and Central America,Chile,CL,Entel Telefonía Móvil S.A.,entel,,GSM 1900 / UMTS 1900,ENTEL
Chile,GTD/Telsur Móvil,,,,,,GTD/TELSUR MÓVIL,CHILE,,,,,,,,,,,
Chile,Movistar,,,X,X,X,MOVISTAR,CHILE,730.0,7.0,73007.0,South and Central America,Chile,CL,Telefónica Móvil de Chile,movistar,,,MOVISTAR
Chile,Mundo Móvil,,,,,,MUNDO MÓVIL,CHILE,,,,,,,,,,,
Chile,VTR Móvil,,,,,,VTR MÓVIL,CHILE,730.0,8.0,73008.0,South and Central America,Chile,CL,VTR S.A.,VTR Móvil,,MVNO,VTR MÓVIL
Chile,Virgin Mobile,,,,,,VIRGIN MOBILE,CHILE,730.0,13.0,73013.0,South and Central America,Chile,CL,Tribe Mobile Chile SPA,Virgin Mobile,,MVNO,VIRGIN MOBILE
Chile,WOM,,,,X,X,WOM,CHILE,730.0,4.0,73004.0,South and Central America,Chile,CL,Novator Partners,WOM,,iDEN 800,WOM
Chile,WOM,,,,X,X,WOM,CHILE,730.0,9.0,73009.0,South and Central America,Chile,CL,Novator Partners,WOM,,UMTS 1700 / LTE 1700,WOM
China (mainland),China Broadnet,,,,,X,CHINA BROADNET,CHINA (MAINLAND),,,,,,,,,,,
China (mainland),China Mobile,,,X,,X,CHINA MOBILE,CHINA (MAINLAND),,,,,,,,,,,
China (mainland),China Telecom,,,,,X,CHINA TELECOM,CHINA (MAINLAND),,,,,,,,,,,
China (mainland),China Unicom,,,,X,X,CHINA UNICOM,CHINA (MAINLAND),,,,,,,,,,,
Colombia,ETB,,,,X,X,ETB,COLOMBIA,732.0,187.0,732187.0,South and Central America,Colombia,CO,Empresa de Telecomunicaciones de Bogotá S.A. ESP,eTb,,LTE 1700,ETB
Colombia,Flash Móvil,,,,X,X,FLASH MÓVIL,COLOMBIA,,,,,,,,,,,
Colombia,Movistar,,,,X,X,MOVISTAR,COLOMBIA,732.0,1.0,732001.0,South and Central America,Colombia,CO,Colombia Telecomunicaciones S.A. ESP,movistar,,,MOVISTAR
Colombia,Móvil Éxito,,,,X,X,MÓVIL ÉXITO,COLOMBIA,,,,,,,,,,,
Colombia,Suma Móvil,,,,X,X,SUMA MÓVIL,COLOMBIA,,,,,,,,,,,
Colombia,Tigo,,,,X,X,TIGO,COLOMBIA,732.0,103.0,732103.0,South and Central America,Colombia,CO,Colombia Móvil S.A. ESP,Tigo,,GSM 1900 / UMTS 2100 / LTE 1700 / LTE 2600,TIGO
Colombia,Tigo,,,,X,X,TIGO,COLOMBIA,732.0,20.0,732020.0,South and Central America,Colombia,CO,Une EPM Telecomunicaciones S.A. E.S.P.,Tigo,,LTE 2600,TIGO
Colombia,Virgin Mobile,,,,X,X,VIRGIN MOBILE,COLOMBIA,732.0,154.0,732154.0,South and Central America,Colombia,CO,Virgin Mobile Colombia S.A.S.,Virgin Mobile,,MVNO,VIRGIN MOBILE
Colombia,WOM,,,,X,X,WOM,COLOMBIA,,,,,,,,,,,
Comoros,Telma,,,X,,X,TELMA,COMOROS,,,,,,,,,,,
Congo,Airtel,,,X,X,X,AIRTEL,CONGO,629.0,7.0,62907.0,Africa,Congo,CG,Warid Telecom,Airtel,,GSM 900,AIRTEL
Congo,Azur,,,X,,,AZUR,CONGO,,,,,,,,,,,
Congo,MTN,,,X,X,X,MTN,CONGO,,,,,,,,,,,
Cook Islands,Vodafone,,,X,X,X,VODAFONE,COOK ISLANDS,,,,,,,,,,,
Costa Rica,Fullmóvil,,,X,X,,FULLMÓVIL,COSTA RICA,712.0,20.0,71220.0,South and Central America,Costa Rica,CR,Virtualis S.A.,fullmóvil,,MVNO,FULLMÓVIL
Costa Rica,Kölbi,,,X,X,X,KÖLBI,COSTA RICA,,,,,,,,,,,
Costa Rica,Liberty,,,X,X,X,LIBERTY,COSTA RICA,,,,,,,,,,,
Costa Rica,Tuyo Móvil,,,X,X,,TUYO MÓVIL,COSTA RICA,,,,,,,,,,,
Croatia,Hrvatski Telekom,,21901,X,,X,HRVATSKI TELEKOM,CROATIA,,,,,,,,,,,
Croatia,Telemach,,21902,X,X,X,TELEMACH,CROATIA,,,,,,,,,,,
Curaçao,Digicel,,,X,X,X,DIGICEL,CURAÇAO,,,,,,,,,,,
Curaçao,FLOW,,,X,X,X,FLOW,CURAÇAO,,,,,,,,,,,
Czech Republic,O 2,,23002,X,,X,O 2,CZECH REPUBLIC,,,,,,,,,,,
Czech Republic,Vodafone,,23003,X,,X,VODAFONE,CZECH REPUBLIC,230.0,99.0,23099.0,Europe,Czech Republic,CZ,Vodafone Czech Republic,Vodafone,,GSM 1800,VODAFONE
Democratic Republic of the Congo,Orange,,,X,X,,ORANGE,DEMOCRATIC REPUBLIC OF THE CONGO,,,,,,,,,,,
Democratic Republic of the Congo,SemaTel,,,X,,,SEMATEL,DEMOCRATIC REPUBLIC OF THE CONGO,,,,,,,,,,,
Democratic Republic of the Congo,Smile,,,,,X,SMILE,DEMOCRATIC REPUBLIC OF THE CONGO,,,,,,,,,,,
Democratic Republic of the Congo,Supercell,,,X,,,SUPERCELL,DEMOCRATIC REPUBLIC OF THE CONGO,630.0,5.0,63005.0,Africa,Democratic Republic of the Congo,CD,Supercell SPRL,Supercell,,GSM 900 / GSM 1800,SUPERCELL
Democratic Republic of the Congo,U-Com,,,,,,U-COM,DEMOCRATIC REPUBLIC OF THE CONGO,,,,,,,,,,,
Denmark,TDC,,23801,X,X,X,TDC,DENMARK,238.0,10.0,23810.0,Europe,Denmark,DK,TDC A/S,TDC,,,TDC
Denmark,Telenor,,23802,X,X,X,TELENOR,DENMARK,238.0,77.0,23877.0,Europe,Denmark,DK,Telenor Denmark,Telenor,,GSM 900 / GSM 1800,TELENOR
Denmark,Telia,,23820,X,,X,TELIA,DENMARK,238.0,96.0,23896.0,Europe,Denmark,DK,Telia Danmark,Telia,,,TELIA
Dominica,Digicel,,,X,X,X,DIGICEL,DOMINICA,366.0,20.0,366020.0,North America and the Caribbean,Dominica,DM,Digicel Group Limited,Digicel,,GSM 900 / GSM 1900 / UMTS 900 / UMTS 1800 / UMTS 1900 / LTE 700,DIGICEL
Dominican Republic,Viva,,,X,,,VIVA,DOMINICAN REPUBLIC,370.0,4.0,37004.0,North America and the Caribbean,Dominican Republic,DO,"Trilogy Dominicana, S.A.",Viva,,CDMA 1900 / GSM 1900,VIVA
Dominican Republic,altice,,,X,X,X,ALTICE,DOMINICAN REPUBLIC,370.0,1.0,37001.0,North America and the Caribbean,Dominican Republic,DO,Altice Group,Altice,,GSM 900 / GSM 1800 / GSM 1900 / UMTS 900 / LTE 1800,ALTICE
Dominican Republic,altice,,,X,X,X,ALTICE,DOMINICAN REPUBLIC,370.0,3.0,37003.0,North America and the Caribbean,Dominican Republic,DO,Altice Group,Altice,,AMPS / CDMA 850,ALTICE
Ecuador,Cnt,,,X,X,X,CNT,ECUADOR,,,,,,,,,,,
Ecuador,Tuenti,,,,,,TUENTI,ECUADOR,740.0,3.0,74003.0,South and Central America,Ecuador,EC,Otecel S.A.,Tuenti,,MVNO,TUENTI
Egypt,Vodafone Egypt,,,X,X,X,VODAFONE EGYPT,EGYPT,,,,,,,,,,,
Egypt,We,,,X,X,X,WE,EGYPT,602.0,4.0,60204.0,Africa,Egypt,EG,Telecom Egypt,WE,,LTE 1800,WE
El Salvador,RED,,,,,,RED,EL SALVADOR,706.0,5.0,70605.0,South and Central America,El Salvador,SV,"INTELFON, S.A. de C.V.",RED,,iDEN,RED
Equatorial Guinea,Gecomsa,,,,,,GECOMSA,EQUATORIAL GUINEA,,,,,,,,,,,
Equatorial Guinea,Orange,,,X,,,ORANGE,EQUATORIAL GUINEA,,,,,,,,,,,
Eritrea,Eritel,,,X,,,ERITEL,ERITREA,657.0,1.0,65701.0,Africa,Eritrea,ER,Eritrea Telecommunications Services Corporation,Eritel,,GSM 900,ERITEL
Eswatini,Eswatini Mobile,,,,,X,ESWATINI MOBILE,ESWATINI,,,,,,,,,,,
Eswatini,MTN,,,X,X,X,MTN,ESWATINI,,,,,,,,,,,
Ethiopia,Ethiotelecom,,,X,X,X,ETHIOTELECOM,ETHIOPIA,,,,,,,,,,,
Ethiopia,Safaricom Telecommunications Ethiopia,,,,,,SAFARICOM TELECOMMUNICATIONS ETHIOPIA,ETHIOPIA,,,,,,,,,,,
Falkland Islands,Sure,,,X,,,SURE,FALKLAND ISLANDS,,,,,,,,,,,
Faroe Islands,Føroya Tele,,28801,X,X,X,FØROYA TELE,FAROE ISLANDS,,,,,,,,,,,
Faroe Islands,Nema,,28802,X,X,X,NEMA,FAROE ISLANDS,,,,,,,,,,,
Faroe Islands,Tosa,,28803,X,X,X,TOSA,FAROE ISLANDS,,,,,,,,,,,
Fiji,Vodafone,,,X,X,X,VODAFONE,FIJI,542.0,1.0,54201.0,Oceania,Fiji,FJ,Vodafone Fiji,Vodafone,,GSM 900 / UMTS 2100 / LTE 1800,VODAFONE
Finland,DNA,,24403 24404 24412 24413 24436 (SYV [2] ),X,X,X,DNA,FINLAND,244.0,4.0,24404.0,Europe,Finland,FI,DNA Oy,DNA,,,DNA
Finland,DNA,,24403 24404 24412 24413 24436 (SYV [2] ),X,X,X,DNA,FINLAND,244.0,13.0,24413.0,Europe,Finland,FI,DNA Oy,DNA,,GSM 900 / GSM 1800,DNA
Finland,Elisa,,24405 24406 24421,X,X,X,ELISA,FINLAND,244.0,6.0,24406.0,Europe,Finland,FI,Elisa Oyj,Elisa,,,ELISA
France,Bouygues Telecom,,20820,X,X,X,BOUYGUES TELECOM,FRANCE,,,,,,,,,,,
France,Free Mobile,,20815,X,X,X,FREE MOBILE,FRANCE,208.0,16.0,20816.0,Europe,France,FR,Iliad,Free Mobile,,UMTS 900 / UMTS 2100 / LTE 700 / LTE 1800 / LTE 2600,FREE MOBILE
France,Orange,,20801,X,X,X,ORANGE,FRANCE,208.0,2.0,20802.0,Europe,France,FR,Orange S.A.,Orange,,GSM 900 / GSM 1800 / UMTS 900 / UMTS 2100,ORANGE
France,Orange,,20801,X,X,X,ORANGE,FRANCE,208.0,32.0,20832.0,Europe,France,FR,Orange S.A.,Orange,,,ORANGE
France,SFR,,20810,X,X,X,SFR,FRANCE,208.0,8.0,20808.0,Europe,France,FR,Altice,SFR,,MVNO,SFR
France,SFR,,20810,X,X,X,SFR,FRANCE,208.0,9.0,20809.0,Europe,France,FR,Altice,SFR,,GSM 900 / GSM 1800 / UMTS 900 / UMTS 2100 / LTE 800 / LTE 1800 / LTE 2600,SFR
France,SFR,,20810,X,X,X,SFR,FRANCE,208.0,11.0,20811.0,Europe,France,FR,Altice,SFR,,UMTS 2100,SFR
France,SFR,,20810,X,X,X,SFR,FRANCE,208.0,13.0,20813.0,Europe,France,FR,Altice,SFR,,GSM 900 / GSM 1800 / UMTS 900 / UMTS 2100,SFR
France (Saint-Pierre-et-Miquelon),Globatel,,,,,,GLOBATEL,FRANCE (SAINT-PIERRE-ET-MIQUELON),,,,,,,,,,,
France (Saint-Pierre-et-Miquelon),SPM Telecom,,30801,X,,,SPM TELECOM,FRANCE (SAINT-PIERRE-ET-MIQUELON),,,,,,,,,,,
French Polynesia,VINI,,,,X,X,VINI,FRENCH POLYNESIA,,,,,,,,,,,
French Polynesia,VITI,,,,,X,VITI,FRENCH POLYNESIA,,,,,,,,,,,
French Polynesia,Vodafone,,,,,X,VODAFONE,FRENCH POLYNESIA,,,,,,,,,,,
Gabon,Moov Africa Gabon Telecom,,,X,,,MOOV AFRICA GABON TELECOM,GABON,,,,,,,,,,,
Gambia,Comium,,,X,,,COMIUM,GAMBIA,607.0,3.0,60703.0,Africa,Gambia,GM,Comium,Comium,,GSM 900 / GSM 1800,COMIUM
Gambia,Gamcel,,,X,,,GAMCEL,GAMBIA,607.0,1.0,60701.0,Africa,Gambia,GM,Gamcel,Gamcel,,GSM 900 / GSM 1800 / UMTS 2100,GAMCEL
Georgia,A-Mobile,,28988 (MCC is not listed by ITU),X,X,X,A-MOBILE,GEORGIA,,,,,,,,,,,
Georgia,Aquafon,,28967 (MCC is not listed by ITU),X,X,X,AQUAFON,GEORGIA,,,,,,,,,,,
Georgia,Cellfie,,28204,X,X,X,CELLFIE,GEORGIA,,,,,,,,,,,
Georgia,Magticom,,28202,X,X,X,MAGTICOM,GEORGIA,,,,,,,,,,,
Georgia,MegaFon,,25002,X,X,X,MEGAFON,GEORGIA,,,,,,,,,,,
Georgia,Silknet,,28201,X,X,X,SILKNET,GEORGIA,,,,,,,,,,,
Georgia,,,,,,,,GEORGIA,282.0,13.0,28213.0,Europe,Georgia,GE,Asanet Ltd,,,,
Georgia,,,,,,,,GEORGIA,282.0,12.0,28212.0,Europe,Georgia,GE,Datacomm Ltd,,,,
Georgia,,,,,,,,GEORGIA,282.0,9.0,28209.0,Europe,Georgia,GE,Gmobile,,,,
Georgia,,,,,,,,GEORGIA,282.0,6.0,28206.0,Europe,Georgia,GE,JSC Compatel,,,,
Georgia,,,,,,,,GEORGIA,282.0,11.0,28211.0,Europe,Georgia,GE,Mobilive,,,,
Georgia,,,,,,,,GEORGIA,282.0,10.0,28210.0,Europe,Georgia,GE,Premium Net International SRL,,,,
Georgia,,,,,,,,GEORGIA,282.0,13.0,28213.0,Europe,Georgia,GE,Asanet Ltd,,,,
Georgia,,,,,,,,GEORGIA,282.0,12.0,28212.0,Europe,Georgia,GE,Datacomm Ltd,,,,
Georgia,,,,,,,,GEORGIA,282.0,9.0,28209.0,Europe,Georgia,GE,Gmobile,,,,
Georgia,,,,,,,,GEORGIA,282.0,6.0,28206.0,Europe,Georgia,GE,JSC Compatel,,,,
Georgia,,,,,,,,GEORGIA,282.0,11.0,28211.0,Europe,Georgia,GE,Mobilive,,,,
Georgia,,,,,,,,GEORGIA,282.0,10.0,28210.0,Europe,Georgia,GE,Premium Net International SRL,,,,
Germany,1&1,,26223,,,X,1&1,GERMANY,,,,,,,,,,,
Germany,O 2,,26203,X,,X,O 2,GERMANY,,,,,,,,,,,
Germany,Telekom,,26201,X,,X,TELEKOM,GERMANY,262.0,6.0,26206.0,Europe,Germany,DE,Telekom Deutschland GmbH,Telekom,,GSM 900 / GSM 1800 / UMTS 2100 / LTE 800 / LTE 900 / LTE 1800 / LTE 2600,TELEKOM
Germany,Telekom,,26201,X,,X,TELEKOM,GERMANY,262.0,78.0,26278.0,Europe,Germany,DE,Telekom Deutschland GmbH,Telekom,,,TELEKOM
Germany,Vodafone Germany,,26202,X,,X,VODAFONE GERMANY,GERMANY,,,,,,,,,,,
Ghana,Glo,,,X,X,,GLO,GHANA,,,,,,,,,,,
Ghana,Vodafone Ghana,,,X,X,X,VODAFONE GHANA,GHANA,,,,,,,,,,,
Gibraltar,Gibtelecom,,26601,X,X,X,GIBTELECOM,GIBRALTAR,,,,,,,,,,,
Greece,COSMOTE,,"20201, 20202",X,,X,COSMOTE,GREECE,202.0,2.0,20202.0,Europe,Greece,GR,COSMOTE - Mobile Telecommunications S.A.,Cosmote,,GSM 900 / GSM 1800 / UMTS 2100 / LTE 800 / LTE 1800 / LTE 2600,COSMOTE
Greece,NOVA,,"20209 (Q-TELECOM), 20210 (NOVA)",X,,X,NOVA,GREECE,,,,,,,,,,,
Greenland,tusass,,29001,X,X,X,TUSASS,GREENLAND,,,,,,,,,,,
Grenada,Digicel,,,X,X,X,DIGICEL,GRENADA,352.0,30.0,352030.0,North America and the Caribbean,Grenada,GD,Digicel Grenada Ltd.,Digicel,,GSM 900 / GSM 1800 / UMTS 2100 / LTE,DIGICEL
"Guadeloupe, Martinique and French Guiana (Guyane)",Digicel,,,X,X,X,DIGICEL,"GUADELOUPE, MARTINIQUE AND FRENCH GUIANA (GUYANE)",,,,,,,,,,,
"Guadeloupe, Martinique and French Guiana (Guyane)",IEC Telecom,,,X,X,X,IEC TELECOM,"GUADELOUPE, MARTINIQUE AND FRENCH GUIANA (GUYANE)",,,,,,,,,,,
"Guadeloupe, Martinique and French Guiana (Guyane)",Orange Caraïbe,,,X,X,X,ORANGE CARAÏBE,"GUADELOUPE, MARTINIQUE AND FRENCH GUIANA (GUYANE)",,,,,,,,,,,
"Guadeloupe, Martinique and French Guiana (Guyane)",Outremer Telecom,,,X,X,X,OUTREMER TELECOM,"GUADELOUPE, MARTINIQUE AND FRENCH GUIANA (GUYANE)",,,,,,,,,,,
"Guadeloupe, Martinique and French Guiana (Guyane)",SFR Caraïbe,,,X,X,X,SFR CARAÏBE,"GUADELOUPE, MARTINIQUE AND FRENCH GUIANA (GUYANE)",,,,,,,,,,,
Guam,Docomo Pacific,,,X,X,X,DOCOMO PACIFIC,GUAM,,,,,,,,,,,
Guam,GTA,,,X,X,X,GTA,GUAM,,,,,,,,,,,
Guam,IT&E and Iconnect,,,,X,X,IT&E AND ICONNECT,GUAM,,,,,,,,,,,
Guatemala,Tigo,,,X,X,X,TIGO,GUATEMALA,704.0,2.0,70402.0,South and Central America,Guatemala,GT,Millicom / Local partners,Tigo,,TDMA 800 / GSM 850 / UMTS 850 / LTE 850,TIGO
Guernsey,Airtel-Vodafone,,23403,X,X,X,AIRTEL-VODAFONE,GUERNSEY,,,,,,,,,,,
Guernsey,JT,,23450,X,X,X,JT,GUERNSEY,,,,,,,,,,,
Guernsey,Sure,,23455,X,X,X,SURE,GUERNSEY,,,,,,,,,,,
Guinea,Cellcom Guinée,,,X,X,,CELLCOM GUINÉE,GUINEA,,,,,,,,,,,
Guinea,Intercel,,,X,,,INTERCEL,GUINEA,,,,,,,,,,,
Guinea,Sotelgui,,,X,,,SOTELGUI,GUINEA,611.0,2.0,61102.0,Africa,Guinea,GN,Sotelgui Lagui,Sotelgui,,GSM 900,SOTELGUI
Guinea-Bissau,Guinetel,,,X,,,GUINETEL,GUINEA-BISSAU,632.0,1.0,63201.0,Africa,Guinea-Bissau,GW,Guinétel S.A.,Guinetel,,GSM 900 / GSM 1800,GUINETEL
Guinea-Bissau,Guinetel,,,X,,,GUINETEL,GUINEA-BISSAU,632.0,7.0,63207.0,Africa,Guinea-Bissau,GW,Guinétel S.A.,Guinetel,,GSM 900 / GSM 1800,GUINETEL
Guinea-Bissau,MTN,,,X,X,X,MTN,GUINEA-BISSAU,,,,,,,,,,,
Guinea-Bissau,Orange,,,X,,X,ORANGE,GUINEA-BISSAU,632.0,3.0,63203.0,Africa,Guinea-Bissau,GW,,Orange,,GSM 900 / GSM 1800 / UMTS 2100 / LTE,ORANGE
Guyana,gtt,,,X,,,GTT,GUYANA,,,,,,,,,,,
Haiti,Digicel,,,X,X,,DIGICEL,HAITI,372.0,2.0,37202.0,North America and the Caribbean,Haiti,HT,Unigestion Holding S.A.,Digicel,,GSM 1800,DIGICEL
Honduras,HONDUTEL,,,X,,,HONDUTEL,HONDURAS,708.0,30.0,708030.0,South and Central America,Honduras,HN,Empresa Hondureña de Telecomunicaciones,Hondutel,,GSM 1900 / UMTS 1900,HONDUTEL
Honduras,Tigo,,,X,X,X,TIGO,HONDURAS,708.0,2.0,708002.0,South and Central America,Honduras,HN,Celtel,Tigo,,CDMA 850 / GSM 850 / UMTS 850 / LTE 1700,TIGO
Hong Kong,CMHK,,,X,X,X,CMHK,HONG KONG,,,,,,,,,,,
Hong Kong,csl,,,X,X,X,CSL,HONG KONG,,,,,,,,,,,
Hungary,Magyar Telekom,,21630,X,,X,MAGYAR TELEKOM,HUNGARY,,,,,,,,,,,
Hungary,One,,21670,X,,X,ONE,HUNGARY,,,,,,,,,,,
Hungary,Yettel,,21601,X,,X,YETTEL,HUNGARY,,,,,,,,,,,
Iceland,Síminn,,27401,X,X,X,SÍMINN,ICELAND,274.0,31.0,27431.0,Europe,Iceland,IS,Iceland Telecom,Síminn,,,SÍMINN
Iceland,Vodafone,,27402,X,X,X,VODAFONE,ICELAND,274.0,3.0,27403.0,Europe,Iceland,IS,Og fjarskipti hf,Vodafone,,,VODAFONE
India,Airtel,,,X,,X,AIRTEL,INDIA,405.0,55.0,40555.0,Asia and the Middle East,India,IN,Jammu & Kashmir,Airtel,,GSM 900 / UTMS 2100,AIRTEL
India,BSNL,,,X,,X,BSNL,INDIA,,,,,,,,,,,
India,Jio,,,,,X,JIO,INDIA,405.0,860.0,405860.0,Asia and the Middle East,India,IN,Jammu & Kashmir,Jio,,LTE 850 / LTE 1800 / TD-LTE 2300,JIO
India,MTNL,,,X,X,,MTNL,INDIA,,,,,,,,,,,
India,Vi,,,X,,X,VI,INDIA,,,,,,,,,,,
Indonesia,Indosat Ooredoo Hutchison,,"51001, 51021 and 51089",X,,X,INDOSAT OOREDOO HUTCHISON,INDONESIA,,,,,,,,,,,
Indonesia,XLSmart,,"51009, 51011 and 51028",X,,X,XLSMART,INDONESIA,,,,,,,,,,,
Iran,Hamrahe Aval,,,X,,X,HAMRAHE AVAL,IRAN,,,,,,,,,,,
Iran,Irancell,,,X,,X,IRANCELL,IRAN,,,,,,,,,,,
Iran,RighTel,,,,,X,RIGHTEL,IRAN,432.0,21.0,43221.0,Asia and the Middle East,Iran,IR,Social Security Investment Co.,Rightel,,UMTS 900 / UMTS 2100 / LTE 1800,RIGHTEL
Iraq,Asia Cell,,,X,,,ASIA CELL,IRAQ,418.0,0.0,41800.0,Asia and the Middle East,Iraq,IQ,Asia Cell Telecommunications Company,Asia Cell,,GSM 900,ASIA CELL
Iraq,Itisaluna,,,,,,ITISALUNA,IRAQ,418.0,62.0,41862.0,Asia and the Middle East,Iraq,IQ,Itisaluna Wireless CO.,Itisaluna,,CDMA 800 / CDMA 1900,ITISALUNA
Iraq,Korek,,,X,,,KOREK,IRAQ,418.0,40.0,41840.0,Asia and the Middle East,Iraq,IQ,Telecom Ltd,Korek,,GSM 900,KOREK
Iraq,Omnnea,,,,,,OMNNEA,IRAQ,418.0,92.0,41892.0,Asia and the Middle East,Iraq,IQ,Omnnea Wireless,Omnnea,,CDMA,OMNNEA
Iraq,Zain,,,X,,X,ZAIN,IRAQ,418.0,20.0,41820.0,Asia and the Middle East,Iraq,IQ,Zain Iraq,Zain,,GSM 900 / GSM 1800,ZAIN
Iraq,Zain,,,X,,X,ZAIN,IRAQ,418.0,30.0,41830.0,Asia and the Middle East,Iraq,IQ,Zain Iraq,Zain,,GSM 900,ZAIN
Ireland,Three,,"27205 (Three), 27202 (O 2 )",X,X,X,THREE,IRELAND,,,,,,,,,,,
Ireland,eir,,27203,X,X,X,EIR,IRELAND,272.0,7.0,27207.0,Europe,Ireland,IE,Eir Group plc,Eir,,GSM 900 / GSM 1800 / UMTS 2100,EIR
Ireland,eir,,27203,X,X,X,EIR,IRELAND,272.0,8.0,27208.0,Europe,Ireland,IE,Eir Group plc,Eir,,,EIR
Isle of Man,Manx Telecom,,23458,X,X,X,MANX TELECOM,ISLE OF MAN,,,,,,,,,,,
Isle of Man,Sure,,23436,X,X,X,SURE,ISLE OF MAN,,,,,,,,,,,
Italy,Fastweb,,22208,,,X,FASTWEB,ITALY,222.0,8.0,22208.0,Europe,Italy,IT,Fastweb S.p.A.,Fastweb,,MVNO,FASTWEB
Italy,TIM,,22201,X,,X,TIM,ITALY,222.0,43.0,22243.0,Europe,Italy,IT,Telecom Italia S.p.A.,TIM,,5G 3500,TIM
Italy,TIM,,22201,X,,X,TIM,ITALY,222.0,48.0,22248.0,Europe,Italy,IT,Telecom Italia S.p.A.,TIM,,,TIM
Italy,Vodafone Italy,,22210,X,,X,VODAFONE ITALY,ITALY,,,,,,,,,,,
Italy,Wind Tre,,22288 and 22299,X,X,X,WIND TRE,ITALY,,,,,,,,,,,
Ivory Coast,GreenN,,,X,,,GREENN,IVORY COAST,612.0,6.0,61206.0,Africa,Ivory Coast,CI,Oricel,GreenN,,GSM 1800,GREENN
Ivory Coast,Koz,,,X,,,KOZ,IVORY COAST,612.0,4.0,61204.0,Africa,Ivory Coast,CI,Comium Ivory Coast Inc,KoZ,,GSM 900 / GSM 1800,KOZ
Ivory Coast,Mobile Cafe,,,X,,,MOBILE CAFE,IVORY COAST,,,,,,,,,,,
Ivory Coast,Orange,,,X,X,X,ORANGE,IVORY COAST,612.0,3.0,61203.0,Africa,Ivory Coast,CI,Orange,Orange,,GSM 900 / UMTS 2100 / LTE 1800,ORANGE
Ivory Coast,Warid,,,X,,,WARID,IVORY COAST,,,,,,,,,,,
Ivory Coast,YooMee,,,,,X,YOOMEE,IVORY COAST,,,,,,,,,,,
Jamaica,FLOW,,,,X,X,FLOW,JAMAICA,338.0,110.0,338110.0,North America and the Caribbean,Jamaica,JM,Cable & Wireless Communications,FLOW,,,FLOW
Jamaica,FLOW,,,,X,X,FLOW,JAMAICA,338.0,20.0,338020.0,North America and the Caribbean,Jamaica,JM,LIME (Cable & Wireless),FLOW,,,FLOW
Japan,Disney Mobile,,,,X,X,DISNEY MOBILE,JAPAN,,,,,,,,,,,
Japan,IIJmio,,,,,,IIJMIO,JAPAN,440.0,3.0,44003.0,Asia and the Middle East,Japan,JP,Internet Initiative Japan Inc.,IIJmio,,MVNO,IIJMIO
Japan,Rakuten Mobile,,,,,X,RAKUTEN MOBILE,JAPAN,,,,,,,,,,,
Japan,SoftBank Corp. & Ymobile,,,,,X,SOFTBANK CORP. & YMOBILE,JAPAN,,,,,,,,,,,
Japan,au,,,,,X,AU,JAPAN,440.0,50.0,44050.0,Asia and the Middle East,Japan,JP,KDDI Corporation,au,,CDMA2000 850 / CDMA2000 2100 / LTE 700 / LTE 850 / LTE 1500 / LTE 2100 / TD-LTE 3500,AU
Japan,au,,,,,X,AU,JAPAN,440.0,52.0,44052.0,Asia and the Middle East,Japan,JP,KDDI Corporation,au,,CDMA2000 850 / CDMA2000 2100 / LTE 700 / LTE 850 / LTE 1500 / LTE 2100 / TD-LTE 3500,AU
Japan,au,,,,,X,AU,JAPAN,440.0,53.0,44053.0,Asia and the Middle East,Japan,JP,KDDI Corporation,au,,CDMA2000 850 / CDMA2000 2100 / LTE 700 / LTE 850 / LTE 1500 / LTE 2100 / TD-LTE 3500,AU
Japan,au,,,,,X,AU,JAPAN,440.0,54.0,44054.0,Asia and the Middle East,Japan,JP,KDDI Corporation,au,,CDMA2000 850 / CDMA2000 2100 / LTE 700 / LTE 850 / LTE 1500 / LTE 2100 / TD-LTE 3500,AU
Japan,au,,,,,X,AU,JAPAN,440.0,70.0,44070.0,Asia and the Middle East,Japan,JP,KDDI Corporation,au,,CDMA2000 850 / CDMA2000 2100 / LTE 700 / LTE 850 / LTE 1500 / LTE 2100 / TD-LTE 3500,AU
Japan,au,,,,,X,AU,JAPAN,440.0,71.0,44071.0,Asia and the Middle East,Japan,JP,KDDI Corporation,au,,CDMA2000 850 / CDMA2000 2100 / LTE 700 / LTE 850 / LTE 1500 / LTE 2100 / TD-LTE 3500,AU
Japan,au,,,,,X,AU,JAPAN,440.0,72.0,44072.0,Asia and the Middle East,Japan,JP,KDDI Corporation,au,,CDMA2000 850 / CDMA2000 2100 / LTE 700 / LTE 850 / LTE 1500 / LTE 2100 / TD-LTE 3500,AU
Japan,au,,,,,X,AU,JAPAN,440.0,73.0,44073.0,Asia and the Middle East,Japan,JP,KDDI Corporation,au,,CDMA2000 850 / CDMA2000 2100 / LTE 700 / LTE 850 / LTE 1500 / LTE 2100 / TD-LTE 3500,AU
Japan,au,,,,,X,AU,JAPAN,440.0,74.0,44074.0,Asia and the Middle East,Japan,JP,KDDI Corporation,au,,CDMA2000 850 / CDMA2000 2100 / LTE 700 / LTE 850 / LTE 1500 / LTE 2100 / TD-LTE 3500,AU
Japan,au,,,,,X,AU,JAPAN,440.0,75.0,44075.0,Asia and the Middle East,Japan,JP,KDDI Corporation,au,,CDMA2000 850 / CDMA2000 2100 / LTE 700 / LTE 850 / LTE 1500 / LTE 2100 / TD-LTE 3500,AU
Japan,au,,,,,X,AU,JAPAN,440.0,76.0,44076.0,Asia and the Middle East,Japan,JP,KDDI Corporation,au,,CDMA2000 850 / CDMA2000 2100 / LTE 700 / LTE 850 / LTE 1500 / LTE 2100 / TD-LTE 3500,AU
Japan,au,,,,,X,AU,JAPAN,440.0,78.0,44078.0,Asia and the Middle East,Japan,JP,Okinawa Cellular Telephone,au,,CDMA2000 850 / CDMA2000 2100,AU
Japan,b-mobile,,,,X,X,B-MOBILE,JAPAN,,,,,,,,,,,
Jersey,Airtel-Vodafone,,23403,X,X,X,AIRTEL-VODAFONE,JERSEY,,,,,,,,,,,
Jersey,JT,,23450,X,X,X,JT,JERSEY,,,,,,,,,,,
Jersey,Sure,,23455,X,X,X,SURE,JERSEY,,,,,,,,,,,
Jordan,Orange Jordan,,,X,X,X,ORANGE JORDAN,JORDAN,,,,,,,,,,,
Jordan,Zain Jordan,,,X,X,X,ZAIN JORDAN,JORDAN,,,,,,,,,,,
Kazakhstan,Forte Mobile,,,X,X,X,FORTE MOBILE,KAZAKHSTAN,,,,,,,,,,,
Kazakhstan,Tele2 Kazakhstan,,40177,X,X,X,TELE2 KAZAKHSTAN,KAZAKHSTAN,,,,,,,,,,,
Kenya,Airtel Kenya,,,X,X,X,AIRTEL KENYA,KENYA,,,,,,,,,,,
Kenya,Jamii Telecommunications,,,,,X,JAMII TELECOMMUNICATIONS,KENYA,,,,,,,,,,,
Kenya,Safaricom,,,X,X,X,SAFARICOM,KENYA,639.0,1.0,63901.0,Africa,Kenya,KE,Safaricom Limited,Safaricom,,,SAFARICOM
Kenya,Telkom Kenya,,,X,X,X,TELKOM KENYA,KENYA,,,,,,,,,,,
Kosovo,Vala,,22101,X,X,X,VALA,KOSOVO,221.0,1.0,22101.0,Europe,Kosovo,XK,Telecom of Kosovo J.S.C.,Vala,,GSM 900 / GSM 1800 / UMTS 900 / LTE 1800,VALA
Kuwait,Ooredoo,,,X,X,X,OOREDOO,KUWAIT,,,,,,,,,,,
Kuwait,Saudi Telecom Company,,,X,X,X,SAUDI TELECOM COMPANY,KUWAIT,,,,,,,,,,,
Kuwait,Zain,,,X,X,X,ZAIN,KUWAIT,,,,,,,,,,,
Kyrgyzstan,Fonex,,43703,,,,FONEX,KYRGYZSTAN,,,,,,,,,,,
Kyrgyzstan,Katel,,,,,,KATEL,KYRGYZSTAN,,,,,,,,,,,
Kyrgyzstan,MegaCom,,43705,X,X,X,MEGACOM,KYRGYZSTAN,437.0,5.0,43705.0,Asia and the Middle East,Kyrgyzstan,KG,Alfa Telecom CJSC,MegaCom,,GSM 900 / GSM 1800 / UMTS 900 / UMTS 2100 / LTE 800 / LTE 1800 / LTE 2100,MEGACOM
Kyrgyzstan,Nexi,,,,,,NEXI,KYRGYZSTAN,,,,,,,,,,,
Kyrgyzstan,O!,,43709,X,X,X,O!,KYRGYZSTAN,437.0,9.0,43709.0,Asia and the Middle East,Kyrgyzstan,KG,NurTelecom LLC,O!,,GSM 900 / GSM 1800 / UMTS 2100 / LTE 800 / LTE 2600,O!
Kyrgyzstan,Saima Telecom,,43710,,,,SAIMA TELECOM,KYRGYZSTAN,,,,,,,,,,,
Kyrgyzstan,Sapat Mobile,,,,,,SAPAT MOBILE,KYRGYZSTAN,,,,,,,,,,,
Kyrgyzstan,iTel,,43711,,,,ITEL,KYRGYZSTAN,,,,,,,,,,,
Laos,Lao Telecom,,,X,X,X,LAO TELECOM,LAOS,,,,,,,,,,,
Laos,TPLUS,,,X,X,,TPLUS,LAOS,,,,,,,,,,,
Latvia,Bitė,,24705,X,X,X,BITĖ,LATVIA,,,,,,,,,,,
Latvia,Triatel,,24703,,,,TRIATEL,LATVIA,247.0,3.0,24703.0,Europe,Latvia,LV,Telekom Baltija,TRIATEL,,CDMA 450,TRIATEL
Latvia,Xomobile,,24709,,,,XOMOBILE,LATVIA,247.0,9.0,24709.0,Europe,Latvia,LV,Camel Mobile,Xomobile,,MVNO,XOMOBILE
Lesotho,Econet Telecom Lesotho,,,X,X,,ECONET TELECOM LESOTHO,LESOTHO,,,,,,,,,,,
Lesotho,Vodacom,,,X,X,X,VODACOM,LESOTHO,651.0,10.0,65110.0,Africa,Lesotho,LS,Vodacom Lesotho (Pty) Ltd,Vodacom,,,VODACOM
Liberia,LTC Mobile,,,,,,LTC MOBILE,LIBERIA,,,,,,,,,,,
Liberia,Lonestar Cell MTN,,,X,,,LONESTAR CELL MTN,LIBERIA,618.0,1.0,61801.0,Africa,Liberia,LR,Lonestar Communications Corporation,Lonestar Cell MTN,,GSM 900 / GSM 1800 / UMTS 2100,LONESTAR CELL MTN
Liberia,Novafone,,,X,X,,NOVAFONE,LIBERIA,618.0,4.0,61804.0,Africa,Liberia,LR,Novafone Inc.,Novafone,,GSM 900 / GSM 1800 / UMTS 2100,NOVAFONE
Liberia,Orange,,,X,X,X,ORANGE,LIBERIA,,,,,,,,,,,
Libya,Almadar Aljadid,,,X,X,X,ALMADAR ALJADID,LIBYA,,,,,,,,,,,
Libya,Libyana,,,X,X,X,LIBYANA,LIBYA,606.0,0.0,60600.0,Africa,Libya,LY,Libyana,Libyana,,GSM 900 / GSM 1800 / UMTS 2100 / LTE 1800,LIBYANA
Liechtenstein,Swisscom FL,,29501,X,X,X,SWISSCOM FL,LIECHTENSTEIN,,,,,,,,,,,
Lithuania,Telia Lietuva,,24601,X,,X,TELIA LIETUVA,LITHUANIA,,,,,,,,,,,
Luxembourg,Luxembourg Online,,27005,,X,,LUXEMBOURG ONLINE,LUXEMBOURG,,,,,,,,,,,
Macau,3 Macau,,,,X,X,3 MACAU,MACAU,,,,,,,,,,,
Macau,CTM,,,,X,X,CTM,MACAU,,,,,,,,,,,
Macau,China Telecom,,,,,X,CHINA TELECOM,MACAU,,,,,,,,,,,
Madagascar,Blueline,,,,,X,BLUELINE,MADAGASCAR,,,,,,,,,,,
Madagascar,Orange,,,X,,X,ORANGE,MADAGASCAR,646.0,2.0,64602.0,Africa,Madagascar,MG,Orange Madagascar S.A.,Orange,,GSM 900 / UMTS 2100 / LTE 1800,ORANGE
Madagascar,Telma Mobile,,,X,X,X,TELMA MOBILE,MADAGASCAR,,,,,,,,,,,
Malawi,Access,,,X,,X,ACCESS,MALAWI,650.0,2.0,65002.0,Africa,Malawi,MW,Access Communications Ltd,Access,,CDMA / LTE 850,ACCESS
Malawi,G-Expresso,,,X,,,G-EXPRESSO,MALAWI,,,,,,,,,,,
Malawi,G-Mobile,,,X,,,G-MOBILE,MALAWI,,,,,,,,,,,
Malawi,Lacell,,,X,,,LACELL,MALAWI,,,,,,,,,,,
Malawi,MTL,,,,,X,MTL,MALAWI,,,,,,,,,,,
Maldives,Ooredoo Maldives,,,X,X,X,OOREDOO MALDIVES,MALDIVES,,,,,,,,,,,
Mali,Moov Africa Malitel,,,X,X,,MOOV AFRICA MALITEL,MALI,,,,,,,,,,,
Mali,Planor,,,X,,,PLANOR,MALI,,,,,,,,,,,
Malta,Epic,,27801,X,X,X,EPIC,MALTA,,,,,,,,,,,
Malta,GO,,27821,X,X,X,GO,MALTA,278.0,30.0,27830.0,Europe,Malta,MT,Mobile Communications Limited,GO,,,GO
Malta,Melita,,27877,,X,X,MELITA,MALTA,278.0,77.0,27877.0,Europe,Malta,MT,Melita,Melita,,UMTS 900 / UMTS 2100 / LTE 800 / LTE 2100,MELITA
Marshall Islands,NTA,,,X,X,X,NTA,MARSHALL ISLANDS,,,,,,,,,,,
Mauritania,Chinguitel,,,X,X,,CHINGUITEL,MAURITANIA,609.0,2.0,60902.0,Africa,Mauritania,MR,Chinguitel,Chinguitel,,GSM 900 / GSM 1800 / UMTS 2100,CHINGUITEL
Mauritania,Moov Mauritel,,,X,X,X,MOOV MAURITEL,MAURITANIA,,,,,,,,,,,
Mauritius,Mauritius Telecom,,,X,X,X,MAURITIUS TELECOM,MAURITIUS,,,,,,,,,,,
Mexico,AT&T Mexico,,,,X,X,AT&T MEXICO,MEXICO,,,,,,,,,,,
Mexico,Cierto,,,X,X,,CIERTO,MEXICO,,,,,,,,,,,
Mexico,Flash Mobile,,,X,X,X,FLASH MOBILE,MEXICO,,,,,,,,,,,
Mexico,Maz Tiempo,,,X,X,,MAZ TIEMPO,MEXICO,,,,,,,,,,,
Mexico,Oui Móvil,,,X,X,X,OUI MÓVIL,MEXICO,,,,,,,,,,,
Mexico,QBO Cel,,,X,X,,QBO CEL,MEXICO,,,,,,,,,,,
Mexico,Red Compartida,,,,,X,RED COMPARTIDA,MEXICO,,,,,,,,,,,
Mexico,Virgin Mobile,,,X,X,X,VIRGIN MOBILE,MEXICO,,,,,,,,,,,
Mexico,weex,,,X,X,X,WEEX,MEXICO,,,,,,,,,,,
"Micronesia, Federated States of",FSM Telecom,,,X,X,,FSM TELECOM,"MICRONESIA, FEDERATED STATES OF",,,,,,,,,,,
Moldova,Interdnestrcom operating in Transnistria region only,,25906,,,X,INTERDNESTRCOM OPERATING IN TRANSNISTRIA REGION ONLY,MOLDOVA,,,,,,,,,,,
Moldova,Moldtelecom,,"25903,25905,25999",,X,X,MOLDTELECOM,MOLDOVA,,,,,,,,,,,
Monaco,Monaco Telecom,,21210,X,X,X,MONACO TELECOM,MONACO,,,,,,,,,,,
Mongolia,G-Mobile,,,,X,,G-MOBILE,MONGOLIA,428.0,98.0,42898.0,Asia and the Middle East,Mongolia,MN,G-Mobile LLC,G-Mobile,,CDMA2000 450 / UMTS 2100,G-MOBILE
Mongolia,Skytel,,,,X,,SKYTEL,MONGOLIA,428.0,91.0,42891.0,Asia and the Middle East,Mongolia,MN,Skytel LLC,Skytel,,CDMA2000 800 / UMTS 2100,SKYTEL
Montenegro,Crnogorski Telekom,,29702,X,,X,CRNOGORSKI TELEKOM,MONTENEGRO,,,,,,,,,,,
Montenegro,One Montenegro,,29701,X,X,X,ONE MONTENEGRO,MONTENEGRO,,,,,,,,,,,
Montenegro,m:tel,,29703,X,X,X,M:TEL,MONTENEGRO,,,,,,,,,,,
Montserrat,Digicel,,,X,X,X,DIGICEL,MONTSERRAT,,,,,,,,,,,
Montserrat,FLOW,,,X,X,,FLOW,MONTSERRAT,,,,,,,,,,,
Morocco,Maroc Telecom,,,X,X,X,MAROC TELECOM,MOROCCO,,,,,,,,,,,
Morocco,inwi,,,X,X,X,INWI,MOROCCO,604.0,5.0,60405.0,Africa,Morocco,MA,Wana Corporate,INWI,,GSM 900 / GSM 1800 / UMTS 2100 / LTE 800 / LTE 1800 / LTE 2600,INWI
Mozambique,Tmcel,,,X,X,,TMCEL,MOZAMBIQUE,,,,,,,,,,,
Myanmar,ATOM,,,X,X,X,ATOM,MYANMAR,,,,,,,,,,,
Myanmar,MPT,,,X,X,X,MPT,MYANMAR,414.0,0.0,41400.0,Asia and the Middle East,Myanmar,MM,Myanmar Posts and Telecommunications,MPT,,,MPT
Myanmar,MPT,,,X,X,X,MPT,MYANMAR,414.0,2.0,41402.0,Asia and the Middle East,Myanmar,MM,Myanmar Posts and Telecommunications,MPT,,,MPT
Myanmar,MPT,,,X,X,X,MPT,MYANMAR,414.0,4.0,41404.0,Asia and the Middle East,Myanmar,MM,Myanmar Posts and Telecommunications,MPT,,,MPT
Myanmar,Mytel,,,X,,X,MYTEL,MYANMAR,414.0,9.0,41409.0,Asia and the Middle East,Myanmar,MM,"Myanmar National Tele & Communication Co., Ltd",Mytel,,GSM 900 / UMTS 900 / UMTS 2100 / LTE 900 / LTE 2100,MYTEL
Nauru,Digicel,,,X,X,X,DIGICEL,NAURU,536.0,2.0,53602.0,Oceania,Nauru,NR,Digicel (Nauru) Corporation,Digicel,,GSM 900 / GSM 1800 / UMTS 2100 / LTE 1800,DIGICEL
Nepal,Nepal Telecom,,,X,X,X,NEPAL TELECOM,NEPAL,,,,,,,,,,,
Nepal,SmartCell,,,X,,X,SMARTCELL,NEPAL,429.0,4.0,42904.0,Asia and the Middle East,Nepal,NP,Smart Telecom Pvt. Ltd. (STPL),SmartCell,,GSM 900 / LTE 1800,SMARTCELL
Netherlands,KPN,,20408,X,,X,KPN,NETHERLANDS,204.0,10.0,20410.0,Europe,Netherlands,NL,KPN B.V.,KPN,,GSM 900 / GSM 1800 / UMTS 2100 / LTE 800 / LTE 1800 / LTE 2600,KPN
New Caledonia,Mobilis,,,X,X,X,MOBILIS,NEW CALEDONIA,,,,,,,,,,,
New Zealand,Compass Mobile,,,,X,X,COMPASS MOBILE,NEW ZEALAND,,,,,,,,,,,
New Zealand,Contact Mobile,,,X,X,X,CONTACT MOBILE,NEW ZEALAND,,,,,,,,,,,
New Zealand,Kiwi Mobile,,,,X,X,KIWI MOBILE,NEW ZEALAND,,,,,,,,,,,
New Zealand,Kogan Mobile,,,X,X,X,KOGAN MOBILE,NEW ZEALAND,,,,,,,,,,,
New Zealand,Mighty Mobile,,,X,X,X,MIGHTY MOBILE,NEW ZEALAND,,,,,,,,,,,
New Zealand,One NZ,,,X,X,X,ONE NZ,NEW ZEALAND,,,,,,,,,,,
New Zealand,Rocket Mobile,,,X,X,X,ROCKET MOBILE,NEW ZEALAND,,,,,,,,,,,
New Zealand,Skinny,,,,X,X,SKINNY,NEW ZEALAND,530.0,6.0,53006.0,Oceania,New Zealand,NZ,Spark New Zealand,Skinny,,MVNO,SKINNY
New Zealand,Slingshot Mobile,,,,X,X,SLINGSHOT MOBILE,NEW ZEALAND,,,,,,,,,,,
New Zealand,Warehouse Mobile,,,,X,X,WAREHOUSE MOBILE,NEW ZEALAND,,,,,,,,,,,
Nicaragua,Tigo,,,X,X,X,TIGO,NICARAGUA,,,,,,,,,,,
Niger,Moov Africa Niger,,,X,,,MOOV AFRICA NIGER,NIGER,,,,,,,,,,,
Niger,Niger Telecoms,,,X,,,NIGER TELECOMS,NIGER,,,,,,,,,,,
Niger,Zamani Telecom,,,X,X,,ZAMANI TELECOM,NIGER,,,,,,,,,,,
Nigeria,Glo Mobile,,,X,X,X,GLO MOBILE,NIGERIA,,,,,,,,,,,
Niue,Telecom Niue,,,X,,X,TELECOM NIUE,NIUE,555.0,1.0,55501.0,Oceania,Niue,NU,Telecom Niue,Telecom Niue,,GSM 900 / LTE 700,TELECOM NIUE
Norfolk Island,Norfolk Telecom,,,,X,X,NORFOLK TELECOM,NORFOLK ISLAND,505.0,10.0,50510.0,Oceania,Norfolk Island,NF,Norfolk Telecom,Norfolk Telecom,,GSM 900 / LTE 1800,NORFOLK TELECOM
North Korea,Kangsong NET,,,,X,X,KANGSONG NET,NORTH KOREA,,,,,,,,,,,
North Korea,Koryolink,,,,X,,KORYOLINK,NORTH KOREA,467.0,5.0,46705.0,Asia and the Middle East,North Korea,KP,Cheo Technology Jv Company,Koryolink,,UMTS 2100,KORYOLINK
North Korea,Koryolink,,,,X,,KORYOLINK,NORTH KOREA,467.0,6.0,46706.0,Asia and the Middle East,North Korea,KP,Cheo Technology Jv Company,Koryolink,,UMTS 2100,KORYOLINK
North Macedonia,A1,,29403,X,X,X,A1,NORTH MACEDONIA,,,,,,,,,,,
North Macedonia,Telekom,,29401,X,X,X,TELEKOM,NORTH MACEDONIA,,,,,,,,,,,
Northern Mariana Islands,Docomo Pacific,,,X,X,X,DOCOMO PACIFIC,NORTHERN MARIANA ISLANDS,,,,,,,,,,,
Northern Mariana Islands,IT&E,,,X,X,X,IT&E,NORTHERN MARIANA ISLANDS,,,,,,,,,,,
Norway,Ice,,"24214, 24206",,,X,ICE,NORWAY,242.0,14.0,24214.0,Europe,Norway,NO,ICE Communication Norge AS,ice,,GSM 900 / UMTS 900 / UMTS 2100 / LTE 800 / LTE 1800,ICE
Norway,Ice,,"24214, 24206",,,X,ICE,NORWAY,242.0,6.0,24206.0,Europe,Norway,NO,ICE Norge AS,ice,,LTE 450,ICE
Norway,Telenor,,24201,X,,X,TELENOR,NORWAY,242.0,12.0,24212.0,Europe,Norway,NO,Telenor Norge AS,Telenor,,,TELENOR
Norway,Telia,,24202,X,,X,TELIA,NORWAY,242.0,2.0,24202.0,Europe,Norway,NO,Telia Norge AS,Telia,,GSM 900 / GSM 1800 / UMTS 900 / UMTS 2100 / LTE 800 / LTE 1800 / LTE 2600,TELIA
Oman,Omantel,,,X,X,X,OMANTEL,OMAN,422.0,4.0,42204.0,Asia and the Middle East,Oman,OM,Oman Telecommunications Company,Omantel,,,OMANTEL
Palau,PalauCel,,552-01,,X,X,PALAUCEL,PALAU,,,,,,,,,,,
Palestine,Ooredoo,,,X,X,,OOREDOO,PALESTINE,,,,,,,,,,,
Panama,+móvil,,,X,X,X,+MÓVIL,PANAMA,,,,,,,,,,,
Panama,Tigo,,,X,X,X,TIGO,PANAMA,,,,,,,,,,,
Papua New Guinea,Telikom PNG,,,X,,X,TELIKOM PNG,PAPUA NEW GUINEA,,,,,,,,,,,
Peru,ASU MOBILE,,,X,X,X,ASU MOBILE,PERU,,,,,,,,,,,
Peru,Cuy Móvil,,,,,,CUY MÓVIL,PERU,,,,,,,,,,,
Peru,Entel,,,,X,X,ENTEL,PERU,716.0,7.0,71607.0,South and Central America,Peru,PE,Entel Perú S.A.,Entel,,iDEN,ENTEL
Peru,Entel,,,,X,X,ENTEL,PERU,716.0,17.0,71617.0,South and Central America,Peru,PE,Entel Perú S.A.,Entel,,UMTS 1900 / LTE 1700 / TD-LTE 2300,ENTEL
Peru,UNION TELECOM,,,X,X,X,UNION TELECOM,PERU,,,,,,,,,,,
Poland,Orange,,26003,X,X,X,ORANGE,POLAND,260.0,5.0,26005.0,Europe,Poland,PL,Polska Telefonia Komórkowa Centertel Sp. z o.o.,Orange,,UMTS 2100,ORANGE
Poland,Play,,26006,X,X,X,PLAY,POLAND,260.0,98.0,26098.0,Europe,Poland,PL,P4 Sp. z o.o.,Play,,LTE 1800,PLAY
Poland,T-Mobile,,26002,X,,X,T-MOBILE,POLAND,260.0,10.0,26010.0,Europe,Poland,PL,T-Mobile Polska S.A.,T-Mobile,,,T-MOBILE
Portugal,DIGI,,26802,,,,DIGI,PORTUGAL,,,,,,,,,,,
Portugal,MEO,,26806,X,X,X,MEO,PORTUGAL,268.0,2.0,26802.0,Europe,Portugal,PT,Telecomunicações Móveis Nacionais,MEO,,,MEO
Portugal,MEO,,26806,X,X,X,MEO,PORTUGAL,268.0,80.0,26880.0,Europe,Portugal,PT,Telecomunicações Móveis Nacionais,MEO,,,MEO
Portugal,Vodafone,,26801,X,X,X,VODAFONE,PORTUGAL,268.0,91.0,26891.0,Europe,Portugal,PT,Vodafone Portugal,Vodafone,,,VODAFONE
Puerto Rico and United States Virgin Islands,Claro,,,X,X,X,CLARO,PUERTO RICO AND UNITED STATES VIRGIN ISLANDS,,,,,,,,,,,
Puerto Rico and United States Virgin Islands,Liberty,,,,X,X,LIBERTY,PUERTO RICO AND UNITED STATES VIRGIN ISLANDS,,,,,,,,,,,
Puerto Rico and United States Virgin Islands,T-Mobile,,,,,,T-MOBILE,PUERTO RICO AND UNITED STATES VIRGIN ISLANDS,,,,,,,,,,,
Puerto Rico and United States Virgin Islands,TracFone Wireless,,,X,,,TRACFONE WIRELESS,PUERTO RICO AND UNITED STATES VIRGIN ISLANDS,,,,,,,,,,,
Romania,Digi,,22605,X,,X,DIGI,ROMANIA,,,,,,,,,,,
Rwanda,MTN Rwanda,,,X,X,X,MTN RWANDA,RWANDA,,,,,,,,,,,
Rwanda,Rwandatel,,,X,X,,RWANDATEL,RWANDA,635.0,11.0,63511.0,Africa,Rwanda,RW,Rwandatel S.A.,Rwandatel,,CDMA,RWANDATEL
Rwanda,Rwandatel,,,X,X,,RWANDATEL,RWANDA,635.0,12.0,63512.0,Africa,Rwanda,RW,Rwandatel S.A.,Rwandatel,,GSM,RWANDATEL
Réunion,FREE,,,X,X,,FREE,RÉUNION,,,,,,,,,,,
Réunion,Orange,,,X,X,X,ORANGE,RÉUNION,,,,,,,,,,,
Réunion,SFR,,,X,X,X,SFR,RÉUNION,,,,,,,,,,,
Saint Helena,Sure,,,X,,X,SURE,SAINT HELENA,,,,,,,,,,,
Saint Kitts and Nevis,Digicel,,,X,X,,DIGICEL,SAINT KITTS AND NEVIS,356.0,50.0,356050.0,North America and the Caribbean,Saint Kitts and Nevis,KN,Wireless Ventures (St Kitts-Nevis) Limited,Digicel,,GSM 900 / GSM 1800 / LTE 700,DIGICEL
Saint Lucia,NTRC,,,X,X,X,NTRC,SAINT LUCIA,,,,,,,,,,,
Saint Lucia,SLICTA,,,X,X,X,SLICTA,SAINT LUCIA,,,,,,,,,,,
Saint Vincent and the Grenadines,Bouygues,,,X,X,,BOUYGUES,SAINT VINCENT AND THE GRENADINES,,,,,,,,,,,
Saint Vincent and the Grenadines,Digicel,,,X,X,,DIGICEL,SAINT VINCENT AND THE GRENADINES,360.0,50.0,360050.0,North America and the Caribbean,Saint Vincent and the Grenadines,VC,Digicel (St. Vincent and the Grenadines) Limited,Digicel,,GSM 900 / GSM 1800 / GSM 1900 / LTE 700,DIGICEL
Samoa,Digicel,,,X,X,X,DIGICEL,SAMOA,549.0,1.0,54901.0,Oceania,Samoa,WS,Digicel Pacific Ltd.,Digicel,,GSM 900 / UMTS 2100 / LTE 1800,DIGICEL
Samoa,Vodafone Samoa,,,X,,X,VODAFONE SAMOA,SAMOA,,,,,,,,,,,
San Marino,Prima,,29201,X,X,,PRIMA,SAN MARINO,292.0,1.0,29201.0,Europe,San Marino,SM,San Marino Telecom,PRIMA,,GSM 900 / GSM 1800 / UMTS 2100,PRIMA
San Marino,TIM San Marino,,22201,X,X,X,TIM SAN MARINO,SAN MARINO,,,,,,,,,,,
San Marino,Telefonia Mobile Sammarinese,,22201,X,X,X,TELEFONIA MOBILE SAMMARINESE,SAN MARINO,,,,,,,,,,,
Saudi Arabia,Lebara Mobile KSA,,,X,X,X,LEBARA MOBILE KSA,SAUDI ARABIA,,,,,,,,,,,
Saudi Arabia,Virgin mobile KSA,,,X,X,X,VIRGIN MOBILE KSA,SAUDI ARABIA,,,,,,,,,,,
Saudi Arabia,Zain,,,X,X,X,ZAIN,SAUDI ARABIA,,,,,,,,,,,
Saudi Arabia,stc,,,X,X,X,STC,SAUDI ARABIA,,,,,,,,,,,
Senegal,Free,,,X,X,X,FREE,SENEGAL,,,,,,,,,,,
Senegal,Hayo Telecom,,,X,X,,HAYO TELECOM,SENEGAL,,,,,,,,,,,
Senegal,Orange,,,X,X,X,ORANGE,SENEGAL,608.0,1.0,60801.0,Africa,Senegal,SN,Sonatel,Orange,,GSM 900 / UMTS 2100 / LTE,ORANGE
Serbia,A1,,22005,X,X,X,A1,SERBIA,,,,,,,,,,,
Serbia,MTS,,22003,X,X,X,MTS,SERBIA,220.0,3.0,22003.0,Europe,Serbia,RS,Telekom Srbija,mts,,GSM 900 / GSM 1800 / UMTS 2100 / LTE 1800 / TETRA,MTS
Serbia,Yettel,,22001,X,X,X,YETTEL,SERBIA,,,,,,,,,,,
Sierra Leone,Africell,,,X,X,,AFRICELL,SIERRA LEONE,619.0,2.0,61902.0,Africa,Sierra Leone,SL,Lintel Sierra Leone Limited,Africell,,,AFRICELL
Sierra Leone,Africell,,,X,X,,AFRICELL,SIERRA LEONE,619.0,3.0,61903.0,Africa,Sierra Leone,SL,Lintel Sierra Leone Limited,Africell,,GSM 900,AFRICELL
Sierra Leone,Comium,,,X,,,COMIUM,SIERRA LEONE,619.0,4.0,61904.0,Africa,Sierra Leone,SL,Comium (Sierra Leone) Ltd.,Comium,,GSM 900 / GSM 1800,COMIUM
Sierra Leone,GreenN,,,X,,,GREENN,SIERRA LEONE,,,,,,,,,,,
Sierra Leone,Qcell,,,X,X,,QCELL,SIERRA LEONE,,,,,,,,,,,
Sierra Leone,Sierratel,,,,,,SIERRATEL,SIERRA LEONE,619.0,6.0,61906.0,Africa,Sierra Leone,SL,Sierra Leone Telephony,SierraTel,,CDMA 800 / LTE,SIERRATEL
Singapore,Changi Mobile,,,,,X,CHANGI MOBILE,SINGAPORE,,,,,,,,,,,
Singapore,China Mobile CMLink SG,,,,,X,CHINA MOBILE CMLINK SG,SINGAPORE,,,,,,,,,,,
Singapore,China Unicom CUniq SG,,,,,X,CHINA UNICOM CUNIQ SG,SINGAPORE,,,,,,,,,,,
Singapore,Circles.Life,,,,,X,CIRCLES.LIFE,SINGAPORE,525.0,9.0,52509.0,Oceania,Singapore,SG,Liberty Wireless Pte Ltd,Circles.Life,,MVNO,CIRCLES.LIFE
Singapore,GRID Communications,,,,,,GRID COMMUNICATIONS,SINGAPORE,,,,,,,,,,,
Singapore,Geenet Mobile,,,,,X,GEENET MOBILE,SINGAPORE,,,,,,,,,,,
Singapore,M1 with a digital sub-brand Maxx,,,,,X,M1 WITH A DIGITAL SUB-BRAND MAXX,SINGAPORE,,,,,,,,,,,
Singapore,MyRepublic,,,,,X,MYREPUBLIC,SINGAPORE,,,,,,,,,,,
Singapore,SIMBA,,,,,X,SIMBA,SINGAPORE,,,,,,,,,,,
Singapore,Singtel Mobile with digital sub-brands GOMO and heya,,,,,X,SINGTEL MOBILE WITH DIGITAL SUB-BRANDS GOMO AND HEYA,SINGAPORE,,,,,,,,,,,
Singapore,StarHub with digital sub-brands giga! and eight telecom,,,,,X,STARHUB WITH DIGITAL SUB-BRANDS GIGA! AND EIGHT TELECOM,SINGAPORE,,,,,,,,,,,
Singapore,VIVIFI,,,,,X,VIVIFI,SINGAPORE,,,,,,,,,,,
Singapore,ZYM Mobile,,,,,X,ZYM MOBILE,SINGAPORE,,,,,,,,,,,
Singapore,Zero1,,,,,X,ZERO1,SINGAPORE,,,,,,,,,,,
Singapore,redONE,,,,,X,REDONE,SINGAPORE,,,,,,,,,,,
Slovakia,4ka,,23103,X,,X,4KA,SLOVAKIA,231.0,3.0,23103.0,Europe,Slovakia,SK,"SWAN Mobile, a.s.",4ka,,LTE 1800 / TD-LTE 3500 / TD-LTE 3700,4KA
Slovakia,O 2,,23106,X,X,X,O 2,SLOVAKIA,,,,,,,,,,,
Slovakia,Orange,,"23101, 23105",X,,X,ORANGE,SLOVAKIA,231.0,5.0,23105.0,Europe,Slovakia,SK,Orange Slovensko,Orange,,GSM 900 / GSM 1800 / UMTS 900 / UMTS 2100,ORANGE
Slovakia,Telekom,,"23102, 23104",X,,X,TELEKOM,SLOVAKIA,231.0,4.0,23104.0,Europe,Slovakia,SK,Slovak Telekom,Telekom,,GSM 900 / GSM 1800 / UMTS 2100,TELEKOM
Slovenia,T-2,,29364,,X,X,T-2,SLOVENIA,293.0,64.0,29364.0,Europe,Slovenia,SI,T-2 d.o.o.,T-2,,UMTS 2100,T-2
Slovenia,Telekom Slovenije,,29341,X,,X,TELEKOM SLOVENIJE,SLOVENIA,,,,,,,,,,,
Slovenia,Telemach,,29370,X,X,X,TELEMACH,SLOVENIA,293.0,70.0,29370.0,Europe,Slovenia,SI,Tušmobil d.o.o.,Telemach,,GSM 900 / GSM 1800 / UMTS 900 / UMTS 2100 / LTE 800 / LTE 1800,TELEMACH
Solomon Islands,Our Telekom,,,X,X,X,OUR TELEKOM,SOLOMON ISLANDS,,,,,,,,,,,
Somalia,Golis Telecom Somalia,,,X,,,GOLIS TELECOM SOMALIA,SOMALIA,,,,,,,,,,,
Somalia,Hormuud,,,X,X,X,HORMUUD,SOMALIA,637.0,50.0,63750.0,Africa,Somalia,SO,Hormuud Telecom Somalia Inc,Hormuud,,GSM 900 / UMTS,HORMUUD
Somalia,Nationlink,,,X,,,NATIONLINK,SOMALIA,637.0,10.0,63710.0,Africa,Somalia,SO,NationLink Telecom,Nationlink,,GSM 900,NATIONLINK
Somalia,Nationlink,,,X,,,NATIONLINK,SOMALIA,637.0,60.0,63760.0,Africa,Somalia,SO,Nationlink Telecom,Nationlink,,GSM 900 / GSM 1800,NATIONLINK
Somalia,Netco,,,X,,,NETCO,SOMALIA,,,,,,,,,,,
Somalia,SomNet,,,X,,X,SOMNET,SOMALIA,637.0,20.0,63720.0,Africa,Somalia,SO,SOMNET,SOMNET,,GSM 900 / GSM 1800 / UMTS 2100 / LTE 800,SOMNET
Somalia,Somafone,,,X,,,SOMAFONE,SOMALIA,637.0,4.0,63704.0,Africa,Somalia,SO,Somafone FZLLC,Somafone,,GSM 900 / GSM 1800,SOMAFONE
Somalia,Somtel,,,X,X,X,SOMTEL,SOMALIA,637.0,71.0,63771.0,Africa,Somalia,SO,Somtel,Somtel,,GSM 900 / GSM 1800 / UMTS 2100 / LTE 800,SOMTEL
Somalia,Telcom Somalia,,,X,X,X,TELCOM SOMALIA,SOMALIA,,,,,,,,,,,
Somalia,Telesom Mobile,,,X,X,,TELESOM MOBILE,SOMALIA,,,,,,,,,,,
South Africa,MTN,,,X,X,X,MTN,SOUTH AFRICA,655.0,12.0,65512.0,Africa,South Africa,ZA,MTN Group,MTN,,,MTN
South Africa,Rain,,,,,X,RAIN,SOUTH AFRICA,655.0,19.0,65519.0,Africa,South Africa,ZA,Wireless Business Solutions (Pty) Ltd,Rain,,LTE 1800 / TD-LTE 2600 / 5G 3500,RAIN
South Korea,KT,,,,X,X,KT,SOUTH KOREA,450.0,2.0,45002.0,Asia and the Middle East,South Korea,KR,KT,KT,,5G 3500 / 5G 28000,KT
South Korea,KT,,,,X,X,KT,SOUTH KOREA,450.0,4.0,45004.0,Asia and the Middle East,South Korea,KR,KT,KT,,NB-IoT,KT
South Korea,KT,,,,X,X,KT,SOUTH KOREA,450.0,7.0,45007.0,Asia and the Middle East,South Korea,KR,KT,KT,,,KT
South Korea,LG U +,,,,,X,LG U +,SOUTH KOREA,,,,,,,,,,,
South Korea,SK Telecom,,,,X,X,SK TELECOM,SOUTH KOREA,,,,,,,,,,,
South Sudan,Gemtel,,,X,,,GEMTEL,SOUTH SUDAN,659.0,3.0,65903.0,Africa,South Sudan,SS,Gemtel,Gemtel,,GSM 900 / GSM 1800,GEMTEL
South Sudan,Sudani,,,X,X,,SUDANI,SOUTH SUDAN,659.0,7.0,65907.0,Africa,South Sudan,SS,Sudani,Sudani,,CDMA,SUDANI
South Sudan,Vivacell,,,X,,,VIVACELL,SOUTH SUDAN,659.0,4.0,65904.0,Africa,South Sudan,SS,Network of the World (NOW),Vivacell,,GSM 900 / GSM 1800,VIVACELL
Spain,DIGI,,21422,,,X,DIGI,SPAIN,,,,,,,,,,,
Spain,Movistar,,21407,X,X,X,MOVISTAR,SPAIN,214.0,5.0,21405.0,Europe,Spain,ES,Telefónica Móviles España,Movistar,,MVNO,MOVISTAR
Spain,MásOrange,,21403 21404,X,X,X,MÁSORANGE,SPAIN,,,,,,,,,,,
Spain,Vodafone,,21401,X,X,X,VODAFONE,SPAIN,214.0,6.0,21406.0,Europe,Spain,ES,Vodafone Spain,Vodafone,,MVNO,VODAFONE
Sri Lanka,Dialog,,413-02,X,,X,DIALOG,SRI LANKA,413.0,11.0,41311.0,Asia and the Middle East,Sri Lanka,LK,Dialog Broadband Networks (Pvt) Ltd,Dialog,,CDMA / WiMAX / TD-LTE 2300,DIALOG
Sri Lanka,Hutch,,413-08,X,X,X,HUTCH,SRI LANKA,413.0,9.0,41309.0,Asia and the Middle East,Sri Lanka,LK,Hutchison Telecommunications Lanka (Pvt) Ltd,Hutch,,GSM 900 / GSM 1800 / UMTS 2100 / LTE 900 / LTE 1800,HUTCH
Sri Lanka,SLTMobitel,,413-01,X,X,X,SLTMOBITEL,SRI LANKA,,,,,,,,,,,
Sudan,Canar,,,,,,CANAR,SUDAN,634.0,5.0,63405.0,Africa,Sudan,SD,Canar Telecom,canar,,CDMA2000 450,CANAR
Sudan,MTN,,,X,X,X,MTN,SUDAN,634.0,3.0,63403.0,Africa,Sudan,SD,MTN Sudan,MTN,,,MTN
Sudan,Sudani,,,X,X,,SUDANI,SUDAN,,,,,,,,,,,
Sudan,Zain,,,X,X,X,ZAIN,SUDAN,,,,,,,,,,,
Suriname,Digicel,,,X,X,,DIGICEL,SURINAME,746.0,4.0,74604.0,South and Central America,Suriname,SR,Digicel Group Limited,Digicel,,GSM 900 / UMTS,DIGICEL
Suriname,Telesur,,,X,X,X,TELESUR,SURINAME,746.0,5.0,74605.0,South and Central America,Suriname,SR,Telecommunications Company Suriname (Telesur),Telesur,,CDMA 450,TELESUR
Sweden,Telenor,,24008,X,X,X,TELENOR,SWEDEN,240.0,6.0,24006.0,Europe,Sweden,SE,Telenor Sverige AB,Telenor,,UMTS 2100,TELENOR
Sweden,Tre,,24002,,X,X,TRE,SWEDEN,,,,,,,,,,,
Switzerland,Sunrise,,22802,,X,X,SUNRISE,SWITZERLAND,228.0,12.0,22812.0,Europe,Switzerland,CH,Sunrise Communications AG,Sunrise,,,SUNRISE
Switzerland,Sunrise,,22802,,X,X,SUNRISE,SWITZERLAND,228.0,60.0,22860.0,Europe,Switzerland,CH,Sunrise Communications AG,Sunrise,,,SUNRISE
Syria,Rcell,,,,,X,RCELL,SYRIA,,,,,,,,,,,
Syria,Syriatel,,,X,X,X,SYRIATEL,SYRIA,417.0,1.0,41701.0,Asia and the Middle East,Syria,SY,Syriatel Mobile Telecom,Syriatel,,GSM 900 / GSM 1800 / UMTS 2100 / LTE 1800,SYRIATEL
São Tomé and Príncipe,CST,,,X,X,,CST,SÃO TOMÉ AND PRÍNCIPE,,,,,,,,,,,
Taiwan,Chunghwa Telecom 中華電信,,,,,X,CHUNGHWA TELECOM 中華電信,TAIWAN,,,,,,,,,,,
Taiwan,Far EasTone 遠傳電信,,,,,X,FAR EASTONE 遠傳電信,TAIWAN,,,,,,,,,,,
Taiwan,Ibon Mobile,,,,,X,IBON MOBILE,TAIWAN,,,,,,,,,,,
Taiwan,Line Mobile,,,,,X,LINE MOBILE,TAIWAN,,,,,,,,,,,
Taiwan,Taiwan Mobile 台灣大哥大,,,,,X,TAIWAN MOBILE 台灣大哥大,TAIWAN,,,,,,,,,,,
Tajikistan,Babilon-Mobile,,,X,X,X,BABILON-MOBILE,TAJIKISTAN,,,,,,,,,,,
Tajikistan,MegaFon,,,X,X,,MEGAFON,TAJIKISTAN,436.0,3.0,43603.0,Asia and the Middle East,Tajikistan,TJ,TT Mobile,MegaFon,,GSM 900 / GSM 1800 / UMTS 2100 / LTE 800,MEGAFON
Tajikistan,Tcell,,,X,X,X,TCELL,TAJIKISTAN,436.0,12.0,43612.0,Asia and the Middle East,Tajikistan,TJ,Indigo,Tcell,,UMTS 2100,TCELL
Tajikistan,Tcell,,,X,X,X,TCELL,TAJIKISTAN,436.0,2.0,43602.0,Asia and the Middle East,Tajikistan,TJ,Indigo Tajikistan,Tcell,,GSM 900 / GSM 1800 / UMTS 2100 / LTE 800,TCELL
Tajikistan,Tcell,,,X,X,X,TCELL,TAJIKISTAN,436.0,1.0,43601.0,Asia and the Middle East,Tajikistan,TJ,JV Somoncom,Tcell,,GSM 900 / GSM 1800 / UMTS 2100 / LTE 800,TCELL
Tajikistan,ZET Mobile,,,X,X,,ZET MOBILE,TAJIKISTAN,,,,,,,,,,,
Thailand,168,,,,X,,168,THAILAND,,,,,,,,,,,
Thailand,AIS or Advanced Info Service,,,X,X,X,AIS OR ADVANCED INFO SERVICE,THAILAND,,,,,,,,,,,
Thailand,AJ SIM,,,,X,X,AJ SIM,THAILAND,,,,,,,,,,,
Thailand,Feels,,,,X,X,FEELS,THAILAND,,,,,,,,,,,
Thailand,IEC3G Buzzme,,,,X,,IEC3G BUZZME,THAILAND,,,,,,,,,,,
Thailand,Mojo 3G,,,,X,,MOJO 3G,THAILAND,,,,,,,,,,,
Thailand,MyWorld 3G,,,,X,,MYWORLD 3G,THAILAND,,,,,,,,,,,
Thailand,NT Mobile,,,,X,X,NT MOBILE,THAILAND,,,,,,,,,,,
Thailand,OPEN SIM i-mobile,,,,X,,OPEN SIM I-MOBILE,THAILAND,,,,,,,,,,,
Thailand,Penguin,,,,X,,PENGUIN,THAILAND,,,,,,,,,,,
Thailand,Redone  ),,,,X,X,REDONE  ),THAILAND,,,,,,,,,,,
Thailand,Tune Talk,,,,X,,TUNE TALK,THAILAND,,,,,,,,,,,
Thailand,i-Kool 3G,,,,X,,I-KOOL 3G,THAILAND,,,,,,,,,,,
Thailand,imobile-3GX,,,,X,,IMOBILE-3GX,THAILAND,,,,,,,,,,,
Thailand,my by NT,,,,X,X,MY BY NT,THAILAND,,,,,,,,,,,
Timor-Leste,Telemor,,,X,X,X,TELEMOR,TIMOR-LESTE,,,,,,,,,,,
Timor-Leste,Telkomcel,,,X,X,X,TELKOMCEL,TIMOR-LESTE,,,,,,,,,,,
Timor-Leste,Timor Telecom,,,X,X,X,TIMOR TELECOM,TIMOR-LESTE,,,,,,,,,,,
Togo,Moov Africa Togo,,,X,,,MOOV AFRICA TOGO,TOGO,,,,,,,,,,,
Togo,Togocel,,,X,X,,TOGOCEL,TOGO,,,,,,,,,,,
Tonga,TCC,,,X,X,,TCC,TONGA,,,,,,,,,,,
Tonga,Wantok,,,X,X,,WANTOK,TONGA,,,,,,,,,,,
Trinidad and Tobago,bmobile,,,X,X,X,BMOBILE,TRINIDAD AND TOBAGO,374.0,12.0,37412.0,North America and the Caribbean,Trinidad and Tobago,TT,TSTT,bmobile,,GSM 850 / GSM 1900 / UMTS 850 / UMTS 1900 / LTE 1900 / TD-LTE 2500 / 5G 2500,BMOBILE
Tunisia,Ooredoo,,,X,X,X,OOREDOO,TUNISIA,,,,,,,,,,,
Tunisia,Tunisie Telecom,,,X,X,X,TUNISIE TELECOM,TUNISIA,,,,,,,,,,,
Turkey,Vodafone Turkey,,,X,X,X,VODAFONE TURKEY,TURKEY,,,,,,,,,,,
Turkmenistan,AȘTU,,,,,,AȘTU,TURKMENISTAN,,,,,,,,,,,
Turkmenistan,TM CELL,,,X,X,X,TM CELL,TURKMENISTAN,,,,,,,,,,,
Turks and Caicos Islands,Digicel,,,X,X,X,DIGICEL,TURKS AND CAICOS ISLANDS,376.0,351.0,376351.0,North America and the Caribbean,Turks and Caicos Islands,TC,Digicel (Turks & Caicos) Limited,Digicel,,,DIGICEL
Turks and Caicos Islands,FLOW,,,X,X,X,FLOW,TURKS AND CAICOS ISLANDS,376.0,352.0,376352.0,North America and the Caribbean,Turks and Caicos Islands,TC,Cable & Wireless West Indies Ltd (Turks & Caicos),FLOW,,UMTS 850,FLOW
Turks and Caicos Islands,FLOW,,,X,X,X,FLOW,TURKS AND CAICOS ISLANDS,376.0,360.0,376360.0,North America and the Caribbean,Turks and Caicos Islands,TC,Cable & Wireless West Indies Ltd (Turks & Caicos),FLOW,,,FLOW
Tuvalu,TTC,,,X,,X,TTC,TUVALU,553.0,1.0,55301.0,Oceania,Tuvalu,TV,Tuvalu Telecom,TTC,,UMTS 900 / LTE 850,TTC
Uganda,Airtel Uganda,,,X,X,,AIRTEL UGANDA,UGANDA,,,,,,,,,,,
Uganda,Lycamobile,,,,,,LYCAMOBILE,UGANDA,641.0,26.0,64126.0,Africa,Uganda,UG,Lycamobile Network Services Uganda Limited,Lycamobile,,MVNO,LYCAMOBILE
Uganda,MTN Uganda,,,X,X,X,MTN UGANDA,UGANDA,,,,,,,,,,,
Uganda,Smile Telecom,,,,,,SMILE TELECOM,UGANDA,,,,,,,,,,,
Uganda,UTel,,,X,X,,UTEL,UGANDA,,,,,,,,,,,
Ukraine,Intertelecom,,25504,,,,INTERTELECOM,UKRAINE,255.0,4.0,25504.0,Europe,Ukraine,UA,Intertelecom LLC,Intertelecom,,CDMA 800,INTERTELECOM
Ukraine,Kyivstar,,25503,X,X,X,KYIVSTAR,UKRAINE,255.0,5.0,25505.0,Europe,Ukraine,UA,"PRJSC ""Kyivstar""",Kyivstar,,GSM 1800,KYIVSTAR
Ukraine,PEOPLEnet,,25521,,,,PEOPLENET,UKRAINE,255.0,21.0,25521.0,Europe,Ukraine,UA,"PRJSC ""Telesystems of Ukraine""",PEOPLEnet,,CDMA 800,PEOPLENET
Ukraine,TriMob,,25507,,X,,TRIMOB,UKRAINE,,,,,,,,,,,
United Kingdom,EE,,23430 and 23433,X,,X,EE,UNITED KINGDOM,,,,,,,,,,,
United Kingdom,O2,,23410,X,X,X,O2,UNITED KINGDOM,,,,,,,,,,,
United Kingdom,Three,,23420,,X,X,THREE,UNITED KINGDOM,,,,,,,,,,,
United Kingdom,Vodafone,,23415,X,,X,VODAFONE,UNITED KINGDOM,,,,,,,,,,,
United States,AT&T,,,,,X,AT&T,UNITED STATES,,,,,,,,,,,
United States,Boost Mobile,,,,,,BOOST MOBILE,UNITED STATES,,,,,,,,,,,
United States,T-Mobile,,,X,,X,T-MOBILE,UNITED STATES,,,,,,,,,,,
United States,U.S. Cellular,,,,,X,U.S. CELLULAR,UNITED STATES,,,,,,,,,,,
United States,Verizon,,,,,X,VERIZON,UNITED STATES,,,,,,,,,,,
Uruguay,Antel,,,X,X,X,ANTEL,URUGUAY,748.0,0.0,74800.0,South and Central America,Uruguay,UY,Administración Nacional de Telecomunicaciones,Antel,,TDMA,ANTEL
Uruguay,Antel,,,X,X,X,ANTEL,URUGUAY,748.0,1.0,74801.0,South and Central America,Uruguay,UY,Administración Nacional de Telecomunicaciones,Antel,,GSM 1800 / UMTS 850 / UMTS 2100 / LTE 700 / LTE 1700 / 5G 3500,ANTEL
Uruguay,Antel,,,X,X,X,ANTEL,URUGUAY,748.0,3.0,74803.0,South and Central America,Uruguay,UY,Administración Nacional de Telecomunicaciones,Antel,,,ANTEL
Uzbekistan,Mobi.UZ,,,X,X,X,MOBI.UZ,UZBEKISTAN,,,,,,,,,,,
Uzbekistan,Perfectum,,,,,,PERFECTUM,UZBEKISTAN,,,,,,,,,,,
Uzbekistan,Uzmobile,,,,,,UZMOBILE,UZBEKISTAN,434.0,3.0,43403.0,Asia and the Middle East,Uzbekistan,UZ,Uzbektelekom,UzMobile,,CDMA2000 450,UZMOBILE
Uzbekistan,Uzmobile,,,,,,UZMOBILE,UZBEKISTAN,434.0,8.0,43408.0,Asia and the Middle East,Uzbekistan,UZ,Uzbektelekom,UzMobile,,GSM 900 / GSM 1800 / UMTS 2100 / LTE 1800,UZMOBILE
Vanuatu,AIL,,,X,,,AIL,VANUATU,541.0,0.0,54100.0,Oceania,Vanuatu,VU,ACeS International (AIL),AIL,,GSM 900,AIL
Vanuatu,Vodafone Vanuatu,,,X,,,VODAFONE VANUATU,VANUATU,,,,,,,,,,,
Vanuatu,WanTok,,,,,X,WANTOK,VANUATU,541.0,7.0,54107.0,Oceania,Vanuatu,VU,WanTok Vanuatu Ltd,WanTok,,TD-LTE 2300,WANTOK
Venezuela,Digitel GSM,,,X,X,X,DIGITEL GSM,VENEZUELA,734.0,2.0,73402.0,South and Central America,Venezuela,VE,Corporacion Digitel C.A.,Digitel GSM,,GSM 900 / GSM 1800 / UMTS 900 / LTE 1800,DIGITEL GSM
Venezuela,Movilnet,,,X,X,X,MOVILNET,VENEZUELA,734.0,6.0,73406.0,South and Central America,Venezuela,VE,Telecomunicaciones Movilnet,Movilnet,,CDMA2000 850 / GSM 850 / UMTS 1900 / LTE 1700,MOVILNET
Vietnam,Viettel,,,,X,X,VIETTEL,VIETNAM,,,,,,,,,,,
Yemen,Y Telecom,,,X,,,Y TELECOM,YEMEN,,,,,,,,,,,
Yemen,YOU,,,X,,,YOU,YEMEN,,,,,,,,,,,
Yemen,Yemen Mobile,,,,,X,YEMEN MOBILE,YEMEN,421.0,3.0,42103.0,Asia and the Middle East,Yemen,YE,Yemen Mobile,Yemen Mobile,,CDMA2000 800,YEMEN MOBILE
Zambia,MTN,,,X,X,X,MTN,ZAMBIA,645.0,2.0,64502.0,Africa,Zambia,ZM,MTN Group,MTN,,GSM 900 / UMTS 2100 / LTE 1800,MTN
Zimbabwe,NetOne,,,X,X,X,NETONE,ZIMBABWE,,,,,,,,,,,
