call_id,calling_number,called_number,start_time,end_time,duration,call_type
1,21650182041,216292906,2025-01-13 15:14:26,2025-01-13 15:38:54,1468,Incoming
2,21650115359,216208677,2025-01-13 13:38:34,2025-01-13 14:07:10,1716,Outgoing
3,21650458015,216844992,2025-01-13 15:19:31,2025-01-13 16:03:30,2639,Outgoing
4,21650649052,216953928,2025-01-13 15:06:50,2025-01-13 15:32:38,1548,Incoming
5,21650136427,216823899,2025-01-13 13:41:26,2025-01-13 14:08:25,1619,Incoming
6,21650730338,216649572,2025-01-13 14:21:17,2025-01-13 15:13:41,3144,Outgoing
7,21650652742,216161084,2025-01-13 15:13:55,2025-01-13 15:53:01,2346,Outgoing
8,21650336087,216981561,2025-01-13 14:49:34,2025-01-13 15:17:04,1650,Incoming
9,21650869206,216591874,2025-01-13 13:40:19,2025-01-13 14:34:42,3263,Incoming
10,21650751475,216735308,2025-01-13 13:38:48,2025-01-13 13:49:20,632,Outgoing
11,21650438513,216647848,2025-01-13 15:17:00,2025-01-13 15:56:19,2359,Outgoing
12,21650378092,216739668,2025-01-13 14:21:26,2025-01-13 14:48:29,1623,Incoming
13,21650848020,216101855,2025-01-13 15:12:09,2025-01-13 15:33:10,1261,Incoming
14,21650752661,216752821,2025-01-13 13:24:59,2025-01-13 13:48:02,1383,Incoming
15,21650102297,216958876,2025-01-13 14:24:55,2025-01-13 14:33:49,534,Outgoing
16,21650619380,216703494,2025-01-13 14:24:28,2025-01-13 15:01:13,2205,Incoming
17,21650660217,216979411,2025-01-13 14:29:49,2025-01-13 14:56:35,1606,Outgoing
18,21650936970,216874938,2025-01-13 14:10:30,2025-01-13 14:19:43,553,Outgoing
19,21650203629,216785666,2025-01-13 13:43:27,2025-01-13 14:23:56,2429,Incoming
20,21650542818,216727538,2025-01-13 14:33:55,2025-01-13 14:46:37,762,Outgoing
21,21650618588,216473905,2025-01-13 15:02:14,2025-01-13 15:26:50,1476,Incoming
22,21650394103,216976438,2025-01-13 15:14:49,2025-01-13 15:36:35,1306,Outgoing
23,21650722645,216787352,2025-01-13 15:04:33,2025-01-13 15:55:30,3057,Incoming
24,21650383565,216224317,2025-01-13 14:58:10,2025-01-13 15:44:43,2793,Outgoing
25,21650254030,216496795,2025-01-13 14:49:55,2025-01-13 15:28:10,2295,Incoming
26,21650128327,216713562,2025-01-13 15:17:41,2025-01-13 15:55:27,2266,Incoming
27,21650286008,216980721,2025-01-13 13:36:39,2025-01-13 14:29:43,3184,Incoming
28,21650431116,216576361,2025-01-13 15:11:38,2025-01-13 16:07:30,3352,Outgoing
29,21650401230,216887546,2025-01-13 13:49:48,2025-01-13 14:23:52,2044,Incoming
30,21650684825,216271937,2025-01-13 15:01:04,2025-01-13 15:04:21,197,Outgoing
31,21650801068,216231011,2025-01-13 15:06:29,2025-01-13 15:14:56,507,Incoming
32,21650262097,216101772,2025-01-13 13:41:49,2025-01-13 14:32:46,3057,Incoming
33,21650110608,216649893,2025-01-13 14:37:04,2025-01-13 15:05:20,1696,Incoming
34,21650313605,216892349,2025-01-13 15:20:00,2025-01-13 16:03:59,2639,Incoming
35,21650184467,216926644,2025-01-13 14:32:15,2025-01-13 14:42:27,612,Outgoing
36,21650968898,216432938,2025-01-13 13:40:23,2025-01-13 13:52:30,727,Outgoing
37,21650300828,216638685,2025-01-13 14:05:57,2025-01-13 14:06:23,26,Incoming
38,21650461720,216608082,2025-01-13 15:13:54,2025-01-13 15:31:44,1070,Outgoing
39,21650965261,216626398,2025-01-13 13:46:40,2025-01-13 14:22:20,2140,Incoming
40,21650292713,216239582,2025-01-13 13:41:03,2025-01-13 14:31:47,3044,Incoming
41,21650531326,216751715,2025-01-13 14:29:07,2025-01-13 15:27:18,3491,Incoming
42,21650764197,216632960,2025-01-13 15:12:03,2025-01-13 16:10:10,3487,Incoming
43,21650843374,216113269,2025-01-13 13:59:38,2025-01-13 14:28:34,1736,Outgoing
44,21650615515,216922990,2025-01-13 14:31:35,2025-01-13 15:28:04,3389,Incoming
45,21650440719,216357789,2025-01-13 15:22:39,2025-01-13 16:02:54,2415,Incoming
46,21650904594,216826463,2025-01-13 13:40:49,2025-01-13 14:23:41,2572,Incoming
47,21650270674,216301658,2025-01-13 13:52:25,2025-01-13 14:36:30,2645,Incoming
48,21650651672,216505330,2025-01-13 13:47:41,2025-01-13 14:06:21,1120,Outgoing
49,21650643731,216235103,2025-01-13 14:05:26,2025-01-13 14:52:20,2814,Incoming
50,21650554499,216606191,2025-01-13 13:57:27,2025-01-13 14:35:46,2299,Incoming
51,21650677194,216569391,2025-01-13 14:17:53,2025-01-13 14:36:46,1133,Incoming
52,21650560478,216616075,2025-01-13 14:56:05,2025-01-13 15:12:40,995,Outgoing
53,21650724759,216977430,2025-01-13 13:34:33,2025-01-13 13:36:22,109,Outgoing
54,21650480700,216505200,2025-01-13 15:06:53,2025-01-13 15:16:29,576,Incoming
55,21650351137,216687215,2025-01-13 15:22:20,2025-01-13 15:37:34,914,Incoming
56,21650757382,216969205,2025-01-13 15:02:37,2025-01-13 15:39:37,2220,Outgoing
57,21650292151,216360329,2025-01-13 14:37:42,2025-01-13 15:02:34,1492,Incoming
58,21650511760,216836616,2025-01-13 13:49:07,2025-01-13 14:46:33,3446,Outgoing
59,21650922986,216435613,2025-01-13 15:03:26,2025-01-13 15:37:57,2071,Outgoing
60,21650273874,216855751,2025-01-13 13:50:31,2025-01-13 14:19:30,1739,Outgoing
61,21650320448,216123570,2025-01-13 13:27:36,2025-01-13 14:04:04,2188,Outgoing
62,21650530936,216226897,2025-01-13 14:13:55,2025-01-13 15:09:51,3356,Outgoing
63,21650431915,216664908,2025-01-13 13:29:12,2025-01-13 14:14:23,2711,Outgoing
64,21650681667,216477890,2025-01-13 14:50:32,2025-01-13 14:50:35,3,Outgoing
65,21650756203,216303304,2025-01-13 13:32:09,2025-01-13 13:32:16,7,Outgoing
66,21650815603,216699702,2025-01-13 14:55:36,2025-01-13 15:39:42,2646,Outgoing
67,21650992426,216429905,2025-01-13 13:50:35,2025-01-13 14:24:39,2044,Incoming
68,21650830800,216177968,2025-01-13 14:19:34,2025-01-13 14:32:44,790,Incoming
69,21650523765,216518378,2025-01-13 13:31:51,2025-01-13 14:21:35,2984,Incoming
70,21650346793,216182474,2025-01-13 15:24:13,2025-01-13 15:27:50,217,Outgoing
71,21650383514,216776032,2025-01-13 15:01:50,2025-01-13 15:04:22,152,Outgoing
72,21650350227,216758377,2025-01-13 15:01:54,2025-01-13 15:58:05,3371,Incoming
73,21650294208,216899334,2025-01-13 15:13:21,2025-01-13 15:38:22,1501,Outgoing
74,21650348594,216983648,2025-01-13 13:56:49,2025-01-13 14:48:16,3087,Outgoing
75,21650908804,216828989,2025-01-13 14:45:52,2025-01-13 15:29:41,2629,Incoming
76,21650530760,216430981,2025-01-13 14:43:10,2025-01-13 15:33:01,2991,Outgoing
77,21650730746,216554650,2025-01-13 14:07:12,2025-01-13 14:56:34,2962,Outgoing
78,21650910163,216887539,2025-01-13 14:11:18,2025-01-13 14:38:36,1638,Incoming
79,21650636030,216212937,2025-01-13 15:05:42,2025-01-13 15:27:15,1293,Outgoing
80,21650516106,216395931,2025-01-13 14:21:06,2025-01-13 15:16:23,3317,Outgoing
81,21650507055,216627721,2025-01-13 14:14:20,2025-01-13 14:54:41,2421,Outgoing
82,21650280432,216658883,2025-01-13 14:53:54,2025-01-13 15:15:00,1266,Incoming
83,21650701017,216327865,2025-01-13 14:02:33,2025-01-13 14:33:25,1852,Incoming
84,21650675193,216850627,2025-01-13 14:27:35,2025-01-13 14:33:38,363,Outgoing
85,21650331659,216916456,2025-01-13 13:52:16,2025-01-13 14:07:42,926,Outgoing
86,21650232473,216742245,2025-01-13 14:04:23,2025-01-13 14:32:08,1665,Incoming
87,21650831892,216517331,2025-01-13 14:41:46,2025-01-13 14:42:28,42,Incoming
88,21650589376,216146380,2025-01-13 13:32:39,2025-01-13 13:42:20,581,Outgoing
89,21650807973,216110810,2025-01-13 14:08:49,2025-01-13 14:38:38,1789,Outgoing
90,21650279834,216258349,2025-01-13 13:42:10,2025-01-13 14:41:10,3540,Incoming
91,21650144581,216341860,2025-01-13 14:12:32,2025-01-13 14:49:37,2225,Incoming
92,21650619796,216187130,2025-01-13 14:22:21,2025-01-13 15:16:54,3273,Outgoing
93,21650352787,216920441,2025-01-13 14:44:10,2025-01-13 15:14:52,1842,Incoming
94,21650874438,216713125,2025-01-13 14:13:17,2025-01-13 14:16:14,177,Incoming
95,21650355164,216484117,2025-01-13 13:40:47,2025-01-13 14:22:55,2528,Incoming
96,21650792923,216940181,2025-01-13 15:15:48,2025-01-13 16:08:55,3187,Outgoing
97,21650208231,216987922,2025-01-13 13:58:05,2025-01-13 14:31:37,2012,Outgoing
98,21650555649,216233995,2025-01-13 15:10:04,2025-01-13 15:34:15,1451,Outgoing
99,21650546837,216804897,2025-01-13 14:11:29,2025-01-13 14:27:51,982,Outgoing
100,21650832345,216882388,2025-01-13 13:59:36,2025-01-13 14:33:08,2012,Outgoing
101,21650556269,216741554,2025-01-13 15:18:50,2025-01-13 15:19:47,57,Incoming
102,21650270015,216303214,2025-01-13 15:23:11,2025-01-13 15:35:20,729,Outgoing
103,21650452560,216212710,2025-01-13 15:21:40,2025-01-13 15:59:46,2286,Outgoing
104,21650320668,216994406,2025-01-13 15:17:02,2025-01-13 15:59:46,2564,Outgoing
105,21650597801,216985739,2025-01-13 13:40:48,2025-01-13 14:29:36,2928,Incoming
106,21650866813,216460547,2025-01-13 14:07:07,2025-01-13 14:56:44,2977,Outgoing
107,21650555266,216621700,2025-01-13 14:10:32,2025-01-13 14:29:00,1108,Outgoing
108,21650273766,216940843,2025-01-13 15:19:39,2025-01-13 15:29:06,567,Outgoing
109,21650920023,216889521,2025-01-13 14:52:38,2025-01-13 15:31:26,2328,Outgoing
110,21650792098,216842391,2025-01-13 13:44:25,2025-01-13 14:42:16,3471,Incoming
111,21650627753,216852542,2025-01-13 13:28:58,2025-01-13 14:05:53,2215,Incoming
112,21650489421,216957115,2025-01-13 13:31:38,2025-01-13 14:09:57,2299,Incoming
113,21650862969,216925252,2025-01-13 14:54:22,2025-01-13 15:49:48,3326,Incoming
114,21650761251,216177764,2025-01-13 14:30:06,2025-01-13 15:18:22,2896,Incoming
115,21650908883,216826664,2025-01-13 13:38:46,2025-01-13 13:39:17,31,Incoming
116,21650633603,216611219,2025-01-13 14:35:53,2025-01-13 15:07:50,1917,Outgoing
117,21650912461,216200286,2025-01-13 13:52:44,2025-01-13 14:03:54,670,Outgoing
118,21650817390,216248274,2025-01-13 15:21:04,2025-01-13 15:59:32,2308,Incoming
119,21650604324,216491417,2025-01-13 14:36:12,2025-01-13 15:01:47,1535,Incoming
120,21650974794,216696927,2025-01-13 13:40:36,2025-01-13 13:54:35,839,Incoming
121,21650234042,216331822,2025-01-13 15:03:19,2025-01-13 15:34:37,1878,Incoming
122,21650779822,216332413,2025-01-13 14:57:44,2025-01-13 15:18:21,1237,Outgoing
123,21650357992,216249163,2025-01-13 13:54:26,2025-01-13 14:20:32,1566,Incoming
124,21650691879,216930883,2025-01-13 14:54:14,2025-01-13 15:18:30,1456,Incoming
125,21650992128,216437552,2025-01-13 15:00:52,2025-01-13 15:23:45,1373,Outgoing
126,21650705121,216571315,2025-01-13 14:28:58,2025-01-13 15:10:41,2503,Incoming
127,21650596647,216939091,2025-01-13 14:51:55,2025-01-13 15:24:53,1978,Outgoing
128,21650226576,216631369,2025-01-13 14:15:55,2025-01-13 14:37:46,1311,Outgoing
129,21650350214,216148488,2025-01-13 15:22:16,2025-01-13 16:07:43,2727,Incoming
130,21650884966,216939668,2025-01-13 14:00:36,2025-01-13 14:48:59,2903,Incoming
131,21650277432,216437806,2025-01-13 15:22:30,2025-01-13 15:25:56,206,Incoming
132,21650565474,216332784,2025-01-13 14:41:11,2025-01-13 15:38:31,3440,Outgoing
133,21650914260,216430449,2025-01-13 13:42:33,2025-01-13 14:09:26,1613,Incoming
134,21650905989,216253845,2025-01-13 14:19:48,2025-01-13 14:57:29,2261,Incoming
135,21650268797,216651846,2025-01-13 13:54:13,2025-01-13 14:05:33,680,Incoming
136,21650997778,216371138,2025-01-13 14:31:59,2025-01-13 14:32:55,56,Outgoing
137,21650827855,216490335,2025-01-13 15:07:59,2025-01-13 15:57:24,2965,Outgoing
138,21650339481,216247220,2025-01-13 13:44:53,2025-01-13 14:03:06,1093,Outgoing
139,21650329890,216787820,2025-01-13 14:16:26,2025-01-13 15:12:42,3376,Outgoing
140,21650750531,216893225,2025-01-13 14:05:35,2025-01-13 14:35:39,1804,Incoming
141,21650793186,216465581,2025-01-13 13:57:22,2025-01-13 14:55:14,3472,Incoming
142,21650748147,216273883,2025-01-13 14:37:10,2025-01-13 15:16:22,2352,Incoming
143,21650240044,216985275,2025-01-13 14:05:01,2025-01-13 14:49:31,2670,Outgoing
144,21650592852,216617624,2025-01-13 14:23:49,2025-01-13 15:03:10,2361,Incoming
145,21650996782,216508922,2025-01-13 14:42:07,2025-01-13 15:09:57,1670,Incoming
146,21650625785,216601313,2025-01-13 13:30:03,2025-01-13 14:06:00,2157,Outgoing
147,21650450630,216318399,2025-01-13 15:12:12,2025-01-13 15:52:44,2432,Incoming
148,21650151615,216277730,2025-01-13 14:59:54,2025-01-13 15:08:00,486,Incoming
149,21650715623,216498334,2025-01-13 14:05:45,2025-01-13 14:46:57,2472,Incoming
150,21650737446,216346799,2025-01-13 15:01:48,2025-01-13 15:43:41,2513,Incoming
151,21650507245,216414298,2025-01-13 13:24:37,2025-01-13 14:15:15,3038,Outgoing
152,21650972472,216372339,2025-01-13 14:58:58,2025-01-13 15:12:04,786,Incoming
153,21650995771,216226455,2025-01-13 13:29:19,2025-01-13 13:43:27,848,Outgoing
154,21650416757,216335232,2025-01-13 14:55:12,2025-01-13 15:54:59,3587,Outgoing
155,21650557972,216244271,2025-01-13 14:21:28,2025-01-13 14:42:09,1241,Incoming
156,21650474922,216268899,2025-01-13 15:05:11,2025-01-13 15:54:59,2988,Incoming
157,21650130084,216865973,2025-01-13 14:21:03,2025-01-13 15:08:52,2869,Incoming
158,21650496052,216400759,2025-01-13 13:51:07,2025-01-13 14:26:13,2106,Incoming
159,21650788756,216586937,2025-01-13 15:21:06,2025-01-13 15:59:26,2300,Incoming
160,21650536648,216403716,2025-01-13 14:00:20,2025-01-13 14:45:59,2739,Outgoing
161,21650863773,216180295,2025-01-13 13:58:01,2025-01-13 14:03:56,355,Outgoing
162,21650259304,216986114,2025-01-13 13:28:38,2025-01-13 14:25:48,3430,Outgoing
163,21650169085,216695044,2025-01-13 14:29:05,2025-01-13 15:08:54,2389,Outgoing
164,21650717574,216532493,2025-01-13 14:12:28,2025-01-13 14:16:39,251,Incoming
165,21650573984,216502882,2025-01-13 15:11:13,2025-01-13 15:55:58,2685,Outgoing
166,21650875807,216185441,2025-01-13 13:38:54,2025-01-13 14:32:49,3235,Incoming
167,21650860785,216425706,2025-01-13 14:39:02,2025-01-13 15:33:07,3245,Incoming
168,21650537378,216528998,2025-01-13 14:23:12,2025-01-13 14:44:11,1259,Incoming
169,21650284221,216724806,2025-01-13 14:52:23,2025-01-13 15:13:37,1274,Incoming
170,21650914573,216941125,2025-01-13 14:13:41,2025-01-13 15:05:03,3082,Outgoing
171,21650807579,216672853,2025-01-13 13:27:43,2025-01-13 13:56:38,1735,Incoming
172,21650795395,216349596,2025-01-13 15:10:41,2025-01-13 15:27:28,1007,Incoming
173,21650367825,216985726,2025-01-13 15:13:45,2025-01-13 16:08:31,3286,Incoming
174,21650771341,216818049,2025-01-13 15:11:31,2025-01-13 15:27:58,987,Incoming
175,21650466734,216730479,2025-01-13 14:07:02,2025-01-13 14:23:34,992,Outgoing
176,21650411405,216425362,2025-01-13 14:34:06,2025-01-13 14:58:09,1443,Incoming
177,21650193340,216761872,2025-01-13 14:29:14,2025-01-13 14:33:13,239,Incoming
178,21650511996,216693743,2025-01-13 15:07:14,2025-01-13 15:08:59,105,Incoming
179,21650468649,216949791,2025-01-13 14:42:14,2025-01-13 15:33:38,3084,Incoming
180,21650949286,216988200,2025-01-13 14:19:56,2025-01-13 14:29:25,569,Outgoing
181,21650271526,216335139,2025-01-13 14:54:33,2025-01-13 15:38:07,2614,Outgoing
182,21650853887,216839886,2025-01-13 13:33:22,2025-01-13 14:11:39,2297,Outgoing
183,21650692306,216271339,2025-01-13 14:39:30,2025-01-13 14:46:43,433,Outgoing
184,21650676192,216266363,2025-01-13 14:38:17,2025-01-13 15:23:26,2709,Outgoing
185,21650801426,216704096,2025-01-13 15:04:33,2025-01-13 15:55:04,3031,Incoming
186,21650508112,216980642,2025-01-13 15:01:51,2025-01-13 15:35:44,2033,Incoming
187,21650214565,216798832,2025-01-13 14:19:41,2025-01-13 14:44:14,1473,Incoming
188,21650266776,216614596,2025-01-13 14:05:44,2025-01-13 14:44:57,2353,Outgoing
189,21650733828,216997279,2025-01-13 14:21:59,2025-01-13 15:21:40,3581,Incoming
190,21650429097,216404026,2025-01-13 13:25:46,2025-01-13 13:47:52,1326,Incoming
191,21650799311,216758182,2025-01-13 14:40:51,2025-01-13 14:53:00,729,Incoming
192,21650912293,216462741,2025-01-13 13:39:02,2025-01-13 13:59:24,1222,Incoming
193,21650877103,216812122,2025-01-13 13:46:43,2025-01-13 14:11:04,1461,Outgoing
194,21650201051,216970306,2025-01-13 13:34:35,2025-01-13 13:51:39,1024,Outgoing
195,21650898729,216683679,2025-01-13 14:04:06,2025-01-13 14:23:37,1171,Incoming
196,21650921892,216665486,2025-01-13 15:18:39,2025-01-13 15:58:15,2376,Incoming
197,21650625955,216739291,2025-01-13 13:47:50,2025-01-13 14:26:07,2297,Outgoing
198,21650607470,216145911,2025-01-13 14:46:41,2025-01-13 15:09:42,1381,Incoming
199,21650987230,216492295,2025-01-13 13:44:24,2025-01-13 14:32:27,2883,Incoming
200,21650852902,216588363,2025-01-13 14:53:42,2025-01-13 15:06:12,750,Outgoing
201,21650532971,216128240,2025-01-13 14:54:21,2025-01-13 15:22:43,1702,Incoming
202,21650455578,216803066,2025-01-13 14:03:37,2025-01-13 14:58:27,3290,Incoming
203,21650223002,216932063,2025-01-13 15:06:28,2025-01-13 15:42:29,2161,Outgoing
204,21650215132,216574355,2025-01-13 15:07:35,2025-01-13 15:52:24,2689,Outgoing
205,21650611645,216100384,2025-01-13 15:01:57,2025-01-13 15:12:01,604,Outgoing
206,21650744437,216830063,2025-01-13 13:53:59,2025-01-13 14:22:37,1718,Incoming
207,21650494179,216182002,2025-01-13 15:15:42,2025-01-13 15:23:03,441,Incoming
208,21650180998,216488715,2025-01-13 14:20:54,2025-01-13 15:17:14,3380,Outgoing
209,21650787004,216256740,2025-01-13 14:16:02,2025-01-13 14:52:54,2212,Incoming
210,21650566695,216686623,2025-01-13 15:13:19,2025-01-13 15:31:12,1073,Outgoing
211,21650654234,216243767,2025-01-13 13:29:56,2025-01-13 13:36:00,364,Outgoing
212,21650470623,216493806,2025-01-13 14:42:23,2025-01-13 15:23:06,2443,Incoming
213,21650620410,216976888,2025-01-13 14:14:35,2025-01-13 15:06:09,3094,Incoming
214,21650419894,216898065,2025-01-13 13:36:50,2025-01-13 14:21:31,2681,Outgoing
215,21650253660,216948639,2025-01-13 15:13:03,2025-01-13 16:03:15,3012,Outgoing
216,21650679475,216340546,2025-01-13 13:36:25,2025-01-13 14:00:15,1430,Outgoing
217,21650994400,216246572,2025-01-13 14:57:34,2025-01-13 15:00:30,176,Outgoing
218,21650999584,216862888,2025-01-13 13:38:44,2025-01-13 14:27:37,2933,Incoming
219,21650455346,216658546,2025-01-13 13:38:42,2025-01-13 13:57:30,1128,Incoming
220,21650114393,216835249,2025-01-13 13:51:15,2025-01-13 14:46:51,3336,Incoming
221,21650997404,216929295,2025-01-13 14:35:15,2025-01-13 14:35:47,32,Incoming
222,21650597297,216626421,2025-01-13 14:38:57,2025-01-13 15:02:09,1392,Incoming
223,21650186921,216830901,2025-01-13 15:07:35,2025-01-13 15:37:45,1810,Incoming
224,21650647411,216454883,2025-01-13 13:39:34,2025-01-13 13:41:34,120,Outgoing
225,21650739063,216824765,2025-01-13 14:02:42,2025-01-13 14:21:23,1121,Outgoing
226,21650175420,216747599,2025-01-13 14:54:46,2025-01-13 15:33:39,2333,Incoming
227,21650574464,216876762,2025-01-13 14:33:56,2025-01-13 14:39:08,312,Outgoing
228,21650245442,216939169,2025-01-13 15:02:34,2025-01-13 15:34:06,1892,Incoming
229,21650744614,216496389,2025-01-13 14:56:08,2025-01-13 15:17:52,1304,Outgoing
230,21650371378,216791763,2025-01-13 14:00:58,2025-01-13 15:00:49,3591,Outgoing
231,21650748303,216676962,2025-01-13 14:06:11,2025-01-13 14:46:59,2448,Outgoing
232,21650836951,216774815,2025-01-13 13:35:55,2025-01-13 14:10:40,2085,Incoming
233,21650492203,216709403,2025-01-13 13:57:56,2025-01-13 14:09:49,713,Outgoing
234,21650529767,216541362,2025-01-13 14:03:09,2025-01-13 14:35:53,1964,Outgoing
235,21650934757,216978820,2025-01-13 14:09:14,2025-01-13 14:27:23,1089,Incoming
236,21650109160,216974032,2025-01-13 13:45:35,2025-01-13 13:47:12,97,Incoming
237,21650487295,216978748,2025-01-13 15:11:10,2025-01-13 15:52:08,2458,Incoming
238,21650573318,216402862,2025-01-13 14:10:05,2025-01-13 14:59:45,2980,Outgoing
239,21650846993,216606498,2025-01-13 14:52:32,2025-01-13 15:44:32,3120,Incoming
240,21650646895,216235276,2025-01-13 13:54:40,2025-01-13 14:14:30,1190,Outgoing
241,21650950601,216955793,2025-01-13 14:22:39,2025-01-13 14:47:58,1519,Outgoing
242,21650642671,216898905,2025-01-13 15:05:56,2025-01-13 15:41:24,2128,Incoming
243,21650450531,216855789,2025-01-13 15:23:00,2025-01-13 16:20:26,3446,Outgoing
244,21650118328,216401593,2025-01-13 15:00:50,2025-01-13 15:12:42,712,Outgoing
245,21650551735,216368775,2025-01-13 14:28:38,2025-01-13 15:22:09,3211,Outgoing
246,21650798355,216568930,2025-01-13 13:40:56,2025-01-13 14:32:34,3098,Outgoing
247,21650758333,216772918,2025-01-13 14:49:21,2025-01-13 15:17:53,1712,Outgoing
248,21650596854,216125879,2025-01-13 15:03:01,2025-01-13 15:59:56,3415,Incoming
249,21650996368,216268033,2025-01-13 14:00:21,2025-01-13 14:42:35,2534,Incoming
250,21650387998,216269648,2025-01-13 13:27:21,2025-01-13 13:42:43,922,Incoming
251,21650213773,216958675,2025-01-13 13:45:15,2025-01-13 13:59:15,840,Outgoing
252,21650469859,216835109,2025-01-13 15:07:00,2025-01-13 15:11:05,245,Outgoing
253,21650430313,216314960,2025-01-13 14:53:21,2025-01-13 15:21:40,1699,Incoming
254,21650785602,216815850,2025-01-13 13:49:19,2025-01-13 14:40:11,3052,Outgoing
255,21650718509,216998807,2025-01-13 15:14:54,2025-01-13 16:05:37,3043,Outgoing
256,21650869344,216672828,2025-01-13 15:11:50,2025-01-13 16:07:40,3350,Incoming
257,21650328545,216112045,2025-01-13 13:31:26,2025-01-13 14:01:37,1811,Incoming
258,21650853891,216975175,2025-01-13 14:44:55,2025-01-13 14:49:31,276,Outgoing
259,21650322155,216233540,2025-01-13 15:09:41,2025-01-13 16:05:24,3343,Outgoing
260,21650256521,216193375,2025-01-13 14:28:51,2025-01-13 14:47:27,1116,Outgoing
261,21650624356,216969861,2025-01-13 14:23:41,2025-01-13 15:08:13,2672,Incoming
262,21650724603,216734678,2025-01-13 15:14:29,2025-01-13 15:36:08,1299,Incoming
263,21650302382,216157849,2025-01-13 14:17:26,2025-01-13 15:16:08,3522,Incoming
264,21650366205,216786833,2025-01-13 13:29:14,2025-01-13 13:50:44,1290,Outgoing
265,21650569809,216815477,2025-01-13 13:58:51,2025-01-13 14:00:44,113,Incoming
266,21650707617,216269932,2025-01-13 13:31:04,2025-01-13 13:54:35,1411,Outgoing
267,21650548839,216844026,2025-01-13 14:20:07,2025-01-13 15:17:43,3456,Outgoing
268,21650784974,216963060,2025-01-13 14:02:25,2025-01-13 14:14:02,697,Outgoing
269,21650124809,216623734,2025-01-13 15:22:37,2025-01-13 15:55:13,1956,Incoming
270,21650298660,216826355,2025-01-13 14:11:14,2025-01-13 14:46:46,2132,Incoming
271,21650985826,216863171,2025-01-13 14:00:42,2025-01-13 14:13:37,775,Outgoing
272,21650372525,216875845,2025-01-13 15:08:21,2025-01-13 15:50:27,2526,Outgoing
273,21650714939,216871774,2025-01-13 14:34:59,2025-01-13 15:17:52,2573,Outgoing
274,21650627334,216500828,2025-01-13 15:12:59,2025-01-13 16:11:24,3505,Incoming
275,21650121421,216551758,2025-01-13 13:41:14,2025-01-13 13:43:37,143,Outgoing
276,21650551605,216711069,2025-01-13 14:13:27,2025-01-13 14:24:13,646,Incoming
277,21650173613,216368457,2025-01-13 14:51:53,2025-01-13 15:18:30,1597,Incoming
278,21650713715,216584968,2025-01-13 14:54:12,2025-01-13 15:53:08,3536,Outgoing
279,21650217862,216261707,2025-01-13 15:11:30,2025-01-13 15:16:51,321,Outgoing
280,21650732037,216939796,2025-01-13 13:38:42,2025-01-13 14:29:49,3067,Outgoing
281,21650125575,216207789,2025-01-13 13:56:26,2025-01-13 14:01:25,299,Outgoing
282,21650317098,216613702,2025-01-13 14:24:57,2025-01-13 15:06:51,2514,Outgoing
283,21650229446,216315887,2025-01-13 15:14:06,2025-01-13 15:16:34,148,Outgoing
284,21650182423,216220712,2025-01-13 14:40:14,2025-01-13 15:16:02,2148,Incoming
285,21650662641,216460790,2025-01-13 15:09:11,2025-01-13 16:05:46,3395,Incoming
286,21650493490,216503596,2025-01-13 13:24:45,2025-01-13 13:47:53,1388,Incoming
287,21650420075,216147389,2025-01-13 14:22:36,2025-01-13 14:41:17,1121,Incoming
288,21650814109,216955201,2025-01-13 14:23:10,2025-01-13 15:02:05,2335,Outgoing
289,21650624166,216581934,2025-01-13 14:42:17,2025-01-13 15:23:02,2445,Outgoing
290,21650419409,216896833,2025-01-13 14:42:23,2025-01-13 15:13:43,1880,Incoming
291,21650700152,216593014,2025-01-13 14:28:04,2025-01-13 14:47:25,1161,Incoming
292,21650551698,216863207,2025-01-13 14:27:14,2025-01-13 15:21:21,3247,Outgoing
293,21650904560,216338372,2025-01-13 14:25:04,2025-01-13 15:05:40,2436,Outgoing
294,21650343054,216913703,2025-01-13 14:01:26,2025-01-13 14:11:36,610,Outgoing
295,21650175077,216954590,2025-01-13 15:01:00,2025-01-13 15:31:19,1819,Outgoing
296,21650267237,216157872,2025-01-13 14:02:16,2025-01-13 14:30:07,1671,Incoming
297,21650636639,216146096,2025-01-13 13:53:32,2025-01-13 14:29:22,2150,Outgoing
298,21650612385,216897443,2025-01-13 15:12:04,2025-01-13 15:16:17,253,Incoming
299,21650524946,216431074,2025-01-13 14:02:37,2025-01-13 14:27:32,1495,Incoming
300,21650495443,216548265,2025-01-13 13:55:52,2025-01-13 14:40:25,2673,Incoming
301,21650738117,216587948,2025-01-13 14:34:39,2025-01-13 14:59:39,1500,Outgoing
302,21650293169,216586712,2025-01-13 13:56:42,2025-01-13 14:47:17,3035,Incoming
303,21650821297,216264942,2025-01-13 13:39:06,2025-01-13 13:55:21,975,Outgoing
304,21650439215,216666324,2025-01-13 14:31:33,2025-01-13 15:19:45,2892,Outgoing
305,21650929590,216258012,2025-01-13 14:52:48,2025-01-13 15:09:09,981,Incoming
306,21650759479,216990345,2025-01-13 13:40:42,2025-01-13 14:37:12,3390,Outgoing
307,21650530839,216987832,2025-01-13 14:06:56,2025-01-13 14:40:36,2020,Outgoing
308,21650957905,216123624,2025-01-13 13:47:35,2025-01-13 13:56:43,548,Outgoing
309,21650586433,216609080,2025-01-13 13:57:15,2025-01-13 14:30:27,1992,Outgoing
310,21650866026,216697766,2025-01-13 15:20:25,2025-01-13 15:50:18,1793,Incoming
311,21650480190,216925188,2025-01-13 14:42:09,2025-01-13 15:28:24,2775,Incoming
312,21650926261,216260968,2025-01-13 15:11:06,2025-01-13 15:37:19,1573,Incoming
313,21650590672,216761968,2025-01-13 13:41:21,2025-01-13 13:51:01,580,Incoming
314,21650842997,216491106,2025-01-13 14:50:34,2025-01-13 15:06:09,935,Incoming
315,21650868162,216104810,2025-01-13 15:19:04,2025-01-13 15:37:11,1087,Outgoing
316,21650564316,216332320,2025-01-13 13:50:42,2025-01-13 14:41:48,3066,Incoming
317,21650812519,216290172,2025-01-13 14:27:20,2025-01-13 15:00:58,2018,Incoming
318,21650685717,216579656,2025-01-13 14:40:49,2025-01-13 15:07:17,1588,Incoming
319,21650549730,216136467,2025-01-13 14:51:24,2025-01-13 15:00:49,565,Outgoing
320,21650808025,216804020,2025-01-13 14:06:29,2025-01-13 14:56:17,2988,Outgoing
321,21650301708,216888849,2025-01-13 13:25:42,2025-01-13 14:15:59,3017,Outgoing
322,21650311607,216404289,2025-01-13 13:34:36,2025-01-13 13:54:30,1194,Outgoing
323,21650314580,216199112,2025-01-13 14:15:01,2025-01-13 15:03:35,2914,Outgoing
324,21650672977,216759291,2025-01-13 14:24:55,2025-01-13 15:09:32,2677,Outgoing
325,21650918484,216845902,2025-01-13 14:04:43,2025-01-13 14:26:15,1292,Outgoing
326,21650469907,216515882,2025-01-13 13:26:20,2025-01-13 13:43:32,1032,Incoming
327,21650720611,216528587,2025-01-13 14:15:52,2025-01-13 14:57:19,2487,Outgoing
328,21650523582,216135082,2025-01-13 15:21:30,2025-01-13 15:24:54,204,Incoming
329,21650486009,216128928,2025-01-13 15:00:18,2025-01-13 15:38:51,2313,Incoming
330,21650716801,216388341,2025-01-13 13:30:21,2025-01-13 14:19:05,2924,Outgoing
331,21650539558,216273727,2025-01-13 15:11:46,2025-01-13 15:22:46,660,Incoming
332,21650105143,216514715,2025-01-13 14:57:08,2025-01-13 15:13:25,977,Incoming
333,21650330331,216443514,2025-01-13 14:29:28,2025-01-13 15:08:53,2365,Outgoing
334,21650311617,216498469,2025-01-13 14:12:22,2025-01-13 14:34:37,1335,Outgoing
335,21650368412,216454116,2025-01-13 13:53:45,2025-01-13 14:44:47,3062,Incoming
336,21650295022,216186534,2025-01-13 13:54:49,2025-01-13 14:37:46,2577,Outgoing
337,21650696865,216484150,2025-01-13 14:04:35,2025-01-13 14:45:35,2460,Incoming
338,21650217554,216910334,2025-01-13 15:07:02,2025-01-13 15:58:36,3094,Outgoing
339,21650396467,216123967,2025-01-13 13:47:40,2025-01-13 14:12:39,1499,Incoming
340,21650944580,216992543,2025-01-13 14:48:18,2025-01-13 15:44:49,3391,Outgoing
341,21650354079,216816351,2025-01-13 15:06:32,2025-01-13 15:43:55,2243,Incoming
342,21650579964,216835372,2025-01-13 13:30:42,2025-01-13 14:03:36,1974,Outgoing
343,21650563653,216894106,2025-01-13 14:01:45,2025-01-13 14:55:00,3195,Outgoing
344,21650387026,216870234,2025-01-13 13:28:48,2025-01-13 14:12:43,2635,Outgoing
345,21650581940,216773928,2025-01-13 15:11:04,2025-01-13 15:57:37,2793,Outgoing
346,21650592064,216224390,2025-01-13 13:30:52,2025-01-13 13:50:42,1190,Outgoing
347,21650193253,216766290,2025-01-13 13:57:09,2025-01-13 14:27:47,1838,Incoming
348,21650863792,216296827,2025-01-13 13:41:13,2025-01-13 14:10:14,1741,Incoming
349,21650652804,216343534,2025-01-13 14:09:35,2025-01-13 14:32:01,1346,Incoming
350,21650528293,216706074,2025-01-13 14:07:44,2025-01-13 14:58:40,3056,Incoming
351,21650615236,216850116,2025-01-13 14:00:59,2025-01-13 14:53:07,3128,Outgoing
352,21650725230,216199828,2025-01-13 15:00:26,2025-01-13 15:27:57,1651,Incoming
353,21650316683,216919299,2025-01-13 15:01:51,2025-01-13 15:50:45,2934,Outgoing
354,21650137847,216236088,2025-01-13 15:07:45,2025-01-13 15:42:24,2079,Outgoing
355,21650230728,216873449,2025-01-13 13:26:05,2025-01-13 14:06:55,2450,Incoming
356,21650506518,216296619,2025-01-13 14:14:06,2025-01-13 14:22:22,496,Outgoing
357,21650442779,216967004,2025-01-13 14:17:26,2025-01-13 14:37:55,1229,Incoming
358,21650509444,216920652,2025-01-13 13:45:44,2025-01-13 14:00:21,877,Outgoing
359,21650465279,216144353,2025-01-13 14:48:01,2025-01-13 15:11:57,1436,Outgoing
360,21650216585,216674196,2025-01-13 14:31:30,2025-01-13 15:02:24,1854,Incoming
361,21650549011,216268686,2025-01-13 14:19:16,2025-01-13 15:12:18,3182,Incoming
362,21650114940,216323961,2025-01-13 14:01:54,2025-01-13 14:18:56,1022,Outgoing
363,21650331694,216363511,2025-01-13 14:39:50,2025-01-13 15:25:14,2724,Outgoing
364,21650283918,216749138,2025-01-13 14:02:48,2025-01-13 14:58:53,3365,Outgoing
365,21650767086,216127175,2025-01-13 13:31:33,2025-01-13 14:17:46,2773,Outgoing
366,21650196273,216966230,2025-01-13 15:13:04,2025-01-13 15:52:55,2391,Incoming
367,21650286965,216256441,2025-01-13 14:12:11,2025-01-13 14:52:12,2401,Outgoing
368,21650155864,216567198,2025-01-13 14:21:32,2025-01-13 14:43:36,1324,Incoming
369,21650622848,216229320,2025-01-13 15:04:32,2025-01-13 15:52:10,2858,Incoming
370,21650136109,216128683,2025-01-13 13:46:37,2025-01-13 14:19:35,1978,Outgoing
371,21650115822,216655858,2025-01-13 14:24:11,2025-01-13 14:58:24,2053,Incoming
372,21650321069,216975043,2025-01-13 13:49:10,2025-01-13 14:20:31,1881,Outgoing
373,21650432792,216691431,2025-01-13 13:38:26,2025-01-13 14:37:53,3567,Outgoing
374,21650262732,216388416,2025-01-13 13:34:53,2025-01-13 14:22:16,2843,Incoming
375,21650721124,216898462,2025-01-13 14:12:16,2025-01-13 15:07:12,3296,Outgoing
376,21650712366,216335249,2025-01-13 15:11:11,2025-01-13 15:35:40,1469,Outgoing
377,21650394067,216242053,2025-01-13 15:19:56,2025-01-13 16:02:57,2581,Outgoing
378,21650888732,216310248,2025-01-13 14:46:21,2025-01-13 14:52:48,387,Incoming
379,21650304322,216129111,2025-01-13 13:26:59,2025-01-13 14:25:41,3522,Outgoing
380,21650304321,216317905,2025-01-13 15:15:55,2025-01-13 15:45:42,1787,Outgoing
381,21650765175,216452303,2025-01-13 13:26:14,2025-01-13 14:10:02,2628,Incoming
382,21650664159,216243539,2025-01-13 13:57:22,2025-01-13 14:15:07,1065,Incoming
383,21650584392,216801673,2025-01-13 14:10:00,2025-01-13 14:25:57,957,Outgoing
384,21650518381,216817195,2025-01-13 14:02:28,2025-01-13 14:48:38,2770,Outgoing
385,21650623685,216663674,2025-01-13 13:58:47,2025-01-13 14:04:29,342,Incoming
386,21650419679,216131713,2025-01-13 14:15:49,2025-01-13 14:58:31,2562,Incoming
387,21650473062,216102804,2025-01-13 14:16:51,2025-01-13 14:44:12,1641,Incoming
388,21650538991,216568232,2025-01-13 14:16:00,2025-01-13 14:35:17,1157,Incoming
389,21650253176,216576857,2025-01-13 13:37:22,2025-01-13 14:03:29,1567,Outgoing
390,21650492544,216710951,2025-01-13 14:39:49,2025-01-13 14:52:22,753,Incoming
391,21650585359,216979041,2025-01-13 14:48:45,2025-01-13 15:16:02,1637,Incoming
392,21650976711,216433369,2025-01-13 14:45:20,2025-01-13 15:29:30,2650,Outgoing
393,21650799552,216154317,2025-01-13 15:11:57,2025-01-13 16:10:49,3532,Incoming
394,21650940644,216893462,2025-01-13 15:21:13,2025-01-13 16:03:56,2563,Incoming
395,21650334134,216686512,2025-01-13 13:26:16,2025-01-13 13:35:55,579,Outgoing
396,21650876417,216873450,2025-01-13 13:48:42,2025-01-13 14:19:41,1859,Incoming
397,21650777688,216656220,2025-01-13 14:36:30,2025-01-13 15:19:57,2607,Incoming
398,21650196928,216853011,2025-01-13 14:04:06,2025-01-13 14:38:36,2070,Outgoing
399,21650750785,216109972,2025-01-13 13:43:03,2025-01-13 14:08:25,1522,Incoming
400,21650115151,216737977,2025-01-13 13:35:13,2025-01-13 14:32:07,3414,Outgoing
401,21650551169,216998256,2025-01-13 14:44:16,2025-01-13 15:42:17,3481,Incoming
402,21650401414,216889866,2025-01-13 14:42:11,2025-01-13 15:00:11,1080,Incoming
403,21650371520,216265260,2025-01-13 14:26:21,2025-01-13 15:16:26,3005,Outgoing
404,21650479087,216881093,2025-01-13 14:09:10,2025-01-13 14:51:03,2513,Outgoing
405,21650648079,216733138,2025-01-13 15:15:06,2025-01-13 15:36:05,1259,Incoming
406,21650130204,216552554,2025-01-13 13:53:13,2025-01-13 14:29:52,2199,Incoming
407,21650673684,216355163,2025-01-13 14:55:50,2025-01-13 15:24:32,1722,Outgoing
408,21650775243,216785043,2025-01-13 13:36:13,2025-01-13 14:08:12,1919,Outgoing
409,21650274594,216445129,2025-01-13 13:28:12,2025-01-13 14:10:10,2518,Outgoing
410,21650247791,216135414,2025-01-13 15:19:34,2025-01-13 15:36:21,1007,Outgoing
411,21650566949,216770899,2025-01-13 15:02:15,2025-01-13 15:27:03,1488,Outgoing
412,21650680976,216499679,2025-01-13 14:29:57,2025-01-13 14:39:19,562,Incoming
413,21650597819,216570677,2025-01-13 14:33:14,2025-01-13 15:14:10,2456,Outgoing
414,21650458249,216308080,2025-01-13 13:24:38,2025-01-13 14:12:15,2857,Incoming
415,21650266378,216928003,2025-01-13 13:25:15,2025-01-13 13:58:27,1992,Incoming
416,21650607243,216805495,2025-01-13 13:28:40,2025-01-13 13:32:04,204,Incoming
417,21650232242,216112143,2025-01-13 15:17:28,2025-01-13 15:22:44,316,Incoming
418,21650788162,216776552,2025-01-13 15:24:03,2025-01-13 16:14:19,3016,Outgoing
419,21650262718,216187489,2025-01-13 14:46:01,2025-01-13 15:31:39,2738,Incoming
420,21650429727,216648905,2025-01-13 13:56:15,2025-01-13 14:07:22,667,Outgoing
421,21650676777,216114054,2025-01-13 14:59:23,2025-01-13 15:14:40,917,Outgoing
422,21650866237,216995855,2025-01-13 14:08:47,2025-01-13 14:59:13,3026,Incoming
423,21650147398,216290401,2025-01-13 13:38:51,2025-01-13 14:36:23,3452,Incoming
424,21650430518,216172928,2025-01-13 14:23:33,2025-01-13 14:31:40,487,Incoming
425,21650677643,216583645,2025-01-13 14:08:49,2025-01-13 14:28:41,1192,Outgoing
426,21650499917,216874728,2025-01-13 15:10:27,2025-01-13 15:55:25,2698,Incoming
427,21650288786,216970184,2025-01-13 15:02:29,2025-01-13 15:37:26,2097,Incoming
428,21650478865,216296764,2025-01-13 14:28:52,2025-01-13 15:13:37,2685,Incoming
429,21650356958,216620794,2025-01-13 14:54:09,2025-01-13 15:39:04,2695,Incoming
430,21650171013,216885141,2025-01-13 13:49:14,2025-01-13 14:24:11,2097,Outgoing
431,21650556130,216810347,2025-01-13 14:44:55,2025-01-13 15:35:26,3031,Outgoing
432,21650149519,216834500,2025-01-13 15:20:21,2025-01-13 16:18:07,3466,Outgoing
433,21650474836,216283315,2025-01-13 14:49:35,2025-01-13 15:15:26,1551,Incoming
434,21650651672,216158511,2025-01-13 14:44:52,2025-01-13 14:54:26,574,Outgoing
435,21650584617,216622375,2025-01-13 15:06:10,2025-01-13 15:26:29,1219,Outgoing
436,21650416710,216552757,2025-01-13 14:03:42,2025-01-13 14:05:31,109,Outgoing
437,21650741552,216155888,2025-01-13 13:27:47,2025-01-13 14:10:02,2535,Outgoing
438,21650637219,216201489,2025-01-13 14:31:53,2025-01-13 15:27:49,3356,Outgoing
439,21650850710,216307519,2025-01-13 15:13:24,2025-01-13 15:41:09,1665,Outgoing
440,21650207507,216362522,2025-01-13 14:01:54,2025-01-13 14:33:44,1910,Outgoing
441,21650994761,216608409,2025-01-13 15:09:12,2025-01-13 15:27:19,1087,Incoming
442,21650119039,216428000,2025-01-13 15:05:36,2025-01-13 15:54:24,2928,Incoming
443,21650746968,216867943,2025-01-13 14:20:58,2025-01-13 15:04:53,2635,Outgoing
444,21650737025,216201361,2025-01-13 13:44:38,2025-01-13 14:02:13,1055,Incoming
445,21650773456,216382642,2025-01-13 13:47:24,2025-01-13 14:16:34,1750,Incoming
446,21650791760,216758855,2025-01-13 14:45:26,2025-01-13 15:43:30,3484,Incoming
447,21650749420,216544930,2025-01-13 13:29:28,2025-01-13 13:49:39,1211,Incoming
448,21650887828,216356950,2025-01-13 13:26:11,2025-01-13 13:30:38,267,Outgoing
449,21650744761,216296767,2025-01-13 14:30:24,2025-01-13 14:33:26,182,Outgoing
450,21650773485,216597426,2025-01-13 14:02:48,2025-01-13 14:22:08,1160,Incoming
451,21650682315,216824553,2025-01-13 14:10:51,2025-01-13 14:37:25,1594,Outgoing
452,21650966097,216408394,2025-01-13 15:19:40,2025-01-13 15:49:48,1808,Incoming
453,21650394154,216497620,2025-01-13 14:10:03,2025-01-13 14:30:13,1210,Incoming
454,21650937161,216290786,2025-01-13 14:24:45,2025-01-13 15:08:22,2617,Incoming
455,21650284974,216101855,2025-01-13 14:24:32,2025-01-13 15:07:26,2574,Outgoing
456,21650409855,216634578,2025-01-13 15:01:38,2025-01-13 15:28:57,1639,Incoming
457,21650522894,216332278,2025-01-13 15:12:48,2025-01-13 16:04:39,3111,Outgoing
458,21650605335,216136389,2025-01-13 14:14:42,2025-01-13 14:45:56,1874,Outgoing
459,21650507117,216175842,2025-01-13 14:31:56,2025-01-13 15:10:54,2338,Incoming
460,21650213834,216934636,2025-01-13 14:35:14,2025-01-13 14:43:19,485,Incoming
461,21650132470,216549403,2025-01-13 13:29:54,2025-01-13 14:00:54,1860,Incoming
462,21650850766,216141872,2025-01-13 13:45:21,2025-01-13 14:21:34,2173,Incoming
463,21650133018,216385667,2025-01-13 14:07:59,2025-01-13 14:21:56,837,Outgoing
464,21650767116,216102389,2025-01-13 13:24:48,2025-01-13 13:33:33,525,Outgoing
465,21650825217,216140594,2025-01-13 13:27:37,2025-01-13 13:46:12,1115,Incoming
466,21650535278,216635416,2025-01-13 14:18:55,2025-01-13 15:13:47,3292,Outgoing
467,21650947572,216514052,2025-01-13 15:13:52,2025-01-13 15:16:20,148,Outgoing
468,21650716001,216194593,2025-01-13 14:23:31,2025-01-13 14:57:42,2051,Outgoing
469,21650201316,216553886,2025-01-13 15:03:55,2025-01-13 15:37:24,2009,Incoming
470,21650218389,216171703,2025-01-13 14:08:01,2025-01-13 14:54:30,2789,Incoming
471,21650837428,216231701,2025-01-13 14:53:20,2025-01-13 15:36:13,2573,Outgoing
472,21650768093,216865578,2025-01-13 15:07:15,2025-01-13 16:03:51,3396,Incoming
473,21650109303,216207501,2025-01-13 14:29:35,2025-01-13 14:50:27,1252,Outgoing
474,21650484794,216196974,2025-01-13 14:54:19,2025-01-13 15:42:55,2916,Outgoing
475,21650877559,216680892,2025-01-13 15:19:30,2025-01-13 15:33:50,860,Incoming
476,21650229065,216955551,2025-01-13 15:17:44,2025-01-13 15:40:41,1377,Outgoing
477,21650806131,216690606,2025-01-13 13:36:57,2025-01-13 14:26:47,2990,Outgoing
478,21650407943,216489708,2025-01-13 14:01:22,2025-01-13 14:18:28,1026,Outgoing
479,21650715248,216839554,2025-01-13 13:38:29,2025-01-13 13:57:01,1112,Outgoing
480,21650866987,216506421,2025-01-13 15:21:06,2025-01-13 16:11:45,3039,Incoming
481,21650536106,216614376,2025-01-13 14:14:36,2025-01-13 14:51:35,2219,Incoming
482,21650580187,216617962,2025-01-13 14:14:19,2025-01-13 15:00:07,2748,Outgoing
483,21650544498,216811656,2025-01-13 15:17:54,2025-01-13 16:00:14,2540,Outgoing
484,21650783290,216120962,2025-01-13 15:18:52,2025-01-13 15:48:00,1748,Outgoing
485,21650655476,216685243,2025-01-13 13:54:07,2025-01-13 14:03:15,548,Outgoing
486,21650691333,216782252,2025-01-13 13:39:17,2025-01-13 14:38:48,3571,Incoming
487,21650293518,216727799,2025-01-13 13:32:24,2025-01-13 14:26:07,3223,Incoming
488,21650919367,216852563,2025-01-13 14:56:50,2025-01-13 15:51:38,3288,Incoming
489,21650991720,216175286,2025-01-13 13:56:49,2025-01-13 14:03:28,399,Incoming
490,21650711037,216907241,2025-01-13 15:24:08,2025-01-13 16:15:57,3109,Outgoing
491,21650340565,216871095,2025-01-13 14:22:26,2025-01-13 14:52:44,1818,Incoming
492,21650792284,216678063,2025-01-13 15:04:30,2025-01-13 15:57:32,3182,Outgoing
493,21650210234,216887164,2025-01-13 14:42:13,2025-01-13 14:47:29,316,Incoming
494,21650544004,216175650,2025-01-13 15:03:21,2025-01-13 15:17:44,863,Outgoing
495,21650671805,216330488,2025-01-13 15:12:58,2025-01-13 16:09:54,3416,Incoming
496,21650257057,216488096,2025-01-13 13:49:04,2025-01-13 14:39:10,3006,Incoming
497,21650311342,216160597,2025-01-13 14:25:26,2025-01-13 15:23:38,3492,Incoming
498,21650888446,216752706,2025-01-13 14:42:48,2025-01-13 15:17:06,2058,Outgoing
499,21650473348,216601935,2025-01-13 14:45:33,2025-01-13 15:17:52,1939,Outgoing
500,21650889264,216554957,2025-01-13 15:19:00,2025-01-13 15:52:14,1994,Outgoing
501,21650510157,216406563,2025-01-13 13:40:56,2025-01-13 13:44:27,211,Incoming
502,21650501216,216327302,2025-01-13 13:58:58,2025-01-13 14:46:59,2881,Incoming
503,21650341049,216795086,2025-01-13 15:09:52,2025-01-13 15:20:34,642,Outgoing
504,21650853452,216122215,2025-01-13 14:52:06,2025-01-13 15:21:38,1772,Incoming
505,21650546441,216782796,2025-01-13 14:07:29,2025-01-13 14:21:06,817,Outgoing
506,21650721983,216445147,2025-01-13 13:35:02,2025-01-13 14:31:21,3379,Incoming
507,21650618484,216828903,2025-01-13 13:33:15,2025-01-13 13:45:48,753,Incoming
508,21650489897,216278251,2025-01-13 14:25:05,2025-01-13 14:53:53,1728,Incoming
509,21650368572,216742163,2025-01-13 15:16:28,2025-01-13 15:33:35,1027,Incoming
510,21650568097,216429608,2025-01-13 14:31:14,2025-01-13 14:55:25,1451,Incoming
511,21650157464,216695603,2025-01-13 14:38:18,2025-01-13 15:01:41,1403,Incoming
512,21650991717,216645471,2025-01-13 14:17:01,2025-01-13 14:48:41,1900,Incoming
513,21650969727,216868193,2025-01-13 13:49:12,2025-01-13 14:32:48,2616,Incoming
514,21650139601,216469194,2025-01-13 14:30:21,2025-01-13 15:27:38,3437,Incoming
515,21650286089,216885193,2025-01-13 13:39:35,2025-01-13 13:47:32,477,Outgoing
516,21650690071,216144883,2025-01-13 13:57:41,2025-01-13 14:08:37,656,Outgoing
517,21650245246,216241260,2025-01-13 14:49:08,2025-01-13 15:35:28,2780,Incoming
518,21650196233,216658515,2025-01-13 13:44:59,2025-01-13 14:12:01,1622,Incoming
519,21650556204,216482466,2025-01-13 13:43:13,2025-01-13 13:51:29,496,Incoming
520,21650791258,216693421,2025-01-13 15:06:11,2025-01-13 16:03:01,3410,Incoming
521,21650451690,216712419,2025-01-13 13:25:36,2025-01-13 14:00:56,2120,Outgoing
522,21650378199,216214610,2025-01-13 13:43:49,2025-01-13 14:30:19,2790,Incoming
523,21650741600,216232915,2025-01-13 14:04:28,2025-01-13 14:33:40,1752,Outgoing
524,21650280157,216195136,2025-01-13 14:52:15,2025-01-13 15:39:28,2833,Outgoing
525,21650728990,216298495,2025-01-13 14:43:27,2025-01-13 15:35:12,3105,Outgoing
526,21650360450,216456978,2025-01-13 14:45:07,2025-01-13 14:46:56,109,Incoming
527,21650493551,216698734,2025-01-13 14:37:56,2025-01-13 14:45:41,465,Outgoing
528,21650227127,216110416,2025-01-13 14:20:49,2025-01-13 14:54:21,2012,Incoming
529,21650296470,216809637,2025-01-13 13:54:02,2025-01-13 14:47:22,3200,Incoming
530,21650167292,216735797,2025-01-13 14:11:51,2025-01-13 14:44:08,1937,Outgoing
531,21650366047,216399213,2025-01-13 13:41:21,2025-01-13 13:52:51,690,Outgoing
532,21650991103,216238559,2025-01-13 13:58:55,2025-01-13 14:27:38,1723,Outgoing
533,21650126622,216444958,2025-01-13 15:10:36,2025-01-13 15:56:30,2754,Outgoing
534,21650730229,216884302,2025-01-13 14:40:31,2025-01-13 15:21:29,2458,Outgoing
535,21650713085,216443097,2025-01-13 14:30:51,2025-01-13 14:58:52,1681,Incoming
536,21650602237,216720917,2025-01-13 15:00:02,2025-01-13 15:36:32,2190,Outgoing
537,21650566910,216783765,2025-01-13 15:12:42,2025-01-13 15:14:33,111,Incoming
538,21650556684,216564058,2025-01-13 15:05:38,2025-01-13 15:31:37,1559,Incoming
539,21650744305,216571055,2025-01-13 14:08:22,2025-01-13 14:38:45,1823,Incoming
540,21650974510,216380947,2025-01-13 15:05:11,2025-01-13 15:32:27,1636,Incoming
541,21650111502,216707823,2025-01-13 13:25:18,2025-01-13 14:08:38,2600,Incoming
542,21650713983,216744584,2025-01-13 13:48:12,2025-01-13 14:12:10,1438,Outgoing
543,21650100590,216641677,2025-01-13 14:18:40,2025-01-13 15:13:28,3288,Incoming
544,21650611526,216614182,2025-01-13 14:10:42,2025-01-13 14:14:23,221,Outgoing
545,21650620380,216659941,2025-01-13 13:29:42,2025-01-13 14:28:03,3501,Incoming
546,21650977558,216231207,2025-01-13 13:32:02,2025-01-13 14:24:18,3136,Incoming
547,21650750016,216576444,2025-01-13 13:38:49,2025-01-13 14:30:09,3080,Incoming
548,21650158466,216299731,2025-01-13 14:18:55,2025-01-13 14:39:00,1205,Incoming
549,21650605771,216465257,2025-01-13 14:24:14,2025-01-13 14:33:58,584,Outgoing
550,21650611567,216530462,2025-01-13 13:37:41,2025-01-13 13:49:12,691,Incoming
551,21650879685,216794000,2025-01-13 15:07:43,2025-01-13 15:22:52,909,Outgoing
552,21650820201,216254711,2025-01-13 14:55:45,2025-01-13 15:09:33,828,Outgoing
553,21650579329,216862296,2025-01-13 15:05:48,2025-01-13 15:22:42,1014,Outgoing
554,21650499585,216372706,2025-01-13 15:21:28,2025-01-13 15:32:45,677,Outgoing
555,21650393315,216207609,2025-01-13 14:02:44,2025-01-13 14:40:28,2264,Outgoing
556,21650621105,216143416,2025-01-13 14:58:03,2025-01-13 15:40:03,2520,Incoming
557,21650149687,216862399,2025-01-13 13:41:46,2025-01-13 14:13:31,1905,Outgoing
558,21650420069,216627973,2025-01-13 13:30:03,2025-01-13 14:20:48,3045,Outgoing
559,21650461205,216391061,2025-01-13 15:12:07,2025-01-13 15:48:42,2195,Incoming
560,21650493013,216524022,2025-01-13 14:30:58,2025-01-13 15:02:57,1919,Outgoing
561,21650437981,216412519,2025-01-13 15:14:13,2025-01-13 15:41:27,1634,Outgoing
562,21650175494,216294322,2025-01-13 13:53:55,2025-01-13 14:07:26,811,Outgoing
563,21650445223,216840903,2025-01-13 14:43:10,2025-01-13 15:36:43,3213,Outgoing
564,21650369626,216141047,2025-01-13 13:48:27,2025-01-13 14:46:13,3466,Incoming
565,21650469052,216384938,2025-01-13 14:14:14,2025-01-13 14:38:52,1478,Incoming
566,21650774668,216608576,2025-01-13 14:19:41,2025-01-13 14:22:39,178,Incoming
567,21650930993,216307665,2025-01-13 13:40:19,2025-01-13 14:35:29,3310,Incoming
568,21650434198,216682397,2025-01-13 14:49:43,2025-01-13 15:07:55,1092,Incoming
569,21650393945,216496797,2025-01-13 14:49:17,2025-01-13 15:27:38,2301,Outgoing
570,21650648028,216900396,2025-01-13 15:14:41,2025-01-13 15:26:40,719,Incoming
571,21650732370,216353257,2025-01-13 14:47:01,2025-01-13 15:16:13,1752,Incoming
572,21650437757,216232952,2025-01-13 14:15:42,2025-01-13 15:12:32,3410,Outgoing
573,21650583496,216712173,2025-01-13 14:05:01,2025-01-13 14:26:22,1281,Incoming
574,21650564248,216195580,2025-01-13 14:09:50,2025-01-13 14:24:01,851,Incoming
575,21650866316,216902904,2025-01-13 14:07:28,2025-01-13 14:58:54,3086,Outgoing
576,21650111026,216221662,2025-01-13 13:57:37,2025-01-13 14:19:49,1332,Incoming
577,21650287528,216272405,2025-01-13 15:05:38,2025-01-13 15:29:44,1446,Outgoing
578,21650921426,216678751,2025-01-13 13:50:50,2025-01-13 14:48:42,3472,Incoming
579,21650702284,216778141,2025-01-13 13:27:34,2025-01-13 14:14:54,2840,Outgoing
580,21650597927,216218927,2025-01-13 14:40:36,2025-01-13 14:49:19,523,Outgoing
581,21650904400,216176474,2025-01-13 13:59:58,2025-01-13 14:52:20,3142,Outgoing
582,21650833537,216453479,2025-01-13 14:36:11,2025-01-13 14:44:05,474,Incoming
583,21650827578,216685768,2025-01-13 14:46:26,2025-01-13 15:43:20,3414,Incoming
584,21650304692,216205444,2025-01-13 13:38:26,2025-01-13 13:48:17,591,Outgoing
585,21650103005,216598370,2025-01-13 13:55:23,2025-01-13 14:12:58,1055,Incoming
586,21650553311,216441768,2025-01-13 14:53:22,2025-01-13 15:00:37,435,Incoming
587,21650952084,216163053,2025-01-13 14:36:17,2025-01-13 14:43:47,450,Incoming
588,21650426953,216408257,2025-01-13 15:10:47,2025-01-13 15:19:54,547,Incoming
589,21650649416,216449923,2025-01-13 13:39:09,2025-01-13 14:01:15,1326,Outgoing
590,21650130869,216289034,2025-01-13 14:24:43,2025-01-13 15:16:17,3094,Outgoing
591,21650116839,216291377,2025-01-13 14:23:12,2025-01-13 15:09:55,2803,Incoming
592,21650597476,216309420,2025-01-13 13:36:18,2025-01-13 14:08:40,1942,Incoming
593,21650162593,216105653,2025-01-13 13:53:11,2025-01-13 14:42:25,2954,Outgoing
594,21650621681,216776184,2025-01-13 14:43:32,2025-01-13 14:56:29,777,Incoming
595,21650813472,216654483,2025-01-13 14:34:45,2025-01-13 15:04:44,1799,Outgoing
596,21650737188,216283742,2025-01-13 15:00:26,2025-01-13 15:40:55,2429,Outgoing
597,21650817962,216515382,2025-01-13 14:36:33,2025-01-13 14:57:32,1259,Outgoing
598,21650275443,216359283,2025-01-13 14:48:12,2025-01-13 15:24:08,2156,Incoming
599,21650502892,216268195,2025-01-13 13:34:31,2025-01-13 14:05:09,1838,Incoming
600,21650213250,216397574,2025-01-13 15:05:45,2025-01-13 16:02:19,3394,Incoming
601,21650871747,216454446,2025-01-13 14:35:38,2025-01-13 15:27:02,3084,Incoming
602,21650251586,216712785,2025-01-13 13:45:46,2025-01-13 14:11:10,1524,Outgoing
603,21650522768,216910669,2025-01-13 15:03:18,2025-01-13 15:16:14,776,Outgoing
604,21650251714,216317026,2025-01-13 14:10:28,2025-01-13 14:11:29,61,Incoming
605,21650467310,216414572,2025-01-13 14:03:54,2025-01-13 14:54:10,3016,Incoming
606,21650603528,216602764,2025-01-13 14:29:13,2025-01-13 15:22:40,3207,Outgoing
607,21650669401,216622710,2025-01-13 15:19:48,2025-01-13 16:10:32,3044,Incoming
608,21650633256,216130193,2025-01-13 14:36:36,2025-01-13 14:53:37,1021,Incoming
609,21650558874,216787767,2025-01-13 14:13:40,2025-01-13 14:22:24,524,Outgoing
610,21650686649,216460601,2025-01-13 14:43:24,2025-01-13 14:59:53,989,Outgoing
611,21650512571,216557701,2025-01-13 14:21:51,2025-01-13 14:29:35,464,Incoming
612,21650907393,216952680,2025-01-13 13:27:25,2025-01-13 13:41:02,817,Incoming
613,21650441523,216802421,2025-01-13 14:03:17,2025-01-13 14:07:38,261,Outgoing
614,21650489087,216979689,2025-01-13 14:58:59,2025-01-13 15:36:04,2225,Incoming
615,21650262866,216536120,2025-01-13 15:23:39,2025-01-13 16:04:00,2421,Incoming
616,21650603460,216775208,2025-01-13 15:16:48,2025-01-13 15:55:06,2298,Incoming
617,21650314596,216419693,2025-01-13 13:42:18,2025-01-13 14:37:57,3339,Incoming
618,21650284716,216420952,2025-01-13 15:07:16,2025-01-13 15:15:52,516,Incoming
619,21650708296,216488798,2025-01-13 14:29:11,2025-01-13 14:59:33,1822,Outgoing
620,21650769700,216902122,2025-01-13 15:07:57,2025-01-13 15:52:37,2680,Outgoing
621,21650163016,216901325,2025-01-13 15:03:14,2025-01-13 15:23:04,1190,Incoming
622,21650583480,216398699,2025-01-13 13:37:15,2025-01-13 14:06:55,1780,Outgoing
623,21650791979,216224936,2025-01-13 15:10:07,2025-01-13 15:16:10,363,Outgoing
624,21650643308,216560435,2025-01-13 13:36:15,2025-01-13 14:10:33,2058,Incoming
625,21650489763,216495546,2025-01-13 15:16:45,2025-01-13 15:49:20,1955,Outgoing
626,21650190353,216426278,2025-01-13 13:50:33,2025-01-13 13:55:23,290,Outgoing
627,21650209700,216351110,2025-01-13 15:14:14,2025-01-13 15:15:56,102,Incoming
628,21650616929,216527748,2025-01-13 14:57:33,2025-01-13 15:50:40,3187,Incoming
629,21650268269,216376380,2025-01-13 14:57:06,2025-01-13 15:01:30,264,Incoming
630,21650996915,216802190,2025-01-13 13:29:14,2025-01-13 14:12:23,2589,Incoming
631,21650738766,216780246,2025-01-13 14:00:28,2025-01-13 14:40:45,2417,Outgoing
632,21650447251,216727205,2025-01-13 14:20:43,2025-01-13 14:41:37,1254,Incoming
633,21650259391,216564006,2025-01-13 14:06:07,2025-01-13 14:15:44,577,Outgoing
634,21650401364,216703278,2025-01-13 14:51:34,2025-01-13 15:15:40,1446,Incoming
635,21650375515,216489882,2025-01-13 14:43:21,2025-01-13 14:47:25,244,Outgoing
636,21650689188,216350668,2025-01-13 14:33:58,2025-01-13 14:55:30,1292,Incoming
637,21650345738,216792657,2025-01-13 14:13:12,2025-01-13 14:55:52,2560,Incoming
638,21650836163,216670587,2025-01-13 15:12:01,2025-01-13 15:16:15,254,Incoming
639,21650753191,216613703,2025-01-13 14:36:22,2025-01-13 14:43:50,448,Outgoing
640,21650529101,216875500,2025-01-13 13:52:17,2025-01-13 14:41:16,2939,Outgoing
641,21650741872,216915417,2025-01-13 14:15:03,2025-01-13 15:02:10,2827,Incoming
642,21650493569,216342159,2025-01-13 15:04:40,2025-01-13 15:26:56,1336,Incoming
643,21650242951,216503176,2025-01-13 14:44:13,2025-01-13 15:41:44,3451,Incoming
644,21650740586,216447931,2025-01-13 13:28:52,2025-01-13 14:03:09,2057,Outgoing
645,21650731181,216320465,2025-01-13 13:37:54,2025-01-13 13:40:14,140,Outgoing
646,21650998823,216492829,2025-01-13 13:24:38,2025-01-13 14:17:44,3186,Outgoing
647,21650524605,216874122,2025-01-13 14:39:53,2025-01-13 14:52:37,764,Incoming
648,21650753909,216896988,2025-01-13 13:35:22,2025-01-13 14:05:13,1791,Outgoing
649,21650917016,216255643,2025-01-13 14:19:25,2025-01-13 14:35:12,947,Incoming
650,21650263260,216824414,2025-01-13 13:32:35,2025-01-13 14:04:17,1902,Outgoing
651,21650217370,216320539,2025-01-13 14:46:54,2025-01-13 15:44:08,3434,Outgoing
652,21650831093,216149108,2025-01-13 15:23:44,2025-01-13 15:52:59,1755,Incoming
653,21650788928,216613529,2025-01-13 14:49:39,2025-01-13 15:25:03,2124,Incoming
654,21650588520,216994985,2025-01-13 13:55:45,2025-01-13 14:17:21,1296,Incoming
655,21650240870,216160836,2025-01-13 14:38:00,2025-01-13 15:21:37,2617,Outgoing
656,21650278049,216825192,2025-01-13 15:04:30,2025-01-13 15:06:11,101,Outgoing
657,21650807861,216771623,2025-01-13 14:02:04,2025-01-13 14:18:59,1015,Outgoing
658,21650965142,216995238,2025-01-13 14:09:45,2025-01-13 14:43:25,2020,Outgoing
659,21650900458,216907969,2025-01-13 14:21:08,2025-01-13 14:21:33,25,Incoming
660,21650792135,216558928,2025-01-13 14:10:14,2025-01-13 14:35:12,1498,Incoming
661,21650666281,216564737,2025-01-13 14:42:59,2025-01-13 15:00:42,1063,Outgoing
662,21650625706,216577429,2025-01-13 14:41:08,2025-01-13 14:47:54,406,Outgoing
663,21650941134,216256998,2025-01-13 14:03:44,2025-01-13 14:08:04,260,Outgoing
664,21650195034,216104862,2025-01-13 13:41:57,2025-01-13 13:52:00,603,Incoming
665,21650907644,216120941,2025-01-13 14:46:11,2025-01-13 14:46:33,22,Outgoing
666,21650367819,216762662,2025-01-13 14:45:40,2025-01-13 14:46:48,68,Incoming
667,21650329477,216164336,2025-01-13 13:57:52,2025-01-13 14:50:14,3142,Incoming
668,21650730454,216716688,2025-01-13 14:58:49,2025-01-13 15:38:48,2399,Outgoing
669,21650937392,216188323,2025-01-13 13:44:11,2025-01-13 14:38:26,3255,Outgoing
670,21650830456,216516961,2025-01-13 14:42:04,2025-01-13 15:39:57,3473,Incoming
671,21650915260,216135952,2025-01-13 15:16:58,2025-01-13 15:59:56,2578,Incoming
672,21650711410,216627908,2025-01-13 14:07:43,2025-01-13 14:26:41,1138,Incoming
673,21650850890,216899103,2025-01-13 14:47:31,2025-01-13 15:15:45,1694,Outgoing
674,21650807137,216722316,2025-01-13 14:54:19,2025-01-13 15:17:39,1400,Incoming
675,21650743507,216407528,2025-01-13 14:43:10,2025-01-13 15:31:15,2885,Incoming
676,21650645727,216529096,2025-01-13 13:52:07,2025-01-13 14:20:57,1730,Incoming
677,21650325420,216218435,2025-01-13 13:32:25,2025-01-13 14:20:12,2867,Outgoing
678,21650847176,216765434,2025-01-13 15:06:01,2025-01-13 15:16:04,603,Outgoing
679,21650737737,216798614,2025-01-13 15:21:59,2025-01-13 15:30:50,531,Outgoing
680,21650381246,216754212,2025-01-13 13:45:22,2025-01-13 14:34:09,2927,Outgoing
681,21650433908,216587766,2025-01-13 14:05:58,2025-01-13 14:18:14,736,Outgoing
682,21650200245,216649498,2025-01-13 15:13:57,2025-01-13 15:43:27,1770,Incoming
683,21650534890,216805478,2025-01-13 15:04:28,2025-01-13 15:34:14,1786,Incoming
684,21650768782,216644754,2025-01-13 13:39:24,2025-01-13 13:48:55,571,Incoming
685,21650116333,216101731,2025-01-13 14:55:22,2025-01-13 15:01:30,368,Outgoing
686,21650354876,216244028,2025-01-13 15:12:31,2025-01-13 15:31:21,1130,Incoming
687,21650748262,216764634,2025-01-13 14:14:06,2025-01-13 14:26:26,740,Outgoing
688,21650930091,216472956,2025-01-13 14:19:02,2025-01-13 15:05:42,2800,Incoming
689,21650950578,216491363,2025-01-13 14:48:23,2025-01-13 15:44:46,3383,Outgoing
690,21650650848,216540667,2025-01-13 14:11:49,2025-01-13 14:28:44,1015,Incoming
691,21650588055,216715846,2025-01-13 14:38:20,2025-01-13 15:29:50,3090,Outgoing
692,21650142245,216716235,2025-01-13 15:01:07,2025-01-13 15:07:21,374,Incoming
693,21650276572,216470079,2025-01-13 13:28:07,2025-01-13 13:57:41,1774,Outgoing
694,21650547723,216935640,2025-01-13 14:05:51,2025-01-13 14:23:36,1065,Incoming
695,21650236572,216135883,2025-01-13 13:43:45,2025-01-13 14:09:42,1557,Outgoing
696,21650959406,216171790,2025-01-13 13:41:00,2025-01-13 14:15:23,2063,Incoming
697,21650104640,216943021,2025-01-13 14:06:36,2025-01-13 14:50:13,2617,Incoming
698,21650774450,216477874,2025-01-13 13:52:11,2025-01-13 14:29:31,2240,Outgoing
699,21650515538,216230184,2025-01-13 14:39:31,2025-01-13 15:07:25,1674,Incoming
700,21650462074,216687566,2025-01-13 15:18:07,2025-01-13 16:05:38,2851,Incoming
701,21650919161,216859759,2025-01-13 15:00:12,2025-01-13 15:07:39,447,Outgoing
702,21650430591,216160241,2025-01-13 13:49:46,2025-01-13 14:09:56,1210,Incoming
703,21650115025,216246287,2025-01-13 13:36:51,2025-01-13 13:55:33,1122,Incoming
704,21650448473,216627674,2025-01-13 14:37:59,2025-01-13 15:02:29,1470,Outgoing
705,21650279085,216905660,2025-01-13 14:32:21,2025-01-13 15:04:09,1908,Outgoing
706,21650927428,216504442,2025-01-13 14:19:08,2025-01-13 14:26:08,420,Incoming
707,21650874661,216742502,2025-01-13 13:51:07,2025-01-13 14:27:19,2172,Incoming
708,21650182397,216269006,2025-01-13 14:54:56,2025-01-13 15:49:00,3244,Incoming
709,21650173666,216842030,2025-01-13 13:26:01,2025-01-13 14:04:17,2296,Outgoing
710,21650188080,216594803,2025-01-13 14:39:24,2025-01-13 14:40:50,86,Incoming
711,21650806404,216465546,2025-01-13 14:28:37,2025-01-13 14:30:11,94,Outgoing
712,21650817015,216510785,2025-01-13 14:38:02,2025-01-13 15:22:57,2695,Incoming
713,21650971322,216831376,2025-01-13 13:45:42,2025-01-13 14:41:25,3343,Incoming
714,21650203233,216926370,2025-01-13 15:06:48,2025-01-13 15:24:55,1087,Outgoing
715,21650274990,216195337,2025-01-13 13:57:42,2025-01-13 14:07:52,610,Outgoing
716,21650903637,216948926,2025-01-13 14:50:55,2025-01-13 15:16:39,1544,Incoming
717,21650860576,216224835,2025-01-13 14:30:55,2025-01-13 14:49:40,1125,Outgoing
718,21650165519,216392733,2025-01-13 14:53:22,2025-01-13 15:35:30,2528,Outgoing
719,21650817263,216587372,2025-01-13 13:31:49,2025-01-13 14:01:34,1785,Outgoing
720,21650926802,216206543,2025-01-13 13:53:09,2025-01-13 14:32:13,2344,Incoming
721,21650319260,216923196,2025-01-13 14:33:51,2025-01-13 14:48:37,886,Outgoing
722,21650771725,216268579,2025-01-13 13:38:32,2025-01-13 14:02:09,1417,Incoming
723,21650248537,216994668,2025-01-13 15:21:30,2025-01-13 15:40:10,1120,Outgoing
724,21650325006,216679885,2025-01-13 14:09:28,2025-01-13 14:33:34,1446,Outgoing
725,21650953492,216278784,2025-01-13 14:45:35,2025-01-13 15:26:19,2444,Incoming
726,21650267600,216968086,2025-01-13 14:26:24,2025-01-13 14:29:06,162,Outgoing
727,21650304427,216191527,2025-01-13 13:32:26,2025-01-13 13:45:07,761,Outgoing
728,21650545297,216636085,2025-01-13 14:15:50,2025-01-13 14:50:29,2079,Incoming
729,21650229832,216438496,2025-01-13 14:55:54,2025-01-13 15:37:21,2487,Incoming
730,21650896758,216488775,2025-01-13 13:51:12,2025-01-13 14:04:50,818,Incoming
731,21650530720,216353775,2025-01-13 14:52:13,2025-01-13 15:27:25,2112,Incoming
732,21650975447,216705135,2025-01-13 14:55:53,2025-01-13 15:53:29,3456,Outgoing
733,21650423463,216413850,2025-01-13 14:29:42,2025-01-13 15:04:38,2096,Incoming
734,21650657276,216655489,2025-01-13 14:11:17,2025-01-13 15:02:48,3091,Outgoing
735,21650205881,216522428,2025-01-13 14:37:41,2025-01-13 15:31:11,3210,Incoming
736,21650554082,216574126,2025-01-13 15:10:24,2025-01-13 15:36:47,1583,Incoming
737,21650348058,216777045,2025-01-13 13:46:26,2025-01-13 13:52:22,356,Incoming
738,21650202570,216177768,2025-01-13 15:16:06,2025-01-13 15:29:44,818,Outgoing
739,21650907496,216287599,2025-01-13 13:44:40,2025-01-13 14:26:04,2484,Outgoing
740,21650157760,216730291,2025-01-13 14:34:29,2025-01-13 14:36:15,106,Incoming
741,21650195680,216180804,2025-01-13 15:08:39,2025-01-13 15:40:55,1936,Outgoing
742,21650333936,216492561,2025-01-13 14:59:28,2025-01-13 15:20:29,1261,Incoming
743,21650196059,216256591,2025-01-13 15:14:54,2025-01-13 15:24:35,581,Incoming
744,21650429460,216737451,2025-01-13 15:03:48,2025-01-13 15:31:56,1688,Outgoing
745,21650673324,216623520,2025-01-13 14:01:59,2025-01-13 14:45:22,2603,Incoming
746,21650339195,216444418,2025-01-13 13:27:43,2025-01-13 13:31:57,254,Incoming
747,21650594802,216158077,2025-01-13 14:49:49,2025-01-13 15:34:02,2653,Incoming
748,21650269981,216466833,2025-01-13 14:37:14,2025-01-13 15:14:03,2209,Outgoing
749,21650167779,216144915,2025-01-13 15:08:46,2025-01-13 15:38:45,1799,Outgoing
750,21650305719,216284607,2025-01-13 14:06:16,2025-01-13 14:32:42,1586,Incoming
751,21650375422,216963273,2025-01-13 13:52:21,2025-01-13 14:51:18,3537,Outgoing
752,21650903273,216776228,2025-01-13 14:50:39,2025-01-13 15:22:45,1926,Incoming
753,21650485436,216278962,2025-01-13 13:42:38,2025-01-13 14:26:09,2611,Outgoing
754,21650337777,216137950,2025-01-13 14:46:56,2025-01-13 15:24:31,2255,Outgoing
755,21650427966,216168857,2025-01-13 14:04:04,2025-01-13 14:54:03,2999,Outgoing
756,21650508375,216597593,2025-01-13 14:15:33,2025-01-13 15:12:24,3411,Incoming
757,21650514431,216673261,2025-01-13 15:03:23,2025-01-13 15:26:00,1357,Incoming
758,21650596244,216966515,2025-01-13 14:36:13,2025-01-13 15:07:27,1874,Incoming
759,21650732594,216468643,2025-01-13 14:55:42,2025-01-13 15:18:25,1363,Incoming
760,21650397477,216686416,2025-01-13 14:49:23,2025-01-13 15:20:49,1886,Outgoing
761,21650925456,216616393,2025-01-13 13:42:03,2025-01-13 14:19:55,2272,Outgoing
762,21650172518,216351681,2025-01-13 14:56:40,2025-01-13 15:49:44,3184,Outgoing
763,21650449514,216513835,2025-01-13 14:54:13,2025-01-13 15:00:32,379,Incoming
764,21650523595,216113179,2025-01-13 15:21:12,2025-01-13 15:49:39,1707,Outgoing
765,21650649863,216784763,2025-01-13 15:06:26,2025-01-13 15:53:48,2842,Outgoing
766,21650998705,216193807,2025-01-13 14:33:22,2025-01-13 14:34:55,93,Incoming
767,21650882801,216904390,2025-01-13 15:11:07,2025-01-13 15:16:38,331,Outgoing
768,21650476719,216661161,2025-01-13 14:50:39,2025-01-13 15:00:25,586,Incoming
769,21650109780,216384297,2025-01-13 13:55:02,2025-01-13 13:58:51,229,Outgoing
770,21650434260,216573907,2025-01-13 13:28:02,2025-01-13 14:11:29,2607,Incoming
771,21650446073,216737839,2025-01-13 14:32:01,2025-01-13 15:17:07,2706,Incoming
772,21650817712,216968871,2025-01-13 15:13:59,2025-01-13 15:58:49,2690,Outgoing
773,21650980461,216677451,2025-01-13 14:49:08,2025-01-13 15:45:03,3355,Outgoing
774,21650794685,216483351,2025-01-13 15:12:18,2025-01-13 16:10:16,3478,Outgoing
775,21650470746,216790329,2025-01-13 14:34:27,2025-01-13 14:59:45,1518,Outgoing
776,21650284994,216289195,2025-01-13 15:14:52,2025-01-13 15:33:15,1103,Incoming
777,21650282869,216393702,2025-01-13 14:47:20,2025-01-13 14:50:35,195,Incoming
778,21650987921,216630627,2025-01-13 14:20:06,2025-01-13 15:19:55,3589,Outgoing
779,21650917476,216113459,2025-01-13 13:32:57,2025-01-13 14:02:26,1769,Outgoing
780,21650584408,216992099,2025-01-13 14:42:10,2025-01-13 15:14:13,1923,Incoming
781,21650173519,216727385,2025-01-13 14:05:15,2025-01-13 14:28:21,1386,Incoming
782,21650785275,216939599,2025-01-13 13:38:42,2025-01-13 13:39:10,28,Incoming
783,21650983283,216926877,2025-01-13 13:51:00,2025-01-13 14:03:57,777,Incoming
784,21650994236,216352723,2025-01-13 15:11:11,2025-01-13 15:39:38,1707,Incoming
785,21650499315,216825500,2025-01-13 15:06:58,2025-01-13 15:43:45,2207,Outgoing
786,21650972548,216703148,2025-01-13 14:38:23,2025-01-13 15:05:09,1606,Incoming
787,21650560870,216523497,2025-01-13 14:27:59,2025-01-13 14:32:35,276,Incoming
788,21650250241,216309856,2025-01-13 14:50:19,2025-01-13 15:10:31,1212,Outgoing
789,21650119978,216193880,2025-01-13 13:42:54,2025-01-13 14:22:31,2377,Incoming
790,21650123262,216670941,2025-01-13 14:57:23,2025-01-13 15:42:52,2729,Outgoing
791,21650689707,216138133,2025-01-13 13:42:25,2025-01-13 13:58:01,936,Incoming
792,21650453147,216609777,2025-01-13 14:46:50,2025-01-13 15:25:56,2346,Incoming
793,21650674043,216228415,2025-01-13 14:56:22,2025-01-13 15:34:51,2309,Outgoing
794,21650573284,216113196,2025-01-13 13:57:25,2025-01-13 14:51:43,3258,Incoming
795,21650354560,216974383,2025-01-13 14:24:21,2025-01-13 14:42:53,1112,Outgoing
796,21650754105,216954601,2025-01-13 14:56:43,2025-01-13 15:14:07,1044,Incoming
797,21650740032,216959977,2025-01-13 13:55:27,2025-01-13 14:46:48,3081,Incoming
798,21650812657,216835995,2025-01-13 13:35:16,2025-01-13 14:09:43,2067,Incoming
799,21650105585,216128762,2025-01-13 13:45:48,2025-01-13 14:15:41,1793,Incoming
800,21650840848,216897705,2025-01-13 15:16:06,2025-01-13 15:20:58,292,Outgoing
801,21650266680,216382499,2025-01-13 14:37:42,2025-01-13 14:50:28,766,Outgoing
802,21650100216,216298973,2025-01-13 14:17:08,2025-01-13 14:32:37,929,Outgoing
803,21650226194,216603118,2025-01-13 13:37:25,2025-01-13 14:29:20,3115,Incoming
804,21650525082,216682325,2025-01-13 14:31:35,2025-01-13 15:05:56,2061,Outgoing
805,21650167956,216808944,2025-01-13 14:36:23,2025-01-13 15:09:39,1996,Incoming
806,21650878923,216240045,2025-01-13 14:46:58,2025-01-13 15:11:31,1473,Outgoing
807,21650819400,216504958,2025-01-13 14:28:22,2025-01-13 15:17:41,2959,Outgoing
808,21650307487,216644255,2025-01-13 13:51:19,2025-01-13 14:36:56,2737,Incoming
809,21650690876,216353120,2025-01-13 13:47:20,2025-01-13 14:03:11,951,Outgoing
810,21650744103,216811933,2025-01-13 13:34:40,2025-01-13 13:58:49,1449,Incoming
811,21650412116,216497337,2025-01-13 13:51:21,2025-01-13 14:15:51,1470,Outgoing
812,21650194326,216945189,2025-01-13 14:42:37,2025-01-13 15:10:36,1679,Outgoing
813,21650435034,216448233,2025-01-13 15:01:01,2025-01-13 15:51:57,3056,Incoming
814,21650981287,216410052,2025-01-13 13:44:41,2025-01-13 14:01:53,1032,Incoming
815,21650403729,216936984,2025-01-13 13:41:47,2025-01-13 14:25:40,2633,Outgoing
816,21650818912,216873516,2025-01-13 13:37:02,2025-01-13 14:07:10,1808,Outgoing
817,21650247712,216635648,2025-01-13 14:22:41,2025-01-13 15:07:53,2712,Outgoing
818,21650978986,216419772,2025-01-13 14:33:59,2025-01-13 14:42:23,504,Incoming
819,21650907995,216656489,2025-01-13 14:17:38,2025-01-13 15:17:26,3588,Incoming
820,21650932191,216317531,2025-01-13 14:19:25,2025-01-13 14:53:58,2073,Outgoing
821,21650564833,216306831,2025-01-13 14:11:16,2025-01-13 14:13:06,110,Outgoing
822,21650819118,216107137,2025-01-13 14:24:58,2025-01-13 15:19:41,3283,Outgoing
823,21650988106,216581401,2025-01-13 13:36:04,2025-01-13 13:37:46,102,Outgoing
824,21650849706,216323245,2025-01-13 15:07:40,2025-01-13 15:17:06,566,Incoming
825,21650998245,216625104,2025-01-13 13:59:50,2025-01-13 14:13:51,841,Outgoing
826,21650478444,216667406,2025-01-13 14:41:11,2025-01-13 14:42:25,74,Outgoing
827,21650563301,216322898,2025-01-13 14:17:48,2025-01-13 14:19:11,83,Outgoing
828,21650930672,216497151,2025-01-13 14:56:07,2025-01-13 15:29:52,2025,Incoming
829,21650202836,216124734,2025-01-13 15:17:52,2025-01-13 16:16:08,3496,Incoming
830,21650982324,216606211,2025-01-13 14:04:07,2025-01-13 14:08:13,246,Incoming
831,21650932694,216328827,2025-01-13 13:47:26,2025-01-13 14:14:46,1640,Incoming
832,21650976517,216202219,2025-01-13 13:32:38,2025-01-13 14:17:19,2681,Incoming
833,21650859536,216464814,2025-01-13 14:15:16,2025-01-13 14:38:42,1406,Incoming
834,21650579738,216957184,2025-01-13 13:48:52,2025-01-13 14:10:41,1309,Incoming
835,21650689581,216754682,2025-01-13 14:07:01,2025-01-13 14:47:46,2445,Outgoing
836,21650374713,216286385,2025-01-13 13:41:05,2025-01-13 14:17:56,2211,Outgoing
837,21650248483,216943440,2025-01-13 14:32:52,2025-01-13 14:53:35,1243,Outgoing
838,21650412397,216958540,2025-01-13 14:01:58,2025-01-13 14:16:34,876,Outgoing
839,21650634344,216864322,2025-01-13 13:31:47,2025-01-13 13:57:01,1514,Incoming
840,21650936162,216622337,2025-01-13 15:08:18,2025-01-13 15:39:10,1852,Incoming
841,21650843148,216313987,2025-01-13 13:48:45,2025-01-13 13:59:37,652,Incoming
842,21650242883,216267146,2025-01-13 13:37:48,2025-01-13 14:24:22,2794,Incoming
843,21650551978,216981213,2025-01-13 14:59:56,2025-01-13 15:18:17,1101,Incoming
844,21650173201,216534186,2025-01-13 14:06:39,2025-01-13 14:46:30,2391,Incoming
845,21650384553,216518393,2025-01-13 14:55:52,2025-01-13 15:30:24,2072,Outgoing
846,21650415556,216865396,2025-01-13 15:11:10,2025-01-13 15:35:37,1467,Incoming
847,21650330514,216323574,2025-01-13 14:17:22,2025-01-13 14:51:43,2061,Incoming
848,21650407400,216952213,2025-01-13 15:19:49,2025-01-13 16:07:48,2879,Outgoing
849,21650601680,216309945,2025-01-13 14:18:32,2025-01-13 14:46:22,1670,Incoming
850,21650642043,216873409,2025-01-13 14:07:42,2025-01-13 15:03:17,3335,Outgoing
851,21650452545,216636635,2025-01-13 14:42:27,2025-01-13 14:57:05,878,Outgoing
852,21650309876,216213972,2025-01-13 14:57:39,2025-01-13 15:43:18,2739,Outgoing
853,21650220172,216934029,2025-01-13 14:01:36,2025-01-13 14:07:12,336,Outgoing
854,21650119737,216119211,2025-01-13 14:41:58,2025-01-13 14:59:48,1070,Outgoing
855,21650521955,216357078,2025-01-13 14:30:45,2025-01-13 14:43:04,739,Incoming
856,21650161381,216118778,2025-01-13 13:29:01,2025-01-13 13:46:15,1034,Outgoing
857,21650577543,216510494,2025-01-13 13:57:05,2025-01-13 14:08:05,660,Outgoing
858,21650615416,216384764,2025-01-13 15:20:56,2025-01-13 15:36:23,927,Outgoing
859,21650300019,216726502,2025-01-13 13:53:53,2025-01-13 14:13:35,1182,Outgoing
860,21650884029,216283910,2025-01-13 14:00:40,2025-01-13 14:00:54,14,Incoming
861,21650224588,216848670,2025-01-13 15:12:02,2025-01-13 15:14:54,172,Incoming
862,21650717630,216651933,2025-01-13 13:47:49,2025-01-13 14:04:42,1013,Outgoing
863,21650943614,216909163,2025-01-13 14:25:57,2025-01-13 14:28:41,164,Outgoing
864,21650909997,216339949,2025-01-13 13:29:57,2025-01-13 14:03:30,2013,Incoming
865,21650347090,216845069,2025-01-13 13:40:46,2025-01-13 14:39:43,3537,Outgoing
866,21650658615,216357244,2025-01-13 13:29:10,2025-01-13 13:35:54,404,Outgoing
867,21650663169,216892421,2025-01-13 13:48:40,2025-01-13 14:09:20,1240,Incoming
868,21650666389,216608102,2025-01-13 13:39:42,2025-01-13 13:52:59,797,Incoming
869,21650352588,216401026,2025-01-13 15:01:18,2025-01-13 16:00:47,3569,Outgoing
870,21650557176,216532781,2025-01-13 13:53:24,2025-01-13 14:22:09,1725,Incoming
871,21650451787,216820646,2025-01-13 14:53:00,2025-01-13 15:23:11,1811,Outgoing
872,21650700374,216996659,2025-01-13 13:50:24,2025-01-13 14:05:46,922,Outgoing
873,21650233979,216365594,2025-01-13 14:16:36,2025-01-13 15:03:42,2826,Incoming
874,21650201625,216365402,2025-01-13 13:30:31,2025-01-13 13:49:05,1114,Outgoing
875,21650361879,216552077,2025-01-13 13:43:35,2025-01-13 14:11:43,1688,Incoming
876,21650590680,216124447,2025-01-13 14:56:38,2025-01-13 15:10:31,833,Outgoing
877,21650729836,216439773,2025-01-13 15:01:49,2025-01-13 15:45:05,2596,Outgoing
878,21650971215,216554134,2025-01-13 14:59:49,2025-01-13 15:22:41,1372,Incoming
879,21650618354,216113419,2025-01-13 14:00:01,2025-01-13 14:13:50,829,Incoming
880,21650502250,216840925,2025-01-13 14:34:19,2025-01-13 15:05:39,1880,Outgoing
881,21650472056,216486418,2025-01-13 15:17:20,2025-01-13 16:09:31,3131,Incoming
882,21650819018,216219605,2025-01-13 14:09:02,2025-01-13 14:33:49,1487,Outgoing
883,21650143593,216821192,2025-01-13 13:38:20,2025-01-13 14:27:40,2960,Incoming
884,21650283367,216176829,2025-01-13 15:09:54,2025-01-13 15:49:43,2389,Outgoing
885,21650101447,216918180,2025-01-13 13:45:26,2025-01-13 13:49:33,247,Incoming
886,21650204375,216446749,2025-01-13 13:29:40,2025-01-13 14:25:36,3356,Outgoing
887,21650181395,216838583,2025-01-13 14:34:13,2025-01-13 15:02:38,1705,Incoming
888,21650872160,216629578,2025-01-13 15:00:18,2025-01-13 15:33:52,2014,Incoming
889,21650765086,216781233,2025-01-13 13:54:15,2025-01-13 14:09:58,943,Outgoing
890,21650577793,216241998,2025-01-13 13:32:02,2025-01-13 13:32:32,30,Incoming
891,21650396634,216284542,2025-01-13 15:23:51,2025-01-13 16:15:18,3087,Outgoing
892,21650264565,216617389,2025-01-13 13:56:49,2025-01-13 14:02:33,344,Incoming
893,21650460274,216218345,2025-01-13 15:13:05,2025-01-13 15:40:51,1666,Outgoing
894,21650471340,216178445,2025-01-13 13:45:14,2025-01-13 14:06:40,1286,Incoming
895,21650689086,216284718,2025-01-13 13:58:01,2025-01-13 14:50:58,3177,Outgoing
896,21650344645,216335733,2025-01-13 14:21:33,2025-01-13 14:59:55,2302,Outgoing
897,21650333976,216893019,2025-01-13 15:18:21,2025-01-13 15:47:25,1744,Outgoing
898,21650198222,216579531,2025-01-13 14:06:30,2025-01-13 14:14:28,478,Incoming
899,21650143232,216624637,2025-01-13 14:02:23,2025-01-13 14:34:44,1941,Incoming
900,21650198381,216993224,2025-01-13 15:10:54,2025-01-13 15:12:26,92,Incoming
901,21650511669,216769612,2025-01-13 14:12:53,2025-01-13 14:30:44,1071,Outgoing
902,21650100375,216741208,2025-01-13 14:21:39,2025-01-13 14:36:08,869,Outgoing
903,21650815183,216617975,2025-01-13 14:15:16,2025-01-13 14:44:01,1725,Outgoing
904,21650309998,216844614,2025-01-13 13:57:03,2025-01-13 14:28:42,1899,Incoming
905,21650479477,216934591,2025-01-13 14:45:10,2025-01-13 15:23:04,2274,Outgoing
906,21650580520,216331040,2025-01-13 15:01:27,2025-01-13 15:17:20,953,Outgoing
907,21650669407,216939683,2025-01-13 15:20:18,2025-01-13 15:43:54,1416,Outgoing
908,21650336096,216613659,2025-01-13 15:13:49,2025-01-13 15:39:15,1526,Outgoing
909,21650377910,216419242,2025-01-13 15:18:55,2025-01-13 16:10:00,3065,Outgoing
910,21650154549,216541246,2025-01-13 15:11:52,2025-01-13 16:02:14,3022,Incoming
911,21650106182,216253861,2025-01-13 14:29:18,2025-01-13 14:52:09,1371,Outgoing
912,21650692845,216811765,2025-01-13 14:24:12,2025-01-13 14:49:42,1530,Outgoing
913,21650296528,216217895,2025-01-13 14:34:27,2025-01-13 15:31:06,3399,Incoming
914,21650735363,216366478,2025-01-13 14:47:40,2025-01-13 15:47:06,3566,Outgoing
915,21650366859,216937993,2025-01-13 14:45:04,2025-01-13 15:43:56,3532,Incoming
916,21650102983,216189382,2025-01-13 14:32:17,2025-01-13 15:05:30,1993,Incoming
917,21650217817,216260535,2025-01-13 13:33:00,2025-01-13 13:59:03,1563,Outgoing
918,21650357580,216542872,2025-01-13 13:54:38,2025-01-13 14:27:59,2001,Incoming
919,21650803921,216327929,2025-01-13 14:53:20,2025-01-13 15:07:44,864,Outgoing
920,21650575427,216924616,2025-01-13 14:30:49,2025-01-13 15:23:04,3135,Incoming
921,21650422370,216648836,2025-01-13 14:30:17,2025-01-13 14:39:06,529,Outgoing
922,21650112112,216633651,2025-01-13 14:45:35,2025-01-13 14:47:51,136,Outgoing
923,21650705021,216997054,2025-01-13 14:39:22,2025-01-13 15:37:39,3497,Outgoing
924,21650286730,216598450,2025-01-13 14:29:37,2025-01-13 15:20:50,3073,Outgoing
925,21650309542,216393609,2025-01-13 13:32:46,2025-01-13 13:52:49,1203,Incoming
926,21650628675,216301108,2025-01-13 13:48:28,2025-01-13 13:52:23,235,Incoming
927,21650182838,216407705,2025-01-13 13:34:37,2025-01-13 14:23:54,2957,Outgoing
928,21650680620,216747695,2025-01-13 14:59:26,2025-01-13 15:05:59,393,Outgoing
929,21650321929,216547595,2025-01-13 13:41:58,2025-01-13 14:36:49,3291,Outgoing
930,21650185343,216224001,2025-01-13 14:59:19,2025-01-13 15:17:44,1105,Incoming
931,21650104495,216275483,2025-01-13 14:59:00,2025-01-13 15:53:16,3256,Outgoing
932,21650512411,216925701,2025-01-13 13:37:03,2025-01-13 14:29:56,3173,Incoming
933,21650769496,216575451,2025-01-13 14:22:23,2025-01-13 15:22:03,3580,Outgoing
934,21650987853,216828286,2025-01-13 13:32:39,2025-01-13 14:12:13,2374,Outgoing
935,21650757794,216107208,2025-01-13 14:21:27,2025-01-13 15:11:12,2985,Incoming
936,21650607500,216232166,2025-01-13 13:47:44,2025-01-13 13:52:18,274,Incoming
937,21650124524,216662268,2025-01-13 14:10:02,2025-01-13 14:14:05,243,Outgoing
938,21650737309,216362658,2025-01-13 13:59:08,2025-01-13 14:04:42,334,Outgoing
939,21650396785,216694343,2025-01-13 15:08:21,2025-01-13 16:07:47,3566,Incoming
940,21650389443,216138638,2025-01-13 15:06:59,2025-01-13 15:16:39,580,Outgoing
941,21650767622,216909225,2025-01-13 13:32:12,2025-01-13 14:21:59,2987,Incoming
942,21650804739,216938678,2025-01-13 13:36:02,2025-01-13 14:20:25,2663,Outgoing
943,21650836044,216945382,2025-01-13 14:06:06,2025-01-13 14:34:49,1723,Outgoing
944,21650520300,216884450,2025-01-13 13:48:19,2025-01-13 14:35:28,2829,Outgoing
945,21650961084,216161778,2025-01-13 14:25:12,2025-01-13 15:02:51,2259,Outgoing
946,21650729890,216670632,2025-01-13 14:40:13,2025-01-13 15:34:58,3285,Outgoing
947,21650553496,216717998,2025-01-13 15:06:24,2025-01-13 15:13:15,411,Incoming
948,21650521863,216863804,2025-01-13 14:13:54,2025-01-13 14:25:19,685,Incoming
949,21650826519,216253745,2025-01-13 13:59:09,2025-01-13 14:12:22,793,Incoming
950,21650161524,216635230,2025-01-13 14:17:45,2025-01-13 14:51:24,2019,Outgoing
951,21650658900,216972429,2025-01-13 13:42:44,2025-01-13 14:04:35,1311,Incoming
952,21650901311,216220905,2025-01-13 13:41:20,2025-01-13 13:48:46,446,Outgoing
953,21650535632,216374181,2025-01-13 14:32:05,2025-01-13 14:53:07,1262,Incoming
954,21650217355,216933023,2025-01-13 14:38:33,2025-01-13 15:13:41,2108,Outgoing
955,21650396769,216573947,2025-01-13 14:05:44,2025-01-13 14:31:52,1568,Outgoing
956,21650552449,216979574,2025-01-13 15:00:41,2025-01-13 15:06:09,328,Outgoing
957,21650749808,216957941,2025-01-13 14:19:19,2025-01-13 14:21:30,131,Incoming
958,21650265031,216826325,2025-01-13 14:17:33,2025-01-13 14:23:29,356,Incoming
959,21650220951,216375324,2025-01-13 15:00:13,2025-01-13 15:08:56,523,Incoming
960,21650474488,216942389,2025-01-13 13:49:23,2025-01-13 14:08:03,1120,Outgoing
961,21650817246,216878533,2025-01-13 14:19:08,2025-01-13 15:00:34,2486,Outgoing
962,21650551403,216583710,2025-01-13 14:00:19,2025-01-13 14:40:38,2419,Outgoing
963,21650902819,216953489,2025-01-13 14:09:51,2025-01-13 14:52:20,2549,Outgoing
964,21650328057,216162340,2025-01-13 15:17:47,2025-01-13 16:12:22,3275,Incoming
965,21650639407,216767036,2025-01-13 15:12:30,2025-01-13 15:26:46,856,Outgoing
966,21650248382,216386369,2025-01-13 13:50:48,2025-01-13 14:11:13,1225,Outgoing
967,21650181241,216114363,2025-01-13 13:31:10,2025-01-13 13:42:32,682,Incoming
968,21650620795,216580804,2025-01-13 14:07:57,2025-01-13 14:29:31,1294,Incoming
969,21650429343,216151898,2025-01-13 14:28:19,2025-01-13 15:07:45,2366,Incoming
970,21650406961,216983180,2025-01-13 13:52:12,2025-01-13 14:04:01,709,Incoming
971,21650986138,216468186,2025-01-13 13:43:24,2025-01-13 14:20:56,2252,Incoming
972,21650935617,216962801,2025-01-13 13:58:19,2025-01-13 14:48:59,3040,Outgoing
973,21650420546,216740587,2025-01-13 15:04:55,2025-01-13 15:46:20,2485,Incoming
974,21650263572,216580334,2025-01-13 14:09:12,2025-01-13 15:03:27,3255,Outgoing
975,21650994858,216696539,2025-01-13 13:33:27,2025-01-13 14:28:53,3326,Outgoing
976,21650211783,216629644,2025-01-13 15:08:50,2025-01-13 15:13:08,258,Outgoing
977,21650576323,216304260,2025-01-13 13:53:53,2025-01-13 14:41:11,2838,Outgoing
978,21650615852,216391903,2025-01-13 14:30:23,2025-01-13 14:41:28,665,Outgoing
979,21650729602,216929635,2025-01-13 14:30:13,2025-01-13 14:46:15,962,Incoming
980,21650328865,216171100,2025-01-13 14:35:56,2025-01-13 15:27:55,3119,Incoming
981,21650441975,216530870,2025-01-13 14:29:28,2025-01-13 15:19:46,3018,Incoming
982,21650722725,216932661,2025-01-13 14:33:56,2025-01-13 15:00:52,1616,Incoming
983,21650188324,216332633,2025-01-13 14:25:03,2025-01-13 14:45:34,1231,Outgoing
984,21650668226,216526582,2025-01-13 13:45:32,2025-01-13 13:48:07,155,Outgoing
985,21650557286,216714451,2025-01-13 15:15:48,2025-01-13 16:03:03,2835,Incoming
986,21650140369,216860240,2025-01-13 14:19:06,2025-01-13 14:53:04,2038,Incoming
987,21650167276,216303665,2025-01-13 15:08:00,2025-01-13 15:08:58,58,Incoming
988,21650209870,216201788,2025-01-13 15:18:56,2025-01-13 15:57:38,2322,Outgoing
989,21650844456,216555035,2025-01-13 14:57:58,2025-01-13 15:47:52,2994,Outgoing
990,21650928593,216328658,2025-01-13 14:29:36,2025-01-13 14:51:48,1332,Outgoing
991,21650141267,216745847,2025-01-13 14:25:17,2025-01-13 14:46:05,1248,Incoming
992,21650182565,216109612,2025-01-13 14:28:35,2025-01-13 15:10:22,2507,Outgoing
993,21650179583,216599002,2025-01-13 13:32:46,2025-01-13 13:58:44,1558,Outgoing
994,21650661590,216733453,2025-01-13 13:54:02,2025-01-13 14:12:24,1102,Outgoing
995,21650893793,216450334,2025-01-13 14:26:00,2025-01-13 14:56:45,1845,Outgoing
996,21650972186,216868525,2025-01-13 14:31:24,2025-01-13 14:38:20,416,Outgoing
997,21650668611,216310310,2025-01-13 13:48:26,2025-01-13 14:05:13,1007,Outgoing
998,21650683806,216990001,2025-01-13 14:53:37,2025-01-13 15:52:29,3532,Incoming
999,21650970049,216772229,2025-01-13 13:29:23,2025-01-13 14:01:05,1902,Outgoing
1000,21650815241,216736240,2025-01-13 13:54:23,2025-01-13 14:22:43,1700,Outgoing
